{
  "version": "4.5.6",
  "flags": {},
  "shapes": [
    {
      "label": "glass01",
      "points": [
        [
          219.39153439153438,
          217.98941798941797
        ],
        [
          511,
          119
        ],
        [
          511,
          363
        ],
        [
          498.75661375661366,
          361.37566137566137
        ],
        [
          505.6349206349206,
          344.97354497354496
        ],
        [
          479.7089947089946,
          321.69312169312167
        ],
        [
          460.6613756613756,
          324.86772486772486
        ],
        [
          447.96296296296293,
          339.15343915343914
        ],
        [
          425.74074074074076,
          342.85714285714283
        ],
        [
          433.6772486772486,
          333.8624338624338
        ],
        [
          332.0899470899471,
          315.34391534391534
        ],
        [
          282.3544973544973,
          339.68253968253964
        ],
        [
          286.58730158730157,
          324.86772486772486
        ],
        [
          271.77248677248673,
          319.57671957671954
        ],
        [
          261.7195767195767,
          304.2328042328042
        ],
        [
          217.80423280423275,
          295.76719576719574
        ]
      ],
      "group_id": null,
      "shape_type": "polygon",
      "flags": {}
    },
    {
      "label": "wood01",
      "points": [
        [
          128.38624338624336,
          384.65608465608466
        ],
        [
          128.38624338624336,
          510.5820105820105
        ],
        [
          222.56613756613757,
          510.05291005291
        ],
        [
          412.51322751322743,
          367.7248677248677
        ],
        [
          411.4550264550264,
          356.08465608465605
        ],
        [
          314.6296296296296,
          332.27513227513225
        ],
        [
          276.5343915343915,
          342.85714285714283
        ],
        [
          278.1216931216931,
          364.5502645502645
        ],
        [
          308.28042328042324,
          370.8994708994709
        ],
        [
          301.40211640211635,
          397.8835978835979
        ],
        [
          258.015873015873,
          389.4179894179894
        ],
        [
          254.84126984126982,
          350.2645502645502
        ],
        [
          231.56084656084653,
          357.1428571428571
        ],
        [
          232.6190476190476,
          369.8412698412698
        ],
        [
          206.16402116402116,
          377.77777777777777
        ],
        [
          200.34391534391534,
          364.5502645502645
        ]
      ],
      "group_id": null,
      "shape_type": "polygon",
      "flags": {}
    },
    {
      "label": "fabric01",
      "points": [
        [
          325.2116402116402,
          485.18518518518516
        ],
        [
          340.55555555555554,
          506.3492063492063
        ],
        [
          447.4338624338624,
          508.99470899470896
        ],
        [
          504.04761904761904,
          344.4444444444444
        ],
        [
          476.5343915343915,
          320.1058201058201
        ],
        [
          454.3121693121693,
          332.27513227513225
        ],
        [
          445.31746031746025,
          353.9682539682539
        ],
        [
          422.5661375661375,
          415.87301587301585
        ],
        [
          389.2328042328042,
          399.47089947089944
        ],
        [
          380.76719576719574,
          400.0
        ],
        [
          378.1216931216931,
          415.87301587301585
        ],
        [
          351.1375661375661,
          442.85714285714283
        ],
        [
          336.85185185185185,
          437.5661375661375
        ],
        [
          320.44973544973544,
          455.026455026455
        ]
      ],
      "group_id": null,
      "shape_type": "polygon",
      "flags": {}
    },
    {
      "label": "fabric02",
      "points": [
        [
          162.2486772486772,
          328.042328042328
        ],
        [
          163.83597883597884,
          374.6031746031746
        ],
        [
          200.34391534391534,
          362.96296296296293
        ],
        [
          198.2275132275132,
          317.989417989418
        ]
      ],
      "group_id": null,
      "shape_type": "polygon",
      "flags": {}
    },
    {
      "label": "fabric03",
      "points": [
        [
          235.26455026455022,
          317.4603174603174
        ],
        [
          233.14814814814815,
          353.9682539682539
        ],
        [
          252.7248677248677,
          349.7354497354497
        ],
        [
          254.84126984126982,
          332.27513227513225
        ],
        [
          262.77777777777777,
          324.3386243386243
        ],
        [
          260.1322751322751,
          310.5820105820106
        ]
      ],
      "group_id": null,
      "shape_type": "polygon",
      "flags": {}
    },
    {
      "label": "plastic01",
      "points": [
        [
          257.48677248677245,
          331.2169312169312
        ],
        [
          263.3068783068783,
          386.2433862433862
        ],
        [
          300.34391534391534,
          393.6507936507936
        ],
        [
          306.69312169312167,
          368.78306878306876
        ],
        [
          277.59259259259255,
          363.4920634920635
        ],
        [
          273.88888888888886,
          321.16402116402116
        ]
      ],
      "group_id": null,
      "shape_type": "polygon",
      "flags": {}
    },
    {
      "label": "plastic02",
      "points": [
        [
          103.5185185185185,
          337.037037037037
        ],
        [
          115.68783068783068,
          361.90476190476187
        ],
        [
          135.79365079365078,
          359.25925925925924
        ],
        [
          144.25925925925924,
          345.50264550264546
        ],
        [
          140.026455026455,
          330.6878306878307
        ],
        [
          120.44973544973544,
          330.1587301587301
        ]
      ],
      "group_id": null,
      "shape_type": "polygon",
      "flags": {}
    },
    {
      "label": "fabric04",
      "points": [
        [
          101.40211640211638,
          312.16931216931215
        ],
        [
          106.69312169312167,
          335.97883597883595
        ],
        [
          119.92063492063491,
          327.5132275132275
        ],
        [
          145.3174603174603,
          333.3333333333333
        ],
        [
          146.37566137566137,
          325.9259259259259
        ],
        [
          181.2962962962963,
          323.28042328042324
        ],
        [
          182.88359788359787,
          308.46560846560845
        ],
        [
          179.17989417989418,
          301.05820105820106
        ],
        [
          158.015873015873,
          297.3544973544973
        ],
        [
          136.85185185185185,
          302.64550264550263
        ],
        [
          122.56613756613754,
          298.94179894179894
        ],
        [
          109.33862433862433,
          304.76190476190476
        ],
        [
          111.45502645502643,
          308.99470899470896
        ]
      ],
      "group_id": null,
      "shape_type": "polygon",
      "flags": {}
    }
  ],
  "imagePath": "199.jpg",
  "imageData": "",
  "imageHeight": 512,
  "imageWidth": 512
}
