{
  "version": "4.5.6",
  "flags": {},
  "shapes": [
    {
      "label": "fabric01",
      "points": [
        [
          117.27513227513225,
          132.27513227513228
        ],
        [
          136.32275132275132,
          230.68783068783068
        ],
        [
          160.13227513227514,
          323.28042328042324
        ],
        [
          160.13227513227514,
          374.0740740740741
        ],
        [
          119.92063492063491,
          388.35978835978835
        ]
      ],
      "group_id": null,
      "shape_type": "polygon",
      "flags": {}
    },
    {
      "label": "fabric02",
      "points": [
        [
          272.8306878306878,
          136.5079365079365
        ],
        [
          261.7195767195767,
          279.8941798941799
        ],
        [
          256.95767195767195,
          348.14814814814815
        ],
        [
          312.5132275132275,
          344.97354497354496
        ],
        [
          309.3386243386243,
          135.44973544973544
        ]
      ],
      "group_id": null,
      "shape_type": "polygon",
      "flags": {}
    },
    {
      "label": "glass01",
      "points": [
        [
          120.44973544973544,
          132.27513227513228
        ],
        [
          147.43386243386243,
          280.4232804232804
        ],
        [
          156.95767195767195,
          280.4232804232804
        ],
        [
          156.95767195767195,
          133.33333333333331
        ]
      ],
      "group_id": null,
      "shape_type": "polygon",
      "flags": {}
    },
    {
      "label": "glass02",
      "points": [
        [
          167.01058201058197,
          133.33333333333331
        ],
        [
          169.65608465608466,
          282.01058201058197
        ],
        [
          255.89947089947088,
          279.8941798941799
        ],
        [
          255.37037037037032,
          135.44973544973544
        ]
      ],
      "group_id": null,
      "shape_type": "polygon",
      "flags": {}
    },
    {
      "label": "glass03",
      "points": [
        [
          168.5978835978836,
          292.59259259259255
        ],
        [
          169.65608465608466,
          372.48677248677245
        ],
        [
          176.5343915343915,
          372.48677248677245
        ],
        [
          179.17989417989418,
          352.9100529100529
        ],
        [
          256.95767195767195,
          346.5608465608465
        ],
        [
          255.89947089947088,
          289.4179894179894
        ]
      ],
      "group_id": null,
      "shape_type": "polygon",
      "flags": {}
    },
    {
      "label": "wood01",
      "points": [
        [
          397.1693121693121,
          278.3068783068783
        ],
        [
          391.87830687830683,
          340.7407407407407
        ],
        [
          511,
          396
        ],
        [
          511,
          311
        ]
      ],
      "group_id": null,
      "shape_type": "polygon",
      "flags": {}
    },
    {
      "label": "fabric03",
      "points": [
        [
          181.8253968253968,
          352.9100529100529
        ],
        [
          177.06349206349205,
          371.95767195767195
        ],
        [
          169.65608465608466,
          494.7089947089947
        ],
        [
          178,
          511
        ],
        [
          498.2275132275132,
          510.05291005291
        ],
        [
          500.34391534391534,
          436.5079365079365
        ],
        [
          511,
          429
        ],
        [
          511,
          393
        ],
        [
          392.4074074074074,
          340.2116402116402
        ]
      ],
      "group_id": null,
      "shape_type": "polygon",
      "flags": {}
    }
  ],
  "imagePath": "66.jpg",
  "imageData": "",
  "imageHeight": 512,
  "imageWidth": 512
}
