{
  "version": "3.20.1",
  "flags": {},
  "shapes": [
    {
      "label": "fabric01",
      "line_color": null,
      "fill_color": null,
      "points": [
        [
          294.4130434782609,
          92.93478260869564
        ],
        [
          318.3260869565217,
          86.41304347826086
        ],
        [
          509.63043478260863,
          40.21739130434782
        ],
        [
          511,
          352
        ],
        [
          510.17391304347825,
          408.15217391304344
        ],
        [
          459.63043478260863,
          403.2608695652174
        ],
        [
          458.5434782608695,
          444.02173913043475
        ],
        [
          393.86956521739125,
          415.7608695652174
        ],
        [
          397.13043478260863,
          383.15217391304344
        ],
        [
          445.5,
          362.5
        ],
        [
          445.5,
          349.45652173913044
        ],
        [
          325.39130434782606,
          315.7608695652174
        ],
        [
          321.04347826086956,
          309.2391304347826
        ],
        [
          312.89130434782606,
          308.15217391304344
        ],
        [
          305.8260869565217,
          305.9782608695652
        ],
        [
          304.73913043478257,
          297.2826086956522
        ],
        [
          288.4347826086956,
          286.95652173913044
        ],
        [
          294.95652173913044,
          275.54347826086956
        ],
        [
          294.4130434782609,
          266.30434782608694
        ],
        [
          293.3260869565217,
          252.17391304347825
        ]
      ],
      "shape_type": "polygon",
      "flags": {}
    },
    {
      "label": "wood01",
      "line_color": null,
      "fill_color": null,
      "points": [
        [
          303.65217391304344,
          331.52173913043475
        ],
        [
          308.0,
          362.5
        ],
        [
          351.47826086956525,
          386.95652173913044
        ],
        [
          360.17391304347825,
          386.4130434782609
        ],
        [
          358.5434782608695,
          414.67391304347825
        ],
        [
          354.195652173913,
          421.195652173913
        ],
        [
          308.0,
          440.2173913043478
        ],
        [
          303.1086956521739,
          441.30434782608694
        ],
        [
          267.23913043478257,
          419.5652173913043
        ],
        [
          266.15217391304344,
          406.52173913043475
        ],
        [
          255.82608695652175,
          409.23913043478257
        ],
        [
          228.65217391304344,
          391.30434782608694
        ],
        [
          228.10869565217388,
          453.80434782608694
        ],
        [
          232.45652173913044,
          454.3478260869565
        ],
        [
          232.45652173913044,
          442.9347826086956
        ],
        [
          253.10869565217388,
          438.5869565217391
        ],
        [
          252.56521739130432,
          476.0869565217391
        ],
        [
          256.9130434782609,
          476.6304347826087
        ],
        [
          258.54347826086956,
          465.2173913043478
        ],
        [
          267.23913043478257,
          460.3260869565217
        ],
        [
          266.695652173913,
          474.45652173913044
        ],
        [
          268.8695652173913,
          491.30434782608694
        ],
        [
          274.30434782608694,
          487.5
        ],
        [
          273.7608695652174,
          475.0
        ],
        [
          286.2608695652174,
          464.67391304347825
        ],
        [
          297.67391304347825,
          473.9130434782609
        ],
        [
          297.67391304347825,
          508.695652173913
        ],
        [
          303.65217391304344,
          509.78260869565213
        ],
        [
          305.8260869565217,
          501.6304347826087
        ],
        [
          334.6304347826087,
          490.7608695652174
        ],
        [
          331.9130434782609,
          503.2608695652174
        ],
        [
          327.02173913043475,
          508.695652173913
        ],
        [
          356.9130434782609,
          508.15217391304344
        ],
        [
          387.891304347826,
          495.1086956521739
        ],
        [
          397.13043478260863,
          492.39130434782606
        ],
        [
          404.7391304347826,
          486.4130434782609
        ],
        [
          396.0434782608695,
          469.02173913043475
        ],
        [
          393.32608695652175,
          400.0
        ],
        [
          384.63043478260863,
          404.89130434782606
        ],
        [
          385.71739130434776,
          388.5869565217391
        ],
        [
          443.86956521739125,
          359.7826086956522
        ],
        [
          442.2391304347826,
          351.0869565217391
        ],
        [
          332.45652173913044,
          315.7608695652174
        ],
        [
          335.7173913043478,
          327.17391304347825
        ],
        [
          334.0869565217391,
          334.7826086956522
        ],
        [
          329.195652173913,
          338.04347826086956
        ],
        [
          317.23913043478257,
          339.67391304347825
        ],
        [
          308.0,
          339.1304347826087
        ]
      ],
      "shape_type": "polygon",
      "flags": {}
    },
    {
      "label": "wood02",
      "line_color": null,
      "fill_color": null,
      "points": [
        [
          2.0217391304347814,
          323.9130434782609
        ],
        [
          2.0217391304347814,
          391.8478260869565
        ],
        [
          13.978260869565219,
          390.2173913043478
        ],
        [
          19.413043478260875,
          395.65217391304344
        ],
        [
          20.5,
          408.695652173913
        ],
        [
          24.847826086956502,
          492.39130434782606
        ],
        [
          35.17391304347825,
          491.8478260869565
        ],
        [
          33.0,
          374.45652173913044
        ],
        [
          44.413043478260875,
          370.65217391304344
        ]
      ],
      "shape_type": "polygon",
      "flags": {}
    },
    {
      "label": "fabric02",
      "line_color": null,
      "fill_color": null,
      "points": [
        [
          223.2173913043478,
          372.28260869565213
        ],
        [
          33.54347826086956,
          418.4782608695652
        ],
        [
          33.54347826086956,
          445.65217391304344
        ],
        [
          55.28260869565216,
          508.15217391304344
        ],
        [
          471.5869565217391,
          509.23913043478257
        ],
        [
          451.47826086956525,
          479.3478260869565
        ],
        [
          398.21739130434776,
          452.7173913043478
        ],
        [
          397.67391304347825,
          471.195652173913
        ],
        [
          409.0869565217391,
          483.695652173913
        ],
        [
          398.7608695652174,
          494.5652173913043
        ],
        [
          388.4347826086956,
          495.65217391304344
        ],
        [
          361.8043478260869,
          508.695652173913
        ],
        [
          321.04347826086956,
          510.86956521739125
        ],
        [
          333.0,
          489.1304347826087
        ],
        [
          306.3695652173913,
          498.36956521739125
        ],
        [
          305.28260869565213,
          508.15217391304344
        ],
        [
          297.67391304347825,
          504.3478260869565
        ],
        [
          299.30434782608694,
          475.54347826086956
        ],
        [
          288.9782608695652,
          465.2173913043478
        ],
        [
          277.5652173913043,
          474.45652173913044
        ],
        [
          274.30434782608694,
          473.9130434782609
        ],
        [
          274.8478260869565,
          487.5
        ],
        [
          266.695652173913,
          488.04347826086956
        ],
        [
          268.8695652173913,
          459.23913043478257
        ],
        [
          261.2608695652174,
          460.3260869565217
        ],
        [
          260.7173913043478,
          473.9130434782609
        ],
        [
          254.195652173913,
          477.7173913043478
        ],
        [
          253.65217391304344,
          442.39130434782606
        ],
        [
          233.54347826086956,
          445.1086956521739
        ],
        [
          233.54347826086956,
          457.0652173913043
        ],
        [
          224.30434782608694,
          452.7173913043478
        ],
        [
          225.39130434782606,
          430.9782608695652
        ],
        [
          225.93478260869563,
          392.9347826086956
        ]
      ],
      "shape_type": "polygon",
      "flags": {}
    }
  ],
  "lineColor": [
    0,
    255,
    0,
    128
  ],
  "fillColor": [
    255,
    0,
    0,
    128
  ],
  "imagePath": "..\\pic\\235.jpg",
  "imageData": "",
  "imageHeight": 512,
  "imageWidth": 512
}
