{
  "version": "4.5.6",
  "flags": {},
  "shapes": [
    {
      "label": "fabric01",
      "points": [
        [
          67.26903553299493,
          144.16243654822335
        ],
        [
          84.5279187817259,
          147.71573604060913
        ],
        [
          82.497461928934,
          107.61421319796955
        ],
        [
          140.87309644670052,
          121.8274111675127
        ],
        [
          166.253807106599,
          122.84263959390863
        ],
        [
          213.96954314720813,
          106.09137055837563
        ],
        [
          210.41624365482232,
          129.44162436548223
        ],
        [
          226.15228426395942,
          136.5482233502538
        ],
        [
          225.13705583756348,
          101.5228426395939
        ],
        [
          210.41624365482232,
          97.96954314720813
        ],
        [
          182.497461928934,
          104.56852791878173
        ],
        [
          141.38071065989848,
          97.96954314720813
        ],
        [
          77.92893401015229,
          98.98477157360406
        ]
      ],
      "group_id": null,
      "shape_type": "polygon",
      "flags": {}
    },
    {
      "label": "fabric02",
      "points": [
        [
          1.7868020304568546,
          259.8984771573604
        ],
        [
          88.58883248730965,
          271.06598984771574
        ],
        [
          75.89847715736042,
          298.47715736040607
        ],
        [
          86.55837563451777,
          394.4162436548223
        ],
        [
          13.969543147208128,
          404.56852791878174
        ],
        [
          10.923857868020306,
          380.2030456852792
        ],
        [
          1.2791878172588866,
          382.2335025380711
        ]
      ],
      "group_id": null,
      "shape_type": "polygon",
      "flags": {}
    },
    {
      "label": "fabric03",
      "points": [
        [
          88.08121827411168,
          269.5431472081218
        ],
        [
          74.88324873096448,
          298.47715736040607
        ],
        [
          86.0507614213198,
          395.43147208121826
        ],
        [
          106.86294416243655,
          395.43147208121826
        ],
        [
          119.04568527918781,
          463.9593908629442
        ],
        [
          478.4365482233503,
          416.751269035533
        ],
        [
          477.92893401015226,
          437.0558375634518
        ],
        [
          510.92385786802026,
          431.97969543147207
        ],
        [
          485.03553299492387,
          348.7309644670051
        ],
        [
          460.6700507614213,
          326.39593908629445
        ],
        [
          354.07106598984774,
          327.9187817258883
        ],
        [
          277.92893401015226,
          268.5279187817259
        ],
        [
          93.15736040609139,
          278.6802030456853
        ]
      ],
      "group_id": null,
      "shape_type": "polygon",
      "flags": {}
    },
    {
      "label": "fabric04",
      "points": [
        [
          275.39086294416245,
          263.9593908629442
        ],
        [
          353.56345177664974,
          328.4263959390863
        ],
        [
          470.82233502538077,
          324.3654822335025
        ],
        [
          354.07106598984774,
          256.34517766497464
        ],
        [
          336.81218274111677,
          253.80710659898477
        ],
        [
          295.6954314720812,
          255.32994923857868
        ]
      ],
      "group_id": null,
      "shape_type": "polygon",
      "flags": {}
    },
    {
      "label": "fabric05",
      "points": [
        [
          403.8172588832487,
          259.8984771573604
        ],
        [
          461.6852791878173,
          257.3604060913706
        ],
        [
          450.51776649746193,
          244.16243654822335
        ],
        [
          441.38071065989845,
          248.2233502538071
        ],
        [
          425.1370558375635,
          244.67005076142132
        ],
        [
          401.2791878172589,
          246.7005076142132
        ]
      ],
      "group_id": null,
      "shape_type": "polygon",
      "flags": {}
    },
    {
      "label": "fabric06",
      "points": [
        [
          102.29441624365484,
          476.1421319796954
        ],
        [
          119.04568527918781,
          463.9593908629442
        ],
        [
          479.4517766497462,
          415.73604060913704
        ],
        [
          476.9137055837564,
          437.0558375634518
        ],
        [
          490.61928934010155,
          436.5482233502538
        ],
        [
          411.43147208121826,
          472.5888324873097
        ],
        [
          391.6345177664975,
          468.02030456852793
        ],
        [
          391.1269035532995,
          481.21827411167516
        ],
        [
          381.98984771573606,
          482.2335025380711
        ],
        [
          380.46700507614213,
          477.66497461928935
        ],
        [
          360.16243654822335,
          477.15736040609136
        ],
        [
          357.6243654822335,
          489.84771573604064
        ],
        [
          350.01015228426394,
          483.75634517766497
        ],
        [
          340.8730964467005,
          486.8020304568528
        ],
        [
          327.6751269035533,
          494.9238578680203
        ],
        [
          319.5532994923858,
          491.3705583756345
        ],
        [
          290.61928934010155,
          496.4467005076142
        ],
        [
          280.46700507614213,
          502.53807106598987
        ],
        [
          255.08629441624367,
          496.4467005076142
        ],
        [
          214.47715736040607,
          501.01522842639594
        ],
        [
          211.43147208121826,
          509.6446700507614
        ],
        [
          126.15228426395939,
          508.6294416243655
        ],
        [
          118.53807106598984,
          489.84771573604064
        ],
        [
          108.38578680203045,
          491.8781725888325
        ]
      ],
      "group_id": null,
      "shape_type": "polygon",
      "flags": {}
    },
    {
      "label": "wood01",
      "points": [
        [
          2.8020304568527905,
          444.16243654822335
        ],
        [
          13.969543147208128,
          439.5939086294416
        ],
        [
          13.969543147208128,
          418.7817258883249
        ],
        [
          26.152284263959388,
          419.79695431472084
        ],
        [
          28.182741116751274,
          406.0913705583756
        ],
        [
          106.86294416243655,
          394.9238578680203
        ],
        [
          119.04568527918781,
          463.9593908629442
        ],
        [
          101.78680203045687,
          475.1269035532995
        ],
        [
          107.37055837563452,
          508.6294416243655
        ],
        [
          1.2791878172588866,
          510.1522842639594
        ]
      ],
      "group_id": null,
      "shape_type": "polygon",
      "flags": {}
    },
    {
      "label": "wood02",
      "points": [
        [
          338.33502538071065,
          218.78172588832487
        ],
        [
          338.33502538071065,
          253.80710659898477
        ],
        [
          355.0862944162437,
          255.83756345177665
        ],
        [
          400.7715736040609,
          285.78680203045684
        ],
        [
          400.26395939086296,
          276.6497461928934
        ],
        [
          441.8883248730965,
          273.0964467005076
        ],
        [
          441.8883248730965,
          293.9086294416244
        ],
        [
          468.7918781725889,
          313.1979695431472
        ],
        [
          505.84771573604064,
          305.5837563451777
        ],
        [
          506.3553299492386,
          218.78172588832487
        ],
        [
          484.0203045685279,
          211.6751269035533
        ],
        [
          461.6852791878173,
          214.21319796954316
        ],
        [
          459.6548223350254,
          209.64467005076142
        ],
        [
          444.4263959390863,
          212.69035532994923
        ],
        [
          445.4416243654822,
          236.5482233502538
        ],
        [
          462.70050761421317,
          258.3756345177665
        ],
        [
          403.8172588832487,
          260.4060913705584
        ],
        [
          400.7715736040609,
          246.19289340101523
        ],
        [
          399.24873096446703,
          225.38071065989848
        ],
        [
          385.03553299492387,
          217.25888324873097
        ],
        [
          375.8984771573604,
          220.81218274111674
        ],
        [
          359.6548223350254,
          221.8274111675127
        ],
        [
          353.56345177664974,
          216.751269035533
        ]
      ],
      "group_id": null,
      "shape_type": "polygon",
      "flags": {}
    },
    {
      "label": "glass01",
      "points": [
        [
          384.02030456852793,
          113.19796954314721
        ],
        [
          383.51269035532994,
          216.751269035533
        ],
        [
          400.7715736040609,
          223.85786802030458
        ],
        [
          401.78680203045684,
          241.62436548223351
        ],
        [
          439.3502538071066,
          237.56345177664974
        ],
        [
          443.4111675126903,
          122.84263959390863
        ],
        [
          432.751269035533,
          120.81218274111676
        ],
        [
          426.1522842639594,
          110.65989847715736
        ],
        [
          419.0456852791878,
          111.16751269035534
        ],
        [
          412.9543147208122,
          116.24365482233503
        ]
      ],
      "group_id": null,
      "shape_type": "polygon",
      "flags": {}
    },
    {
      "label": "glass02",
      "points": [
        [
          99.248730964467,
          119.79695431472081
        ],
        [
          101.27918781725887,
          174.61928934010152
        ],
        [
          203.8172588832487,
          171.5736040609137
        ],
        [
          200.7715736040609,
          116.751269035533
        ],
        [
          189.0964467005076,
          115.22842639593908
        ],
        [
          166.253807106599,
          122.84263959390863
        ],
        [
          141.38071065989848,
          122.33502538071066
        ],
        [
          111.43147208121829,
          115.22842639593908
        ]
      ],
      "group_id": null,
      "shape_type": "polygon",
      "flags": {}
    },
    {
      "label": "glass03",
      "points": [
        [
          96.20304568527919,
          189.34010152284264
        ],
        [
          99.248730964467,
          250.253807106599
        ],
        [
          211.93908629441626,
          241.62436548223351
        ],
        [
          207.37055837563452,
          185.27918781725887
        ]
      ],
      "group_id": null,
      "shape_type": "polygon",
      "flags": {}
    },
    {
      "label": "wood03",
      "points": [
        [
          21.076142131979694,
          213.7055837563452
        ],
        [
          12.954314720812178,
          228.93401015228426
        ],
        [
          13.969543147208128,
          237.05583756345177
        ],
        [
          22.09137055837563,
          231.9796954314721
        ],
        [
          37.319796954314725,
          241.62436548223351
        ],
        [
          87.57360406091371,
          242.13197969543148
        ],
        [
          94.68020304568529,
          229.44162436548223
        ],
        [
          94.17258883248732,
          207.61421319796955
        ],
        [
          81.98984771573603,
          206.5989847715736
        ],
        [
          73.36040609137055,
          217.25888324873097
        ],
        [
          48.99492385786803,
          218.78172588832487
        ],
        [
          48.99492385786803,
          213.7055837563452
        ]
      ],
      "group_id": null,
      "shape_type": "polygon",
      "flags": {}
    }
  ],
  "imagePath": "0f987b1.jpg",
  "imageData": "",
  "imageHeight": 512,
  "imageWidth": 512
}
