{
  "version": "3.20.1",
  "flags": {},
  "shapes": [
    {
      "label": "fabric01",
      "line_color": null,
      "fill_color": null,
      "points": [
        [
          71.58695652173913,
          22.82608695652174
        ],
        [
          81.91304347826085,
          40.76086956521739
        ],
        [
          84.63043478260869,
          29.34782608695652
        ],
        [
          86.26086956521738,
          19.02173913043478
        ],
        [
          90.06521739130432,
          27.173913043478258
        ],
        [
          98.21739130434781,
          37.5
        ],
        [
          99.8478260869565,
          26.630434782608695
        ],
        [
          103.65217391304344,
          19.565217391304348
        ],
        [
          108.54347826086956,
          33.69565217391304
        ],
        [
          110.17391304347825,
          35.326086956521735
        ],
        [
          119.95652173913044,
          19.565217391304348
        ],
        [
          122.13043478260869,
          51.086956521739125
        ],
        [
          126.47826086956519,
          69.56521739130434
        ],
        [
          124.30434782608694,
          83.69565217391305
        ],
        [
          125.93478260869563,
          87.5
        ],
        [
          111.80434782608694,
          88.58695652173913
        ],
        [
          76.47826086956522,
          143.47826086956522
        ],
        [
          67.78260869565216,
          140.76086956521738
        ],
        [
          63.434782608695656,
          134.78260869565216
        ],
        [
          65.6086956521739,
          86.95652173913044
        ],
        [
          70.5,
          64.13043478260869
        ]
      ],
      "shape_type": "polygon",
      "flags": {}
    },
    {
      "label": "fabric02",
      "line_color": null,
      "fill_color": null,
      "points": [
        [
          385.17391304347825,
          25.0
        ],
        [
          383.0,
          115.76086956521739
        ],
        [
          383.5434782608695,
          226.08695652173913
        ],
        [
          384.63043478260863,
          245.1086956521739
        ],
        [
          416.1521739130435,
          245.1086956521739
        ],
        [
          426.47826086956525,
          269.02173913043475
        ],
        [
          430.82608695652175,
          284.2391304347826
        ],
        [
          430.82608695652175,
          178.80434782608694
        ],
        [
          436.8043478260869,
          142.93478260869566
        ],
        [
          431.36956521739125,
          23.913043478260867
        ],
        [
          429.7391304347826,
          22.82608695652174
        ],
        [
          424.3043478260869,
          48.91304347826087
        ],
        [
          414.52173913043475,
          24.456521739130434
        ],
        [
          409.0869565217391,
          39.67391304347826
        ],
        [
          399.3043478260869,
          23.913043478260867
        ],
        [
          396.0434782608695,
          36.95652173913043
        ],
        [
          391.695652173913,
          23.369565217391305
        ]
      ],
      "shape_type": "polygon",
      "flags": {}
    },
    {
      "label": "glass01",
      "line_color": null,
      "fill_color": null,
      "points": [
        [
          308.0,
          64.13043478260869
        ],
        [
          311.2608695652174,
          245.65217391304347
        ],
        [
          365.0652173913044,
          243.47826086956522
        ],
        [
          366.1521739130435,
          77.17391304347825
        ]
      ],
      "shape_type": "polygon",
      "flags": {}
    },
    {
      "label": "glass02",
      "line_color": null,
      "fill_color": null,
      "points": [
        [
          132.45652173913044,
          71.19565217391305
        ],
        [
          132.45652173913044,
          86.41304347826086
        ],
        [
          164.52173913043475,
          86.95652173913044
        ],
        [
          211.80434782608694,
          150.54347826086956
        ],
        [
          154.195652173913,
          153.80434782608694
        ],
        [
          148.2173913043478,
          159.2391304347826
        ],
        [
          152.56521739130432,
          176.08695652173913
        ],
        [
          154.195652173913,
          166.8478260869565
        ],
        [
          174.8478260869565,
          169.02173913043478
        ],
        [
          161.80434782608694,
          183.69565217391303
        ],
        [
          169.41304347826087,
          196.7391304347826
        ],
        [
          184.6304347826087,
          204.89130434782606
        ],
        [
          187.3478260869565,
          226.6304347826087
        ],
        [
          185.17391304347825,
          240.76086956521738
        ],
        [
          225.93478260869563,
          241.8478260869565
        ],
        [
          229.73913043478257,
          69.56521739130434
        ]
      ],
      "shape_type": "polygon",
      "flags": {}
    },
    {
      "label": "glass03",
      "line_color": null,
      "fill_color": null,
      "points": [
        [
          9.086956521739125,
          299.45652173913044
        ],
        [
          32.45652173913044,
          295.1086956521739
        ],
        [
          42.78260869565216,
          305.4347826086956
        ],
        [
          77.56521739130434,
          305.9782608695652
        ],
        [
          108.0,
          299.45652173913044
        ],
        [
          130.2826086956522,
          291.8478260869565
        ],
        [
          141.695652173913,
          286.95652173913044
        ],
        [
          154.73913043478257,
          285.32608695652175
        ],
        [
          157.45652173913044,
          289.67391304347825
        ],
        [
          165.06521739130432,
          289.67391304347825
        ],
        [
          167.7826086956522,
          285.8695652173913
        ],
        [
          177.56521739130432,
          285.32608695652175
        ],
        [
          178.10869565217388,
          288.04347826086956
        ],
        [
          184.6304347826087,
          288.5869565217391
        ],
        [
          185.17391304347825,
          283.695652173913
        ],
        [
          199.8478260869565,
          283.15217391304344
        ],
        [
          199.8478260869565,
          292.39130434782606
        ],
        [
          204.73913043478257,
          292.39130434782606
        ],
        [
          204.195652173913,
          278.2608695652174
        ],
        [
          215.60869565217388,
          282.0652173913043
        ],
        [
          218.32608695652175,
          286.95652173913044
        ],
        [
          211.80434782608694,
          295.65217391304344
        ],
        [
          194.95652173913044,
          301.0869565217391
        ],
        [
          165.60869565217388,
          303.2608695652174
        ],
        [
          138.43478260869563,
          305.4347826086956
        ],
        [
          98.21739130434781,
          308.15217391304344
        ],
        [
          50.391304347826065,
          308.15217391304344
        ],
        [
          22.13043478260869,
          308.15217391304344
        ],
        [
          4.195652173913032,
          303.80434782608694
        ]
      ],
      "shape_type": "polygon",
      "flags": {}
    },
    {
      "label": "fabric03",
      "line_color": null,
      "fill_color": null,
      "points": [
        [
          3.6521739130434696,
          367.39130434782606
        ],
        [
          23.760869565217376,
          368.4782608695652
        ],
        [
          41.15217391304347,
          373.9130434782609
        ],
        [
          46.04347826086956,
          407.6086956521739
        ],
        [
          50.934782608695656,
          442.9347826086956
        ],
        [
          45.5,
          461.95652173913044
        ],
        [
          36.26086956521738,
          485.86956521739125
        ],
        [
          38.434782608695656,
          508.15217391304344
        ],
        [
          0.0,
          509.0
        ]
      ],
      "shape_type": "polygon",
      "flags": {}
    },
    {
      "label": "fabric04",
      "line_color": null,
      "fill_color": null,
      "points": [
        [
          198.2173913043478,
          248.36956521739128
        ],
        [
          199.8478260869565,
          276.0869565217391
        ],
        [
          211.26086956521738,
          280.4347826086956
        ],
        [
          218.32608695652175,
          285.8695652173913
        ],
        [
          216.695652173913,
          292.9347826086956
        ],
        [
          203.65217391304344,
          303.80434782608694
        ],
        [
          195.5,
          305.9782608695652
        ],
        [
          191.15217391304344,
          333.15217391304344
        ],
        [
          189.52173913043475,
          358.15217391304344
        ],
        [
          193.8695652173913,
          366.30434782608694
        ],
        [
          210.17391304347825,
          378.80434782608694
        ],
        [
          212.89130434782606,
          403.80434782608694
        ],
        [
          222.1304347826087,
          411.95652173913044
        ],
        [
          237.3478260869565,
          411.4130434782609
        ],
        [
          242.23913043478257,
          420.1086956521739
        ],
        [
          263.9782608695652,
          419.02173913043475
        ],
        [
          264.52173913043475,
          395.65217391304344
        ],
        [
          272.67391304347825,
          373.9130434782609
        ],
        [
          273.2173913043478,
          369.02173913043475
        ],
        [
          304.195652173913,
          364.1304347826087
        ],
        [
          309.6304347826087,
          353.2608695652174
        ],
        [
          343.86956521739125,
          343.4782608695652
        ],
        [
          351.47826086956525,
          352.7173913043478
        ],
        [
          353.1086956521739,
          342.9347826086956
        ],
        [
          344.95652173913044,
          334.7826086956522
        ],
        [
          343.3260869565217,
          318.4782608695652
        ],
        [
          361.8043478260869,
          316.30434782608694
        ],
        [
          380.28260869565213,
          319.02173913043475
        ],
        [
          384.0869565217391,
          329.3478260869565
        ],
        [
          378.1086956521739,
          340.2173913043478
        ],
        [
          374.3043478260869,
          343.4782608695652
        ],
        [
          372.67391304347825,
          349.45652173913044
        ],
        [
          377.02173913043475,
          355.9782608695652
        ],
        [
          402.5652173913044,
          356.52173913043475
        ],
        [
          421.0434782608695,
          355.4347826086956
        ],
        [
          418.86956521739125,
          349.45652173913044
        ],
        [
          410.71739130434776,
          338.5869565217391
        ],
        [
          407.4565217391304,
          325.54347826086956
        ],
        [
          429.195652173913,
          323.9130434782609
        ],
        [
          447.67391304347825,
          324.45652173913044
        ],
        [
          447.67391304347825,
          333.15217391304344
        ],
        [
          444.9565217391304,
          344.02173913043475
        ],
        [
          438.97826086956525,
          352.7173913043478
        ],
        [
          447.67391304347825,
          352.7173913043478
        ],
        [
          458.5434782608695,
          353.80434782608694
        ],
        [
          504.7391304347826,
          356.52173913043475
        ],
        [
          511.0,
          358.0
        ],
        [
          510.17391304347825,
          308.695652173913
        ],
        [
          472.13043478260863,
          303.80434782608694
        ],
        [
          447.13043478260863,
          303.80434782608694
        ],
        [
          437.3478260869565,
          304.3478260869565
        ],
        [
          431.36956521739125,
          284.7826086956522
        ],
        [
          426.47826086956525,
          272.2826086956522
        ],
        [
          421.0434782608695,
          249.45652173913044
        ],
        [
          328.65217391304344,
          247.82608695652172
        ],
        [
          290.0652173913043,
          248.91304347826085
        ]
      ],
      "shape_type": "polygon",
      "flags": {}
    },
    {
      "label": "fabric05",
      "line_color": null,
      "fill_color": null,
      "points": [
        [
          260.7173913043478,
          426.0869565217391
        ],
        [
          281.3695652173913,
          410.32608695652175
        ],
        [
          316.695652173913,
          461.4130434782609
        ],
        [
          319.4130434782609,
          482.6086956521739
        ],
        [
          329.195652173913,
          488.04347826086956
        ],
        [
          330.28260869565213,
          508.15217391304344
        ],
        [
          511.0,
          509.0
        ],
        [
          511.0,
          365.0
        ],
        [
          468.32608695652175,
          357.0652173913043
        ],
        [
          471.0434782608695,
          367.9347826086956
        ],
        [
          408.5434782608695,
          384.78260869565213
        ],
        [
          355.28260869565213,
          382.6086956521739
        ],
        [
          346.5869565217391,
          370.65217391304344
        ],
        [
          311.2608695652174,
          358.15217391304344
        ],
        [
          279.73913043478257,
          365.7608695652174
        ],
        [
          266.15217391304344,
          393.4782608695652
        ],
        [
          262.3478260869565,
          416.8478260869565
        ],
        [
          282.45652173913044,
          403.80434782608694
        ]
      ],
      "shape_type": "polygon",
      "flags": {}
    },
    {
      "label": "fabric06",
      "line_color": null,
      "fill_color": null,
      "points": [
        [
          209.08695652173913,
          382.6086956521739
        ],
        [
          143.32608695652175,
          382.6086956521739
        ],
        [
          166.15217391304344,
          396.73913043478257
        ],
        [
          173.76086956521738,
          415.7608695652174
        ],
        [
          197.1304347826087,
          430.9782608695652
        ],
        [
          216.15217391304344,
          425.54347826086956
        ],
        [
          217.78260869565213,
          435.3260869565217
        ],
        [
          196.04347826086956,
          440.7608695652174
        ],
        [
          173.2173913043478,
          433.15217391304344
        ],
        [
          160.7173913043478,
          410.32608695652175
        ],
        [
          140.06521739130432,
          391.8478260869565
        ],
        [
          110.71739130434781,
          398.3695652173913
        ],
        [
          113.97826086956519,
          413.5869565217391
        ],
        [
          116.15217391304344,
          439.1304347826087
        ],
        [
          125.39130434782606,
          465.2173913043478
        ],
        [
          138.9782608695652,
          490.2173913043478
        ],
        [
          133.54347826086956,
          498.36956521739125
        ],
        [
          111.80434782608694,
          486.95652173913044
        ],
        [
          106.91304347826087,
          464.1304347826087
        ],
        [
          103.10869565217388,
          438.04347826086956
        ],
        [
          96.04347826086956,
          411.4130434782609
        ],
        [
          87.3478260869565,
          403.2608695652174
        ],
        [
          73.76086956521738,
          412.5
        ],
        [
          55.28260869565216,
          414.1304347826087
        ],
        [
          49.8478260869565,
          404.89130434782606
        ],
        [
          55.82608695652172,
          440.2173913043478
        ],
        [
          49.8478260869565,
          464.1304347826087
        ],
        [
          43.32608695652172,
          494.02173913043475
        ],
        [
          46.04347826086956,
          505.4347826086956
        ],
        [
          324.30434782608694,
          509.23913043478257
        ],
        [
          322.67391304347825,
          493.4782608695652
        ],
        [
          294.4130434782609,
          473.3695652173913
        ],
        [
          274.8478260869565,
          448.3695652173913
        ],
        [
          241.695652173913,
          433.15217391304344
        ],
        [
          227.02173913043475,
          426.0869565217391
        ],
        [
          206.91304347826087,
          413.5869565217391
        ],
        [
          203.65217391304344,
          391.30434782608694
        ]
      ],
      "shape_type": "polygon",
      "flags": {}
    },
    {
      "label": "wood01",
      "line_color": null,
      "fill_color": null,
      "points": [
        [
          442.78260869565213,
          236.95652173913044
        ],
        [
          478.6521739130435,
          239.1304347826087
        ],
        [
          505.28260869565213,
          240.76086956521738
        ],
        [
          511.0,
          253.0
        ],
        [
          490.0652173913044,
          255.43478260869563
        ],
        [
          484.0869565217391,
          253.26086956521738
        ],
        [
          484.63043478260863,
          272.82608695652175
        ],
        [
          476.47826086956513,
          289.1304347826087
        ],
        [
          475.9347826086956,
          302.7173913043478
        ],
        [
          467.78260869565213,
          302.17391304347825
        ],
        [
          462.891304347826,
          275.0
        ],
        [
          465.6086956521739,
          256.52173913043475
        ],
        [
          455.28260869565213,
          246.19565217391303
        ],
        [
          449.8478260869565,
          250.0
        ],
        [
          450.391304347826,
          298.3695652173913
        ],
        [
          440.6086956521739,
          301.0869565217391
        ],
        [
          440.0652173913044,
          277.7173913043478
        ],
        [
          439.52173913043475,
          255.97826086956522
        ]
      ],
      "shape_type": "polygon",
      "flags": {}
    },
    {
      "label": "plastic01",
      "line_color": null,
      "fill_color": null,
      "points": [
        [
          113.43478260869563,
          89.13043478260869
        ],
        [
          70.5,
          152.7173913043478
        ],
        [
          213.43478260869563,
          151.08695652173913
        ],
        [
          166.695652173913,
          88.58695652173913
        ]
      ],
      "shape_type": "polygon",
      "flags": {}
    }
  ],
  "lineColor": [
    0,
    255,
    0,
    128
  ],
  "fillColor": [
    255,
    0,
    0,
    128
  ],
  "imagePath": "..\\pic\\272.jpg",
  "imageData": "",
  "imageHeight": 512,
  "imageWidth": 512
}
