{
  "version": "4.5.6",
  "flags": {},
  "shapes": [
    {
      "label": "glass01",
      "points": [
        [
          247.43386243386243,
          220.1058201058201
        ],
        [
          249.5502645502645,
          291.5343915343915
        ],
        [
          260.1322751322751,
          291.5343915343915
        ],
        [
          258.5449735449735,
          216.9312169312169
        ]
      ],
      "group_id": null,
      "shape_type": "polygon",
      "flags": {}
    },
    {
      "label": "glass02",
      "points": [
        [
          304.57671957671954,
          216.9312169312169
        ],
        [
          305.1058201058201,
          280.9523809523809
        ],
        [
          322.5661375661375,
          279.8941798941799
        ],
        [
          320.44973544973544,
          213.75661375661375
        ]
      ],
      "group_id": null,
      "shape_type": "polygon",
      "flags": {}
    },
    {
      "label": "glass03",
      "points": [
        [
          328.38624338624334,
          203.7037037037037
        ],
        [
          330.50264550264546,
          276.19047619047615
        ],
        [
          372.8306878306878,
          274.0740740740741
        ],
        [
          372.3015873015873,
          197.35449735449734
        ]
      ],
      "group_id": null,
      "shape_type": "polygon",
      "flags": {}
    },
    {
      "label": "glass04",
      "points": [
        [
          383.94179894179894,
          205.8201058201058
        ],
        [
          383.4126984126984,
          273.015873015873
        ],
        [
          404.5767195767196,
          273.015873015873
        ],
        [
          401.40211640211635,
          202.64550264550263
        ]
      ],
      "group_id": null,
      "shape_type": "polygon",
      "flags": {}
    },
    {
      "label": "glass05",
      "points": [
        [
          477.5925925925926,
          191.53439153439152
        ],
        [
          480.76719576719574,
          255.55555555555554
        ],
        [
          501.40211640211635,
          224.86772486772486
        ],
        [
          501.9312169312169,
          186.24338624338623
        ]
      ],
      "group_id": null,
      "shape_type": "polygon",
      "flags": {}
    },
    {
      "label": "wood01",
      "points": [
        [
          210.92592592592592,
          419.57671957671954
        ],
        [
          213.57142857142856,
          498.4126984126984
        ],
        [
          234.73544973544972,
          510.05291005291
        ],
        [
          247.43386243386243,
          510.05291005291
        ],
        [
          245.8465608465608,
          432.27513227513225
        ]
      ],
      "group_id": null,
      "shape_type": "polygon",
      "flags": {}
    },
    {
      "label": "wood02",
      "points": [
        [
          166.48148148148147,
          405.29100529100526
        ],
        [
          170.18518518518516,
          456.6137566137566
        ],
        [
          178.1216931216931,
          477.77777777777777
        ],
        [
          191.87830687830683,
          482.01058201058197
        ],
        [
          190.82010582010582,
          419.57671957671954
        ]
      ],
      "group_id": null,
      "shape_type": "polygon",
      "flags": {}
    },
    {
      "label": "wood03",
      "points": [
        [
          156.4285714285714,
          388.35978835978835
        ],
        [
          250.60846560846556,
          422.75132275132273
        ],
        [
          470.1851851851851,
          324.86772486772486
        ],
        [
          458.015873015873,
          322.75132275132273
        ],
        [
          437.3809523809523,
          335.97883597883595
        ],
        [
          421.5079365079365,
          335.44973544973544
        ],
        [
          402.46031746031747,
          344.4444444444444
        ],
        [
          388.7037037037037,
          342.32804232804233
        ],
        [
          377.06349206349205,
          348.67724867724866
        ],
        [
          387.64550264550263,
          352.38095238095235
        ],
        [
          287.11640211640207,
          399.47089947089944
        ],
        [
          280.2380952380952,
          393.1216931216931
        ],
        [
          301.40211640211635,
          382.01058201058197
        ],
        [
          294.5238095238095,
          377.2486772486772
        ],
        [
          228.38624338624334,
          405.82010582010577
        ],
        [
          187.64550264550263,
          394.7089947089947
        ],
        [
          180.23809523809524,
          386.2433862433862
        ],
        [
          196.64021164021165,
          378.3068783068783
        ],
        [
          196.1111111111111,
          370.3703703703703
        ],
        [
          160.13227513227514,
          383.5978835978836
        ]
      ],
      "group_id": null,
      "shape_type": "polygon",
      "flags": {}
    },
    {
      "label": "wood04",
      "points": [
        [
          443.7301587301587,
          341.79894179894177
        ],
        [
          444.25925925925924,
          397.8835978835979
        ],
        [
          456.9576719576719,
          401.58730158730157
        ],
        [
          454.3121693121693,
          348.67724867724866
        ],
        [
          468.59788359788354,
          342.32804232804233
        ],
        [
          460.13227513227514,
          339.15343915343914
        ]
      ],
      "group_id": null,
      "shape_type": "polygon",
      "flags": {}
    },
    {
      "label": "wood05",
      "points": [
        [
          255.37037037037032,
          421.16402116402116
        ],
        [
          255.37037037037032,
          448.67724867724866
        ],
        [
          260.1322751322751,
          450.2645502645502
        ],
        [
          295.5820105820106,
          429.6296296296296
        ],
        [
          293.46560846560845,
          423.8095238095238
        ],
        [
          269.1269841269841,
          416.40211640211635
        ]
      ],
      "group_id": null,
      "shape_type": "polygon",
      "flags": {}
    },
    {
      "label": "plastic01",
      "points": [
        [
          256.4285714285714,
          453.9682539682539
        ],
        [
          256.4285714285714,
          510.5820105820105
        ],
        [
          286,
          511
        ],
        [
          295.05291005291,
          510.5820105820105
        ],
        [
          291.87830687830683,
          435.97883597883595
        ]
      ],
      "group_id": null,
      "shape_type": "polygon",
      "flags": {}
    },
    {
      "label": "fabric01",
      "points": [
        [
          322.5661375661375,
          437.5661375661375
        ],
        [
          335.2645502645502,
          441.26984126984127
        ],
        [
          336.85185185185185,
          453.9682539682539
        ],
        [
          347.96296296296293,
          454.4973544973545
        ],
        [
          350.07936507936506,
          470.8994708994709
        ],
        [
          342.1428571428571,
          483.59788359788354
        ],
        [
          319.9206349206349,
          481.48148148148147
        ],
        [
          308.8095238095238,
          468.78306878306876
        ],
        [
          308.8095238095238,
          450.2645502645502
        ]
      ],
      "group_id": null,
      "shape_type": "polygon",
      "flags": {}
    },
    {
      "label": "plastic02",
      "points": [
        [
          360.1322751322751,
          378.3068783068783
        ],
        [
          352.1957671957672,
          435.97883597883595
        ],
        [
          355.3703703703703,
          470.8994708994709
        ],
        [
          385.5291005291005,
          452.91005291005285
        ],
        [
          383.94179894179894,
          434.3915343915344
        ],
        [
          380.76719576719574,
          415.34391534391534
        ],
        [
          391.3492063492063,
          364.021164021164
        ]
      ],
      "group_id": null,
      "shape_type": "polygon",
      "flags": {}
    },
    {
      "label": "plastic03",
      "points": [
        [
          418.8624338624338,
          350.2645502645502
        ],
        [
          404.5767195767196,
          395.2380952380952
        ],
        [
          400.8730158730158,
          415.34391534391534
        ],
        [
          391.3492063492063,
          404.2328042328042
        ],
        [
          381.8253968253968,
          413.7566137566137
        ],
        [
          387.11640211640207,
          444.97354497354496
        ],
        [
          409.86772486772486,
          451.85185185185185
        ],
        [
          431.56084656084647,
          442.3280423280423
        ],
        [
          428.38624338624334,
          408.99470899470896
        ],
        [
          429.9735449735449,
          393.1216931216931
        ],
        [
          441.0846560846561,
          340.7407407407407
        ],
        [
          426.2698412698412,
          347.0899470899471
        ]
      ],
      "group_id": null,
      "shape_type": "polygon",
      "flags": {}
    },
    {
      "label": "plastic04",
      "points": [
        [
          241.08465608465605,
          307.4074074074074
        ],
        [
          292.4074074074074,
          298.94179894179894
        ],
        [
          295.05291005291,
          360.3174603174603
        ],
        [
          255.37037037037032,
          373.015873015873
        ],
        [
          254.84126984126982,
          364.021164021164
        ],
        [
          244.25925925925924,
          364.5502645502645
        ],
        [
          245.3174603174603,
          326.4550264550264
        ],
        [
          239.49735449735448,
          324.86772486772486
        ]
      ],
      "group_id": null,
      "shape_type": "polygon",
      "flags": {}
    },
    {
      "label": "plastic05",
      "points": [
        [
          315.6878306878307,
          296.2962962962963
        ],
        [
          315.6878306878307,
          328.042328042328
        ],
        [
          328.38624338624334,
          325.9259259259259
        ],
        [
          338.4391534391534,
          342.32804232804233
        ],
        [
          353.78306878306876,
          340.2116402116402
        ],
        [
          349.021164021164,
          291.005291005291
        ]
      ],
      "group_id": null,
      "shape_type": "polygon",
      "flags": {}
    },
    {
      "label": "plastic06",
      "points": [
        [
          379.1798941798941,
          286.2433862433862
        ],
        [
          382.3544973544973,
          329.6296296296296
        ],
        [
          407.75132275132273,
          324.3386243386243
        ],
        [
          404.04761904761904,
          282.01058201058197
        ]
      ],
      "group_id": null,
      "shape_type": "polygon",
      "flags": {}
    },
    {
      "label": "plastic07",
      "points": [
        [
          413.57142857142856,
          282.01058201058197
        ],
        [
          416.7460317460317,
          323.28042328042324
        ],
        [
          435.2645502645503,
          307.4074074074074
        ],
        [
          434.7354497354497,
          278.3068783068783
        ]
      ],
      "group_id": null,
      "shape_type": "polygon",
      "flags": {}
    },
    {
      "label": "plastic08",
      "points": [
        [
          90.29100529100529,
          316.9312169312169
        ],
        [
          91.87830687830686,
          356.6137566137566
        ],
        [
          109.33862433862433,
          362.96296296296293
        ],
        [
          134.73544973544972,
          359.78835978835974
        ],
        [
          129.44444444444443,
          337.56613756613757
        ],
        [
          110.39682539682539,
          336.5079365079365
        ],
        [
          104.57671957671957,
          314.8148148148148
        ]
      ],
      "group_id": null,
      "shape_type": "polygon",
      "flags": {}
    },
    {
      "label": "plastic09",
      "points": [
        [
          134.73544973544972,
          289.9470899470899
        ],
        [
          136.32275132275132,
          321.69312169312167
        ],
        [
          151.13756613756613,
          321.69312169312167
        ],
        [
          149.021164021164,
          310.5820105820106
        ],
        [
          155.37037037037038,
          310.5820105820106
        ],
        [
          155.37037037037038,
          289.9470899470899
        ]
      ],
      "group_id": null,
      "shape_type": "polygon",
      "flags": {}
    },
    {
      "label": "wood06",
      "points": [
        [
          114.10052910052909,
          330.1587301587301
        ],
        [
          148.4920634920635,
          338.6243386243386
        ],
        [
          149.55026455026456,
          375.66137566137564
        ],
        [
          164.8941798941799,
          378.83597883597884
        ],
        [
          161.19047619047615,
          339.15343915343914
        ],
        [
          178.1216931216931,
          335.97883597883595
        ],
        [
          178.1216931216931,
          331.2169312169312
        ],
        [
          168.06878306878303,
          326.4550264550264
        ],
        [
          145.8465608465608,
          333.3333333333333
        ],
        [
          126.79894179894177,
          325.9259259259259
        ]
      ],
      "group_id": null,
      "shape_type": "polygon",
      "flags": {}
    }
  ],
  "imagePath": "114.jpg",
  "imageData": "",
  "imageHeight": 512,
  "imageWidth": 512
}
