{
  "version": "4.5.6",
  "flags": {},
  "shapes": [
    {
      "label": "fabric01",
      "points": [
        [
          136.32275132275132,
          443.9153439153439
        ],
        [
          186.58730158730157,
          444.97354497354496
        ],
        [
          188.17460317460313,
          450.7936507936508
        ],
        [
          167.01058201058197,
          457.1428571428571
        ],
        [
          163.83597883597884,
          469.8412698412698
        ],
        [
          156.95767195767195,
          477.2486772486772
        ],
        [
          162.77777777777777,
          482.01058201058197
        ],
        [
          171.77248677248673,
          475.1322751322751
        ],
        [
          170.18518518518516,
          464.021164021164
        ],
        [
          201.9312169312169,
          457.6719576719576
        ],
        [
          193.99470899470896,
          472.48677248677245
        ],
        [
          188.7037037037037,
          492.06349206349205
        ],
        [
          195.58201058201058,
          496.29629629629625
        ],
        [
          202.4603174603174,
          464.021164021164
        ],
        [
          204.04761904761904,
          474.074074074074
        ],
        [
          207.22222222222223,
          473.5449735449735
        ],
        [
          207.22222222222223,
          459.25925925925924
        ],
        [
          233.67724867724866,
          466.1375661375661
        ],
        [
          231.56084656084653,
          485.71428571428567
        ],
        [
          241.6137566137566,
          485.18518518518516
        ],
        [
          241.08465608465605,
          459.78835978835974
        ],
        [
          235.26455026455022,
          447.0899470899471
        ],
        [
          287.11640211640207,
          445.50264550264546
        ],
        [
          284.47089947089944,
          489.9470899470899
        ],
        [
          293,
          511
        ],
        [
          98,
          511
        ]
      ],
      "group_id": null,
      "shape_type": "polygon",
      "flags": {}
    },
    {
      "label": "fabric02",
      "points": [
        [
          414.1005291005291,
          359.78835978835974
        ],
        [
          379.1798941798941,
          440.7407407407407
        ],
        [
          408.80952380952374,
          483.59788359788354
        ],
        [
          419.3915343915344,
          484.1269841269841
        ],
        [
          444.7883597883598,
          404.2328042328042
        ],
        [
          459.6031746031746,
          385.18518518518516
        ],
        [
          446.37566137566137,
          377.2486772486772
        ]
      ],
      "group_id": null,
      "shape_type": "polygon",
      "flags": {}
    },
    {
      "label": "fabric03",
      "points": [
        [
          467.01058201058197,
          386.2433862433862
        ],
        [
          460.6613756613756,
          387.3015873015873
        ],
        [
          445.31746031746025,
          403.7037037037037
        ],
        [
          419.92063492063494,
          482.01058201058197
        ],
        [
          434,
          511
        ],
        [
          492,
          511
        ],
        [
          499.8148148148148,
          463.49206349206344
        ],
        [
          511,
          423
        ],
        [
          509.86772486772486,
          415.34391534391534
        ],
        [
          476.0052910052909,
          398.94179894179894
        ]
      ],
      "group_id": null,
      "shape_type": "polygon",
      "flags": {}
    },
    {
      "label": "fabric04",
      "points": [
        [
          510.92592592592587,
          432.27513227513225
        ],
        [
          493,
          511
        ],
        [
          511,
          511
        ]
      ],
      "group_id": null,
      "shape_type": "polygon",
      "flags": {}
    },
    {
      "label": "fabric05",
      "points": [
        [
          382.8835978835979,
          427.5132275132275
        ],
        [
          287.64550264550263,
          427.5132275132275
        ],
        [
          285.5291005291005,
          484.6560846560846
        ],
        [
          294,
          511
        ],
        [
          432,
          511
        ],
        [
          420.4497354497354,
          485.18518518518516
        ],
        [
          408.2804232804233,
          483.06878306878303
        ],
        [
          378.1216931216931,
          440.2116402116402
        ]
      ],
      "group_id": null,
      "shape_type": "polygon",
      "flags": {}
    },
    {
      "label": "glass01",
      "points": [
        [
          142.67195767195767,
          104.76190476190476
        ],
        [
          142.67195767195767,
          126.45502645502644
        ],
        [
          218.86243386243382,
          126.98412698412697
        ],
        [
          219.39153439153438,
          104.76190476190476
        ]
      ],
      "group_id": null,
      "shape_type": "polygon",
      "flags": {}
    },
    {
      "label": "glass02",
      "points": [
        [
          226.79894179894177,
          105.29100529100529
        ],
        [
          226.26984126984127,
          125.39682539682539
        ],
        [
          303.5185185185185,
          126.45502645502644
        ],
        [
          302.989417989418,
          105.29100529100529
        ]
      ],
      "group_id": null,
      "shape_type": "polygon",
      "flags": {}
    },
    {
      "label": "glass03",
      "points": [
        [
          142.67195767195767,
          137.56613756613757
        ],
        [
          143.20105820105817,
          330.6878306878307
        ],
        [
          148.4920634920635,
          330.6878306878307
        ],
        [
          150.07936507936506,
          294.1798941798942
        ],
        [
          171.77248677248673,
          257.67195767195767
        ],
        [
          181.8253968253968,
          261.37566137566137
        ],
        [
          184.47089947089944,
          271.4285714285714
        ],
        [
          171.77248677248673,
          272.48677248677245
        ],
        [
          156.4285714285714,
          295.76719576719574
        ],
        [
          157.48677248677245,
          329.6296296296296
        ],
        [
          171.77248677248673,
          329.6296296296296
        ],
        [
          171.77248677248673,
          320.1058201058201
        ],
        [
          217.80423280423275,
          320.6349206349206
        ],
        [
          217.80423280423275,
          138.09523809523807
        ]
      ],
      "group_id": null,
      "shape_type": "polygon",
      "flags": {}
    },
    {
      "label": "glass04",
      "points": [
        [
          228.38624338624334,
          139.15343915343914
        ],
        [
          229.97354497354496,
          316.9312169312169
        ],
        [
          233.67724867724866,
          317.4603174603174
        ],
        [
          234.20634920634916,
          330.1587301587301
        ],
        [
          280.2380952380952,
          329.6296296296296
        ],
        [
          278.1216931216931,
          323.28042328042324
        ],
        [
          268.06878306878303,
          323.28042328042324
        ],
        [
          268.5978835978836,
          266.66666666666663
        ],
        [
          301.40211640211635,
          266.1375661375661
        ],
        [
          303.5185185185185,
          139.15343915343914
        ]
      ],
      "group_id": null,
      "shape_type": "polygon",
      "flags": {}
    },
    {
      "label": "glass05",
      "points": [
        [
          241.6137566137566,
          367.7248677248677
        ],
        [
          241.6137566137566,
          417.4603174603174
        ],
        [
          300.34391534391534,
          416.9312169312169
        ],
        [
          300.87301587301585,
          367.7248677248677
        ]
      ],
      "group_id": null,
      "shape_type": "polygon",
      "flags": {}
    },
    {
      "label": "wood01",
      "points": [
        [
          365.4232804232804,
          356.6137566137566
        ],
        [
          367.01058201058197,
          425.39682539682536
        ],
        [
          381.29629629629625,
          425.39682539682536
        ],
        [
          401.9312169312169,
          383.06878306878303
        ],
        [
          401.40211640211635,
          356.08465608465605
        ]
      ],
      "group_id": null,
      "shape_type": "polygon",
      "flags": {}
    },
    {
      "label": "wood02",
      "points": [
        [
          347.96296296296293,
          177.24867724867724
        ],
        [
          511,
          38
        ],
        [
          511,
          97
        ],
        [
          403.5185185185185,
          167.72486772486772
        ],
        [
          403.5185185185185,
          348.14814814814815
        ],
        [
          368.59788359788354,
          350.2645502645502
        ],
        [
          347.96296296296293,
          339.15343915343914
        ],
        [
          348.49206349206344,
          270.8994708994709
        ],
        [
          365.4232804232804,
          270.8994708994709
        ],
        [
          365.4232804232804,
          237.037037037037
        ],
        [
          353.78306878306876,
          259.7883597883598
        ],
        [
          347.96296296296293,
          259.7883597883598
        ],
        [
          347.43386243386243,
          223.28042328042326
        ],
        [
          366.48148148148147,
          214.8148148148148
        ],
        [
          365.4232804232804,
          187.3015873015873
        ],
        [
          355.3703703703703,
          187.3015873015873
        ],
        [
          349.5502645502645,
          190.47619047619045
        ]
      ],
      "group_id": null,
      "shape_type": "polygon",
      "flags": {}
    },
    {
      "label": "wood03",
      "points": [
        [
          33.14814814814815,
          329.10052910052906
        ],
        [
          95.58201058201058,
          311.64021164021165
        ],
        [
          95.05291005291005,
          492.06349206349205
        ],
        [
          79.17989417989418,
          510.5820105820105
        ],
        [
          30.502645502645493,
          510.5820105820105
        ]
      ],
      "group_id": null,
      "shape_type": "polygon",
      "flags": {}
    }
  ],
  "imagePath": "11.jpg",
  "imageData": "",
  "imageHeight": 512,
  "imageWidth": 512
}
