{
  "version": "4.5.6",
  "flags": {},
  "shapes": [
    {
      "label": "fabric01",
      "points": [
        [
          2.989417989417987,
          484.1269841269841
        ],
        [
          163.83597883597884,
          397.8835978835979
        ],
        [
          167.01058201058197,
          402.11640211640207
        ],
        [
          159.07407407407408,
          477.77777777777777
        ],
        [
          162.77777777777777,
          477.77777777777777
        ],
        [
          171.77248677248673,
          453.9682539682539
        ],
        [
          178.1216931216931,
          426.4550264550264
        ],
        [
          174,
          511
        ],
        [
          0.3439153439153415,
          510.05291005291
        ]
      ],
      "group_id": null,
      "shape_type": "polygon",
      "flags": {}
    },
    {
      "label": "fabric02",
      "points": [
        [
          191.34920634920633,
          424.3386243386243
        ],
        [
          184.47089947089944,
          510.5820105820105
        ],
        [
          260,
          511
        ],
        [
          280,
          511
        ],
        [
          273.88888888888886,
          459.78835978835974
        ],
        [
          274.9470899470899,
          413.2275132275132
        ],
        [
          255.89947089947088,
          415.34391534391534
        ],
        [
          258.5449735449735,
          453.9682539682539
        ],
        [
          251.13756613756613,
          453.9682539682539
        ],
        [
          246.37566137566137,
          416.9312169312169
        ]
      ],
      "group_id": null,
      "shape_type": "polygon",
      "flags": {}
    },
    {
      "label": "fabric03",
      "points": [
        [
          290.82010582010577,
          408.99470899470896
        ],
        [
          401.9312169312169,
          455.026455026455
        ],
        [
          394.5238095238095,
          486.77248677248673
        ],
        [
          387.11640211640207,
          492.06349206349205
        ],
        [
          390.82010582010577,
          510.5820105820105
        ],
        [
          289.2328042328042,
          510.5820105820105
        ]
      ],
      "group_id": null,
      "shape_type": "polygon",
      "flags": {}
    },
    {
      "label": "fabric04",
      "points": [
        [
          423.0952380952381,
          464.5502645502645
        ],
        [
          409,
          511
        ],
        [
          447,
          511
        ],
        [
          448.4920634920635,
          480.4232804232804
        ]
      ],
      "group_id": null,
      "shape_type": "polygon",
      "flags": {}
    },
    {
      "label": "fabric05",
      "points": [
        [
          460.6613756613756,
          484.6560846560846
        ],
        [
          456,
          511
        ],
        [
          511,
          511
        ],
        [
          511,
          505
        ]
      ],
      "group_id": null,
      "shape_type": "polygon",
      "flags": {}
    },
    {
      "label": "wood01",
      "points": [
        [
          219.39153439153438,
          230.68783068783068
        ],
        [
          190.82010582010582,
          237.56613756613754
        ],
        [
          208.28042328042324,
          269.3121693121693
        ],
        [
          223.09523809523807,
          330.1587301587301
        ],
        [
          238.43915343915342,
          327.5132275132275
        ],
        [
          244.78835978835974,
          289.9470899470899
        ],
        [
          248.4920634920635,
          282.01058201058197
        ],
        [
          394.5238095238095,
          318.5185185185185
        ],
        [
          394.5238095238095,
          339.15343915343914
        ],
        [
          408.80952380952374,
          345.50264550264546
        ],
        [
          411.4550264550264,
          388.35978835978835
        ],
        [
          409.3386243386243,
          426.4550264550264
        ],
        [
          397.1693121693121,
          485.18518518518516
        ],
        [
          389.2328042328042,
          494.7089947089947
        ],
        [
          389.2328042328042,
          504.2328042328042
        ],
        [
          399,
          511
        ],
        [
          407.2222222222222,
          510.5820105820105
        ],
        [
          422.5661375661375,
          460.3174603174603
        ],
        [
          438.968253968254,
          465.07936507936506
        ],
        [
          446.37566137566137,
          460.8465608465608
        ],
        [
          446.9047619047618,
          440.7407407407407
        ],
        [
          434.7354497354497,
          435.44973544973544
        ],
        [
          435.2645502645503,
          389.9470899470899
        ],
        [
          444.25925925925924,
          318.5185185185185
        ],
        [
          451.13756613756607,
          306.87830687830683
        ],
        [
          459.074074074074,
          292.59259259259255
        ],
        [
          460.6613756613756,
          264.55026455026456
        ],
        [
          390.29100529100526,
          254.49735449735448
        ],
        [
          374.41798941798936,
          257.1428571428571
        ],
        [
          370.18518518518516,
          262.96296296296293
        ],
        [
          353.78306878306876,
          262.96296296296293
        ],
        [
          352.1957671957672,
          247.08994708994706
        ],
        [
          344.78835978835974,
          247.6190476190476
        ],
        [
          342.6719576719576,
          256.6137566137566
        ],
        [
          320.44973544973544,
          265.07936507936506
        ],
        [
          229.97354497354496,
          246.56084656084656
        ],
        [
          229.97354497354496,
          237.56613756613754
        ],
        [
          218.86243386243382,
          237.037037037037
        ]
      ],
      "group_id": null,
      "shape_type": "polygon",
      "flags": {}
    },
    {
      "label": "wood02",
      "points": [
        [
          5.105820105820101,
          239.15343915343914
        ],
        [
          54.84126984126982,
          231.21693121693121
        ],
        [
          60.661375661375644,
          239.15343915343914
        ],
        [
          79.70899470899471,
          237.56613756613754
        ],
        [
          79.17989417989418,
          223.28042328042326
        ],
        [
          84.47089947089947,
          223.28042328042326
        ],
        [
          102.46031746031744,
          238.09523809523807
        ],
        [
          105.1058201058201,
          246.03174603174602
        ],
        [
          95.58201058201058,
          248.67724867724866
        ],
        [
          100.34391534391534,
          429.6296296296296
        ],
        [
          96.64021164021162,
          432.80423280423275
        ],
        [
          96.64021164021162,
          425.9259259259259
        ],
        [
          33.677248677248656,
          451.85185185185185
        ],
        [
          34.73544973544972,
          466.66666666666663
        ],
        [
          24.153439153439137,
          469.31216931216926
        ],
        [
          1.9312169312169232,
          459.78835978835974
        ],
        [
          1.9312169312169232,
          438.6243386243386
        ],
        [
          25.740740740740733,
          440.2116402116402
        ],
        [
          82.88359788359787,
          416.40211640211635
        ],
        [
          92.40740740740739,
          410.5820105820106
        ],
        [
          90.29100529100529,
          352.9100529100529
        ],
        [
          30.502645502645493,
          374.0740740740741
        ],
        [
          33.677248677248656,
          437.5661375661375
        ],
        [
          25.2116402116402,
          440.2116402116402
        ],
        [
          22.037037037037038,
          367.1957671957672
        ],
        [
          1.4021164021163912,
          356.6137566137566
        ],
        [
          2.460317460317455,
          337.56613756613757
        ],
        [
          10.396825396825392,
          335.97883597883595
        ],
        [
          23.095238095238074,
          352.9100529100529
        ],
        [
          54.31216931216929,
          350.2645502645502
        ],
        [
          88.17460317460316,
          338.6243386243386
        ],
        [
          87.64550264550263,
          277.2486772486772
        ],
        [
          25.740740740740733,
          292.06349206349205
        ],
        [
          28.915343915343897,
          353.4391534391534
        ],
        [
          22.56613756613757,
          352.9100529100529
        ],
        [
          17.804232804232782,
          289.9470899470899
        ],
        [
          1.4021164021163912,
          286.77248677248673
        ],
        [
          1.4021164021163912,
          247.08994708994706
        ],
        [
          0,
          240
        ]
      ],
      "group_id": null,
      "shape_type": "polygon",
      "flags": {}
    }
  ],
  "imagePath": "59.jpg",
  "imageData": "",
  "imageHeight": 512,
  "imageWidth": 512
}
