{
  "version": "3.20.1",
  "flags": {},
  "shapes": [
    {
      "label": "wood01",
      "line_color": null,
      "fill_color": null,
      "points": [
        [
          2.8260869565217206,
          65.21739130434783
        ],
        [
          151.195652173913,
          93.47826086956522
        ],
        [
          150.10869565217388,
          210.32608695652172
        ],
        [
          185.9782608695652,
          210.86956521739128
        ],
        [
          186.52173913043475,
          231.52173913043478
        ],
        [
          120.21739130434781,
          241.8478260869565
        ],
        [
          118.04347826086956,
          294.5652173913043
        ],
        [
          84.89130434782606,
          306.52173913043475
        ],
        [
          84.89130434782606,
          330.4347826086956
        ],
        [
          55.54347826086956,
          326.6304347826087
        ],
        [
          47.391304347826065,
          325.54347826086956
        ],
        [
          26.195652173913032,
          318.4782608695652
        ],
        [
          2.282608695652158,
          312.5
        ]
      ],
      "shape_type": "polygon",
      "flags": {}
    },
    {
      "label": "wood02",
      "line_color": null,
      "fill_color": null,
      "points": [
        [
          228.3695652173913,
          205.97826086956522
        ],
        [
          232.17391304347825,
          221.19565217391303
        ],
        [
          280.54347826086956,
          225.54347826086956
        ],
        [
          230.54347826086956,
          246.7391304347826
        ],
        [
          230.54347826086956,
          250.54347826086956
        ],
        [
          254.45652173913044,
          253.80434782608694
        ],
        [
          253.91304347826087,
          350.0
        ],
        [
          288.15217391304344,
          351.0869565217391
        ],
        [
          290.3260869565217,
          263.04347826086956
        ],
        [
          327.82608695652175,
          266.8478260869565
        ],
        [
          325.6521739130435,
          353.80434782608694
        ],
        [
          354.4565217391304,
          360.32608695652175
        ],
        [
          363.1521739130435,
          356.52173913043475
        ],
        [
          364.78260869565213,
          311.4130434782609
        ],
        [
          391.4130434782609,
          314.67391304347825
        ],
        [
          390.86956521739125,
          306.52173913043475
        ],
        [
          377.82608695652175,
          298.3695652173913
        ],
        [
          370.7608695652174,
          290.7608695652174
        ],
        [
          383.2608695652174,
          284.2391304347826
        ],
        [
          394.13043478260863,
          254.3478260869565
        ],
        [
          405.0,
          237.5
        ],
        [
          411.52173913043475,
          228.26086956521738
        ],
        [
          400.6521739130435,
          225.0
        ]
      ],
      "shape_type": "polygon",
      "flags": {}
    },
    {
      "label": "wood03",
      "line_color": null,
      "fill_color": null,
      "points": [
        [
          307.7173913043478,
          264.67391304347825
        ],
        [
          305.0,
          305.4347826086956
        ],
        [
          326.195652173913,
          309.2391304347826
        ],
        [
          328.36956521739125,
          267.39130434782606
        ]
      ],
      "shape_type": "polygon",
      "flags": {}
    },
    {
      "label": "wood02",
      "line_color": null,
      "fill_color": null,
      "points": [
        [
          269.1304347826087,
          209.78260869565216
        ],
        [
          402.28260869565213,
          211.95652173913044
        ],
        [
          399.5652173913044,
          223.91304347826085
        ]
      ],
      "shape_type": "polygon",
      "flags": {}
    },
    {
      "label": "wood04",
      "line_color": null,
      "fill_color": null,
      "points": [
        [
          184.3478260869565,
          370.65217391304344
        ],
        [
          177.82608695652175,
          379.89130434782606
        ],
        [
          173.4782608695652,
          421.195652173913
        ],
        [
          172.93478260869563,
          441.30434782608694
        ],
        [
          172.39130434782606,
          469.5652173913043
        ],
        [
          174.56521739130432,
          505.4347826086956
        ],
        [
          177.82608695652175,
          509.23913043478257
        ],
        [
          194.67391304347825,
          503.2608695652174
        ],
        [
          195.2173913043478,
          399.45652173913044
        ],
        [
          199.02173913043475,
          395.65217391304344
        ],
        [
          201.73913043478257,
          379.89130434782606
        ],
        [
          195.76086956521738,
          374.45652173913044
        ]
      ],
      "shape_type": "polygon",
      "flags": {}
    },
    {
      "label": "glass01",
      "line_color": null,
      "fill_color": null,
      "points": [
        [
          442.5,
          18.478260869565215
        ],
        [
          442.5,
          195.65217391304347
        ],
        [
          511,
          199
        ],
        [
          510.4347826086956,
          14.67391304347826
        ]
      ],
      "shape_type": "polygon",
      "flags": {}
    },
    {
      "label": "glass02",
      "line_color": null,
      "fill_color": null,
      "points": [
        [
          258.2608695652174,
          46.73913043478261
        ],
        [
          263.15217391304344,
          186.95652173913044
        ],
        [
          331.0869565217391,
          185.86956521739128
        ],
        [
          330.0,
          70.1086956521739
        ],
        [
          300.65217391304344,
          70.1086956521739
        ],
        [
          300.1086956521739,
          63.04347826086956
        ],
        [
          301.195652173913,
          42.391304347826086
        ]
      ],
      "shape_type": "polygon",
      "flags": {}
    },
    {
      "label": "glass03",
      "line_color": null,
      "fill_color": null,
      "points": [
        [
          353.36956521739125,
          41.30434782608695
        ],
        [
          351.7391304347826,
          73.3695652173913
        ],
        [
          341.9565217391304,
          73.3695652173913
        ],
        [
          341.4130434782609,
          188.04347826086956
        ],
        [
          406.63043478260863,
          188.58695652173913
        ],
        [
          408.8043478260869,
          36.41304347826087
        ]
      ],
      "shape_type": "polygon",
      "flags": {}
    },
    {
      "label": "glass04",
      "line_color": null,
      "fill_color": null,
      "points": [
        [
          190.32608695652175,
          47.826086956521735
        ],
        [
          187.06521739130432,
          179.8913043478261
        ],
        [
          251.195652173913,
          183.15217391304347
        ],
        [
          254.45652173913044,
          43.47826086956522
        ]
      ],
      "shape_type": "polygon",
      "flags": {}
    },
    {
      "label": "glass05",
      "line_color": null,
      "fill_color": null,
      "points": [
        [
          190.8695652173913,
          4.3478260869565215
        ],
        [
          191.41304347826087,
          35.326086956521735
        ],
        [
          252.28260869565213,
          34.78260869565217
        ],
        [
          253.91304347826087,
          2.1739130434782608
        ]
      ],
      "shape_type": "polygon",
      "flags": {}
    },
    {
      "label": "glass06",
      "line_color": null,
      "fill_color": null,
      "points": [
        [
          262.6086956521739,
          2.1739130434782608
        ],
        [
          263.15217391304344,
          34.23913043478261
        ],
        [
          334.3478260869565,
          33.15217391304348
        ],
        [
          334.891304347826,
          1.6304347826086956
        ]
      ],
      "shape_type": "polygon",
      "flags": {}
    },
    {
      "label": "glass07",
      "line_color": null,
      "fill_color": null,
      "points": [
        [
          343.0434782608695,
          2.1739130434782608
        ],
        [
          341.9565217391304,
          28.804347826086957
        ],
        [
          408.8043478260869,
          29.34782608695652
        ],
        [
          409.891304347826,
          1.6304347826086956
        ]
      ],
      "shape_type": "polygon",
      "flags": {}
    },
    {
      "label": "plastic01",
      "line_color": null,
      "fill_color": null,
      "points": [
        [
          300.65217391304344,
          43.47826086956522
        ],
        [
          300.65217391304344,
          66.84782608695652
        ],
        [
          347.391304347826,
          67.93478260869566
        ],
        [
          349.02173913043475,
          50.0
        ],
        [
          345.21739130434776,
          40.76086956521739
        ]
      ],
      "shape_type": "polygon",
      "flags": {}
    }
  ],
  "lineColor": [
    0,
    255,
    0,
    128
  ],
  "fillColor": [
    255,
    0,
    0,
    128
  ],
  "imagePath": "..\\pic\\774.jpg",
  "imageData": "",
  "imageHeight": 512,
  "imageWidth": 512
}
