{
  "version": "4.5.6",
  "flags": {},
  "shapes": [
    {
      "label": "fabric01",
      "points": [
        [
          307.2222222222222,
          154.49735449735448
        ],
        [
          375.4761904761904,
          110.05291005291005
        ],
        [
          389.7619047619047,
          111.1111111111111
        ],
        [
          392.9365079365079,
          153.43915343915342
        ],
        [
          378.6507936507936,
          153.43915343915342
        ],
        [
          310.39682539682536,
          183.5978835978836
        ]
      ],
      "group_id": null,
      "shape_type": "polygon",
      "flags": {}
    },
    {
      "label": "fabric02",
      "points": [
        [
          309.3386243386243,
          184.65608465608463
        ],
        [
          311.4550264550264,
          293.1216931216931
        ],
        [
          305.1058201058201,
          392.06349206349205
        ],
        [
          319.3915343915344,
          394.7089947089947
        ],
        [
          327.3280423280423,
          384.65608465608466
        ],
        [
          320.97883597883595,
          292.06349206349205
        ],
        [
          325.2116402116402,
          242.85714285714283
        ],
        [
          334.7354497354497,
          217.46031746031744
        ],
        [
          333.67724867724866,
          173.54497354497354
        ]
      ],
      "group_id": null,
      "shape_type": "polygon",
      "flags": {}
    },
    {
      "label": "fabric03",
      "points": [
        [
          354.31216931216926,
          162.96296296296296
        ],
        [
          354.31216931216926,
          203.7037037037037
        ],
        [
          356.95767195767195,
          252.38095238095235
        ],
        [
          366.48148148148147,
          287.3015873015873
        ],
        [
          384.47089947089944,
          276.7195767195767
        ],
        [
          389.7619047619047,
          257.1428571428571
        ],
        [
          389.7619047619047,
          156.6137566137566
        ],
        [
          377.06349206349205,
          154.49735449735448
        ]
      ],
      "group_id": null,
      "shape_type": "polygon",
      "flags": {}
    },
    {
      "label": "fabric04",
      "points": [
        [
          62.77777777777777,
          415.34391534391534
        ],
        [
          69.12698412698413,
          423.8095238095238
        ],
        [
          75.47619047619045,
          423.8095238095238
        ],
        [
          92.93650793650792,
          449.20634920634916
        ],
        [
          94.52380952380952,
          428.042328042328
        ],
        [
          115.68783068783068,
          398.4126984126984
        ],
        [
          143.73015873015873,
          407.9365079365079
        ],
        [
          173.35978835978835,
          408.46560846560845
        ],
        [
          177.59259259259255,
          369.31216931216926
        ],
        [
          197.69841269841265,
          369.31216931216926
        ],
        [
          211.984126984127,
          352.9100529100529
        ],
        [
          183.94179894179894,
          349.20634920634916
        ],
        [
          164.8941798941799,
          333.8624338624338
        ],
        [
          153.78306878306876,
          352.38095238095235
        ],
        [
          141.08465608465605,
          357.1428571428571
        ],
        [
          106.16402116402114,
          352.38095238095235
        ],
        [
          75.47619047619045,
          364.021164021164
        ],
        [
          69.12698412698413,
          407.9365079365079
        ]
      ],
      "group_id": null,
      "shape_type": "polygon",
      "flags": {}
    },
    {
      "label": "fabric05",
      "points": [
        [
          440.55555555555554,
          365.07936507936506
        ],
        [
          465.4232804232804,
          416.9312169312169
        ],
        [
          483.4126984126983,
          448.67724867724866
        ],
        [
          511,
          435
        ],
        [
          511,
          377
        ],
        [
          498.75661375661366,
          351.85185185185185
        ],
        [
          473.35978835978835,
          357.1428571428571
        ]
      ],
      "group_id": null,
      "shape_type": "polygon",
      "flags": {}
    },
    {
      "label": "fabric06",
      "points": [
        [
          470.71428571428567,
          357.67195767195767
        ],
        [
          462.24867724867715,
          348.14814814814815
        ],
        [
          438.968253968254,
          359.78835978835974
        ],
        [
          406.16402116402116,
          369.31216931216926
        ],
        [
          398.7566137566138,
          384.1269841269841
        ],
        [
          426.2698412698412,
          441.26984126984127
        ],
        [
          435.2645502645503,
          447.6190476190476
        ],
        [
          456.42857142857144,
          444.4444444444444
        ],
        [
          471.7724867724868,
          432.80423280423275
        ],
        [
          442.1428571428571,
          364.021164021164
        ]
      ],
      "group_id": null,
      "shape_type": "polygon",
      "flags": {}
    },
    {
      "label": "fabric07",
      "points": [
        [
          400.8730158730158,
          374.0740740740741
        ],
        [
          385.5291005291005,
          379.36507936507934
        ],
        [
          367.01058201058197,
          393.1216931216931
        ],
        [
          374.41798941798936,
          411.1111111111111
        ],
        [
          381.29629629629625,
          415.87301587301585
        ],
        [
          395.5820105820105,
          468.78306878306876
        ],
        [
          393.99470899470896,
          509.5238095238095
        ],
        [
          510.3968253968253,
          507.4074074074074
        ],
        [
          511,
          466
        ],
        [
          511,
          436
        ],
        [
          483.4126984126983,
          448.67724867724866
        ],
        [
          473.8888888888888,
          432.80423280423275
        ],
        [
          456.9576719576719,
          444.97354497354496
        ],
        [
          435.2645502645503,
          448.67724867724866
        ],
        [
          425.2116402116402,
          440.7407407407407
        ],
        [
          398.7566137566138,
          386.77248677248673
        ]
      ],
      "group_id": null,
      "shape_type": "polygon",
      "flags": {}
    },
    {
      "label": "fabric08",
      "points": [
        [
          369.6560846560846,
          296.8253968253968
        ],
        [
          359.6031746031746,
          404.76190476190476
        ],
        [
          367.53968253968253,
          403.7037037037037
        ],
        [
          365.9523809523809,
          393.1216931216931
        ],
        [
          387.64550264550263,
          377.77777777777777
        ],
        [
          389.7619047619047,
          282.53968253968253
        ]
      ],
      "group_id": null,
      "shape_type": "polygon",
      "flags": {}
    },
    {
      "label": "fabric09",
      "points": [
        [
          324.68253968253964,
          413.7566137566137
        ],
        [
          329.97354497354496,
          437.037037037037
        ],
        [
          340.026455026455,
          456.6137566137566
        ],
        [
          360.1322751322751,
          473.5449735449735
        ],
        [
          377.59259259259255,
          479.36507936507934
        ],
        [
          391.87830687830683,
          476.19047619047615
        ],
        [
          391.87830687830683,
          459.25925925925924
        ],
        [
          381.8253968253968,
          415.87301587301585
        ],
        [
          366.48148148148147,
          404.76190476190476
        ],
        [
          356.95767195767195,
          402.64550264550263
        ]
      ],
      "group_id": null,
      "shape_type": "polygon",
      "flags": {}
    },
    {
      "label": "fabric10",
      "points": [
        [
          99.81481481481481,
          310.5820105820106
        ],
        [
          107.2222222222222,
          343.9153439153439
        ],
        [
          153.78306878306876,
          341.79894179894177
        ],
        [
          145.8465608465608,
          303.17460317460313
        ],
        [
          132.6190476190476,
          305.29100529100526
        ]
      ],
      "group_id": null,
      "shape_type": "polygon",
      "flags": {}
    },
    {
      "label": "fabric11",
      "points": [
        [
          71.24338624338623,
          315.87301587301585
        ],
        [
          75.47619047619045,
          341.26984126984127
        ],
        [
          104.57671957671957,
          339.68253968253964
        ],
        [
          98.75661375661375,
          312.16931216931215
        ]
      ],
      "group_id": null,
      "shape_type": "polygon",
      "flags": {}
    },
    {
      "label": "fabric12",
      "points": [
        [
          149.55026455026456,
          307.9365079365079
        ],
        [
          166.48148148148147,
          307.9365079365079
        ],
        [
          160.13227513227514,
          337.56613756613757
        ],
        [
          152.1957671957672,
          336.5079365079365
        ]
      ],
      "group_id": null,
      "shape_type": "polygon",
      "flags": {}
    },
    {
      "label": "fabric13",
      "points": [
        [
          69.12698412698413,
          314.2857142857143
        ],
        [
          71.77248677248676,
          342.32804232804233
        ],
        [
          102.98941798941797,
          339.68253968253964
        ],
        [
          111.98412698412696,
          346.031746031746
        ],
        [
          106.69312169312167,
          352.38095238095235
        ],
        [
          72.30158730158729,
          362.43386243386243
        ],
        [
          70.7142857142857,
          408.99470899470896
        ],
        [
          60.661375661375644,
          414.2857142857143
        ],
        [
          64.89417989417987,
          420.6349206349206
        ],
        [
          73.88888888888889,
          424.86772486772486
        ],
        [
          88.17460317460316,
          448.67724867724866
        ],
        [
          37.38095238095238,
          449.7354497354497
        ],
        [
          0.8730158730158593,
          460.3174603174603
        ],
        [
          1.9312169312169232,
          371.95767195767195
        ],
        [
          26.269841269841265,
          349.20634920634916
        ],
        [
          41.61375661375661,
          326.984126984127
        ],
        [
          56.428571428571416,
          314.8148148148148
        ]
      ],
      "group_id": null,
      "shape_type": "polygon",
      "flags": {}
    },
    {
      "label": "fabric14",
      "points": [
        [
          170.18518518518516,
          311.64021164021165
        ],
        [
          193.99470899470896,
          325.9259259259259
        ],
        [
          205.1058201058201,
          337.037037037037
        ],
        [
          219.92063492063488,
          355.026455026455
        ],
        [
          234.20634920634916,
          373.015873015873
        ],
        [
          253.78306878306876,
          410.5820105820106
        ],
        [
          281.29629629629625,
          437.5661375661375
        ],
        [
          267.53968253968253,
          441.26984126984127
        ],
        [
          229.4444444444444,
          442.3280423280423
        ],
        [
          196.64021164021165,
          438.0952380952381
        ],
        [
          185.0,
          438.0952380952381
        ],
        [
          90.8201058201058,
          449.20634920634916
        ],
        [
          94.52380952380952,
          428.57142857142856
        ],
        [
          117.27513227513225,
          398.4126984126984
        ],
        [
          144.25925925925924,
          410.5820105820106
        ],
        [
          173.35978835978835,
          409.5238095238095
        ],
        [
          178.65079365079362,
          369.31216931216926
        ],
        [
          199.81481481481478,
          369.31216931216926
        ],
        [
          213.57142857142856,
          351.85185185185185
        ],
        [
          185.0,
          346.031746031746
        ],
        [
          164.8941798941799,
          333.8624338624338
        ],
        [
          163.83597883597884,
          327.5132275132275
        ]
      ],
      "group_id": null,
      "shape_type": "polygon",
      "flags": {}
    },
    {
      "label": "glass01",
      "points": [
        [
          335.7936507936508,
          293.1216931216931
        ],
        [
          354.8412698412698,
          295.23809523809524
        ],
        [
          352.7248677248677,
          166.13756613756613
        ],
        [
          335.2645502645502,
          174.07407407407408
        ]
      ],
      "group_id": null,
      "shape_type": "polygon",
      "flags": {}
    },
    {
      "label": "plastic01",
      "points": [
        [
          224.68253968253964,
          262.96296296296293
        ],
        [
          264.36507936507934,
          262.96296296296293
        ],
        [
          253.78306878306876,
          234.39153439153438
        ],
        [
          237.38095238095235,
          231.21693121693121
        ]
      ],
      "group_id": null,
      "shape_type": "polygon",
      "flags": {}
    },
    {
      "label": "wood01",
      "points": [
        [
          215.68783068783068,
          315.34391534391534
        ],
        [
          277.59259259259255,
          313.2275132275132
        ],
        [
          278.6507936507936,
          386.77248677248673
        ],
        [
          245.3174603174603,
          388.35978835978835
        ],
        [
          220.97883597883595,
          355.026455026455
        ],
        [
          213.57142857142856,
          344.97354497354496
        ]
      ],
      "group_id": null,
      "shape_type": "polygon",
      "flags": {}
    },
    {
      "label": "fabric15",
      "points": [
        [
          1.9312169312169232,
          460.8465608465608
        ],
        [
          41.084656084656075,
          450.7936507936508
        ],
        [
          186.58730158730157,
          441.26984126984127
        ],
        [
          204.04761904761904,
          438.0952380952381
        ],
        [
          269.1269841269841,
          443.9153439153439
        ],
        [
          279.7089947089947,
          437.5661375661375
        ],
        [
          257.48677248677245,
          411.1111111111111
        ],
        [
          247.43386243386243,
          389.4179894179894
        ],
        [
          281.29629629629625,
          388.35978835978835
        ],
        [
          281.29629629629625,
          382.01058201058197
        ],
        [
          298.7566137566137,
          378.3068783068783
        ],
        [
          305.1058201058201,
          386.77248677248673
        ],
        [
          305.1058201058201,
          393.1216931216931
        ],
        [
          320.97883597883595,
          395.2380952380952
        ],
        [
          336.85185185185185,
          406.87830687830683
        ],
        [
          324.15343915343914,
          411.1111111111111
        ],
        [
          330.50264550264546,
          441.79894179894177
        ],
        [
          345.3174603174603,
          462.96296296296293
        ],
        [
          368.59788359788354,
          479.36507936507934
        ],
        [
          391.87830687830683,
          477.2486772486772
        ],
        [
          391,
          511
        ],
        [
          2,
          511
        ]
      ],
      "group_id": null,
      "shape_type": "polygon",
      "flags": {}
    }
  ],
  "imagePath": "140b4eb.jpg",
  "imageData": "",
  "imageHeight": 512,
  "imageWidth": 512
}
