{
  "version": "3.20.1",
  "flags": {},
  "shapes": [
    {
      "label": "fabric01",
      "line_color": null,
      "fill_color": null,
      "points": [
        [
          344.4130434782609,
          164.1304347826087
        ],
        [
          337.89130434782606,
          302.17391304347825
        ],
        [
          405.28260869565213,
          318.4782608695652
        ],
        [
          415.6086956521739,
          301.6304347826087
        ],
        [
          428.6521739130435,
          315.2173913043478
        ],
        [
          474.8478260869565,
          320.65217391304344
        ],
        [
          487.891304347826,
          175.54347826086956
        ],
        [
          510.17391304347825,
          232.06521739130434
        ],
        [
          509.63043478260863,
          140.76086956521738
        ],
        [
          412.3478260869565,
          154.8913043478261
        ]
      ],
      "shape_type": "polygon",
      "flags": {}
    },
    {
      "label": "fabric02",
      "line_color": null,
      "fill_color": null,
      "points": [
        [
          3.108695652173907,
          351.6304347826087
        ],
        [
          13.978260869565219,
          345.65217391304344
        ],
        [
          19.413043478260875,
          349.45652173913044
        ],
        [
          48.217391304347814,
          349.45652173913044
        ],
        [
          54.19565217391303,
          352.7173913043478
        ],
        [
          55.82608695652172,
          382.0652173913043
        ],
        [
          67.2391304347826,
          398.3695652173913
        ],
        [
          101.47826086956519,
          433.695652173913
        ],
        [
          108.0,
          441.8478260869565
        ],
        [
          106.91304347826087,
          458.695652173913
        ],
        [
          102.56521739130432,
          463.04347826086956
        ],
        [
          103.10869565217388,
          441.30434782608694
        ],
        [
          1.4782608695652186,
          453.80434782608694
        ]
      ],
      "shape_type": "polygon",
      "flags": {}
    },
    {
      "label": "fabric03",
      "line_color": null,
      "fill_color": null,
      "points": [
        [
          219.41304347826087,
          396.195652173913
        ],
        [
          218.32608695652175,
          426.0869565217391
        ],
        [
          254.73913043478257,
          443.4782608695652
        ],
        [
          255.28260869565213,
          421.73913043478257
        ],
        [
          286.80434782608694,
          419.02173913043475
        ],
        [
          298.2173913043478,
          411.95652173913044
        ],
        [
          307.45652173913044,
          412.5
        ],
        [
          343.3260869565217,
          410.8695652173913
        ],
        [
          347.67391304347825,
          405.4347826086956
        ],
        [
          323.2173913043478,
          396.195652173913
        ],
        [
          303.65217391304344,
          392.9347826086956
        ],
        [
          288.9782608695652,
          394.5652173913043
        ],
        [
          277.5652173913043,
          411.95652173913044
        ],
        [
          255.28260869565213,
          409.23913043478257
        ],
        [
          253.10869565217388,
          401.0869565217391
        ]
      ],
      "shape_type": "polygon",
      "flags": {}
    },
    {
      "label": "fabric04",
      "line_color": null,
      "fill_color": null,
      "points": [
        [
          291.15217391304344,
          345.65217391304344
        ],
        [
          295.5,
          348.9130434782609
        ],
        [
          298.2173913043478,
          367.9347826086956
        ],
        [
          314.52173913043475,
          389.67391304347825
        ],
        [
          349.3043478260869,
          403.2608695652174
        ],
        [
          356.9130434782609,
          395.1086956521739
        ],
        [
          343.3260869565217,
          383.695652173913
        ],
        [
          346.0434782608695,
          363.5869565217391
        ],
        [
          354.195652173913,
          362.5
        ],
        [
          359.63043478260863,
          365.7608695652174
        ],
        [
          375.9347826086956,
          366.8478260869565
        ],
        [
          348.21739130434776,
          341.8478260869565
        ],
        [
          297.1304347826087,
          345.1086956521739
        ]
      ],
      "shape_type": "polygon",
      "flags": {}
    },
    {
      "label": "wood01",
      "line_color": null,
      "fill_color": null,
      "points": [
        [
          83.0,
          361.95652173913044
        ],
        [
          83.0,
          414.67391304347825
        ],
        [
          102.56521739130432,
          432.6086956521739
        ],
        [
          108.54347826086956,
          436.95652173913044
        ],
        [
          109.08695652173913,
          453.2608695652174
        ],
        [
          138.43478260869563,
          450.54347826086956
        ],
        [
          140.06521739130432,
          467.9347826086956
        ],
        [
          142.23913043478262,
          467.9347826086956
        ],
        [
          147.1304347826087,
          466.30434782608694
        ],
        [
          144.41304347826087,
          363.5869565217391
        ],
        [
          104.195652173913,
          361.95652173913044
        ]
      ],
      "shape_type": "polygon",
      "flags": {}
    },
    {
      "label": "metal01",
      "line_color": null,
      "fill_color": null,
      "points": [
        [
          353.1086956521739,
          407.6086956521739
        ],
        [
          258.54347826086956,
          425.0
        ],
        [
          258.54347826086956,
          446.195652173913
        ],
        [
          173.2173913043478,
          402.7173913043478
        ],
        [
          169.95652173913044,
          413.04347826086956
        ],
        [
          252.02173913043475,
          469.02173913043475
        ],
        [
          253.10869565217388,
          484.78260869565213
        ],
        [
          257.45652173913044,
          487.5
        ],
        [
          255.82608695652175,
          509.78260869565213
        ],
        [
          262.89130434782606,
          510.86956521739125
        ],
        [
          261.2608695652174,
          429.89130434782606
        ],
        [
          344.95652173913044,
          416.8478260869565
        ],
        [
          344.95652173913044,
          508.15217391304344
        ],
        [
          349.8478260869565,
          508.695652173913
        ]
      ],
      "shape_type": "polygon",
      "flags": {}
    },
    {
      "label": "metal02",
      "line_color": null,
      "fill_color": null,
      "points": [
        [
          0.39130434782609314,
          455.9782608695652
        ],
        [
          103.10869565217388,
          445.1086956521739
        ],
        [
          103.65217391304344,
          510.86956521739125
        ],
        [
          96.58695652173913,
          510.3260869565217
        ],
        [
          96.04347826086956,
          454.3478260869565
        ],
        [
          77.02173913043478,
          458.15217391304344
        ],
        [
          76.47826086956522,
          508.15217391304344
        ],
        [
          68.86956521739128,
          509.78260869565213
        ],
        [
          69.95652173913044,
          458.15217391304344
        ],
        [
          44.95652173913044,
          460.8695652173913
        ],
        [
          46.04347826086956,
          508.695652173913
        ],
        [
          40.60869565217391,
          508.695652173913
        ],
        [
          37.3478260869565,
          460.8695652173913
        ],
        [
          18.869565217391283,
          463.5869565217391
        ],
        [
          16.15217391304347,
          509.78260869565213
        ],
        [
          13.978260869565219,
          508.695652173913
        ],
        [
          11.80434782608694,
          463.5869565217391
        ],
        [
          2.565217391304344,
          463.5869565217391
        ]
      ],
      "shape_type": "polygon",
      "flags": {}
    }
  ],
  "lineColor": [
    0,
    255,
    0,
    128
  ],
  "fillColor": [
    255,
    0,
    0,
    128
  ],
  "imagePath": "..\\pic\\346.jpg",
  "imageData": "",
  "imageHeight": 512,
  "imageWidth": 512
}
