{
  "version": "4.5.6",
  "flags": {},
  "shapes": [
    {
      "label": "plastic01",
      "points": [
        [
          82.35449735449734,
          1.0582010582010581
        ],
        [
          92.40740740740739,
          201.05820105820104
        ],
        [
          52.72486772486772,
          204.23280423280423
        ],
        [
          41.084656084656075,
          212.69841269841268
        ],
        [
          19.39153439153438,
          208.46560846560845
        ],
        [
          0.3439153439153415,
          214.28571428571428
        ],
        [
          1.9312169312169232,
          0.5291005291005291
        ]
      ],
      "group_id": null,
      "shape_type": "polygon",
      "flags": {}
    },
    {
      "label": "wood01",
      "points": [
        [
          101.93121693121691,
          251.85185185185185
        ],
        [
          111.98412698412696,
          282.01058201058197
        ],
        [
          200.34391534391534,
          253.43915343915342
        ],
        [
          141.08465608465605,
          250.79365079365078
        ],
        [
          135.26455026455025,
          247.08994708994706
        ],
        [
          122.56613756613754,
          247.08994708994706
        ],
        [
          118.86243386243385,
          241.79894179894177
        ],
        [
          114.62962962962962,
          251.85185185185185
        ]
      ],
      "group_id": null,
      "shape_type": "polygon",
      "flags": {}
    },
    {
      "label": "wood02",
      "points": [
        [
          158.54497354497352,
          276.7195767195767
        ],
        [
          367.53968253968253,
          510.5820105820105
        ],
        [
          511,
          510
        ],
        [
          508.80952380952374,
          350.2645502645502
        ],
        [
          455.3703703703703,
          321.69312169312167
        ],
        [
          419.3915343915344,
          321.69312169312167
        ],
        [
          414.1005291005291,
          355.026455026455
        ],
        [
          369.6560846560846,
          348.67724867724866
        ],
        [
          356.4285714285714,
          321.69312169312167
        ],
        [
          390.82010582010577,
          278.3068783068783
        ],
        [
          377.59259259259255,
          275.13227513227514
        ],
        [
          363.3068783068783,
          280.9523809523809
        ],
        [
          358.5449735449735,
          314.2857142857143
        ],
        [
          338.4391534391534,
          316.4021164021164
        ],
        [
          340.55555555555554,
          283.5978835978836
        ],
        [
          269.65608465608466,
          240.74074074074073
        ],
        [
          268.5978835978836,
          253.43915343915342
        ],
        [
          254.31216931216926,
          253.96825396825395
        ],
        [
          251.13756613756613,
          240.2116402116402
        ],
        [
          235.26455026455022,
          245.5026455026455
        ],
        [
          227.32804232804233,
          257.1428571428571
        ],
        [
          202.98941798941797,
          252.91005291005288
        ],
        [
          154.31216931216932,
          272.48677248677245
        ]
      ],
      "group_id": null,
      "shape_type": "polygon",
      "flags": {}
    },
    {
      "label": "wood03",
      "points": [
        [
          301.9312169312169,
          203.7037037037037
        ],
        [
          249.5502645502645,
          221.69312169312167
        ],
        [
          249.5502645502645,
          224.86772486772486
        ],
        [
          349.021164021164,
          287.8306878306878
        ],
        [
          390.82010582010577,
          267.1957671957672
        ],
        [
          381.29629629629625,
          253.43915343915342
        ],
        [
          382.8835978835979,
          247.08994708994706
        ],
        [
          372.8306878306878,
          243.9153439153439
        ],
        [
          322.5661375661375,
          258.73015873015873
        ],
        [
          267.01058201058197,
          224.86772486772486
        ],
        [
          303.5185185185185,
          211.64021164021162
        ]
      ],
      "group_id": null,
      "shape_type": "polygon",
      "flags": {}
    },
    {
      "label": "metal01",
      "points": [
        [
          24.153439153439137,
          313.2275132275132
        ],
        [
          45.846560846560834,
          430.6878306878307
        ],
        [
          25.2116402116402,
          439.68253968253964
        ],
        [
          30.502645502645493,
          478.8359788359788
        ],
        [
          81.82539682539681,
          456.6137566137566
        ],
        [
          71.24338624338623,
          395.76719576719574
        ],
        [
          56.95767195767195,
          407.9365079365079
        ],
        [
          41.61375661375661,
          308.99470899470896
        ],
        [
          27.32804232804233,
          312.69841269841265
        ]
      ],
      "group_id": null,
      "shape_type": "polygon",
      "flags": {}
    },
    {
      "label": "fabric01",
      "points": [
        [
          3.518518518518505,
          441.79894179894177
        ],
        [
          11.984126984126974,
          437.5661375661375
        ],
        [
          14.629629629629619,
          412.16931216931215
        ],
        [
          24.153439153439137,
          411.6402116402116
        ],
        [
          27.32804232804233,
          426.4550264550264
        ],
        [
          37.38095238095238,
          429.6296296296296
        ],
        [
          25.740740740740733,
          439.68253968253964
        ],
        [
          31.031746031746025,
          479.89417989417984
        ],
        [
          81.82539682539681,
          456.08465608465605
        ],
        [
          71.24338624338623,
          395.76719576719574
        ],
        [
          93.99470899470899,
          385.18518518518516
        ],
        [
          107.2222222222222,
          423.8095238095238
        ],
        [
          117.80423280423278,
          423.8095238095238
        ],
        [
          123.09523809523807,
          441.26984126984127
        ],
        [
          135.26455026455025,
          448.67724867724866
        ],
        [
          151.66666666666663,
          444.97354497354496
        ],
        [
          149.021164021164,
          469.8412698412698
        ],
        [
          95.58201058201058,
          467.7248677248677
        ],
        [
          87.64550264550263,
          495.2380952380952
        ],
        [
          97.69841269841268,
          506.3492063492063
        ],
        [
          113.57142857142856,
          500.5291005291005
        ],
        [
          109.33862433862433,
          487.8306878306878
        ],
        [
          142.67195767195767,
          491.5343915343915
        ],
        [
          125.2116402116402,
          509.5238095238095
        ],
        [
          1.9312169312169232,
          510.5820105820105
        ]
      ],
      "group_id": null,
      "shape_type": "polygon",
      "flags": {}
    },
    {
      "label": "fabric02",
      "points": [
        [
          187.11640211640207,
          438.6243386243386
        ],
        [
          186.05820105820106,
          443.9153439153439
        ],
        [
          193.99470899470896,
          452.38095238095235
        ],
        [
          189.2328042328042,
          460.3174603174603
        ],
        [
          179.17989417989418,
          458.2010582010582
        ],
        [
          171.77248677248673,
          469.31216931216926
        ],
        [
          244.78835978835974,
          470.3703703703703
        ],
        [
          246.90476190476187,
          501.058201058201
        ],
        [
          235.26455026455022,
          504.2328042328042
        ],
        [
          227.32804232804233,
          497.8835978835979
        ],
        [
          228.9153439153439,
          489.9470899470899
        ],
        [
          173.35978835978835,
          492.06349206349205
        ],
        [
          180.23809523809524,
          509.5238095238095
        ],
        [
          350,
          511
        ],
        [
          364.89417989417984,
          510.5820105820105
        ],
        [
          303.5185185185185,
          448.1481481481481
        ],
        [
          301.40211640211635,
          438.6243386243386
        ],
        [
          275.4761904761904,
          408.46560846560845
        ],
        [
          219.39153439153438,
          439.68253968253964
        ],
        [
          193.99470899470896,
          439.68253968253964
        ],
        [
          190.82010582010582,
          426.4550264550264
        ]
      ],
      "group_id": null,
      "shape_type": "polygon",
      "flags": {}
    }
  ],
  "imagePath": "64.jpg",
  "imageData": "",
  "imageHeight": 512,
  "imageWidth": 512
}
