{
  "version": "4.5.6",
  "flags": {},
  "shapes": [
    {
      "label": "glass01",
      "points": [
        [
          302.989417989418,
          166.66666666666666
        ],
        [
          302.989417989418,
          238.09523809523807
        ],
        [
          322.5661375661375,
          239.68253968253967
        ],
        [
          328.9153439153439,
          251.32275132275132
        ],
        [
          341.08465608465605,
          252.91005291005288
        ],
        [
          352.1957671957672,
          236.5079365079365
        ],
        [
          352.1957671957672,
          203.17460317460316
        ],
        [
          372.8306878306878,
          199.47089947089947
        ],
        [
          370.71428571428567,
          248.14814814814812
        ],
        [
          379.7089947089947,
          246.56084656084656
        ],
        [
          381.8253968253968,
          151.32275132275132
        ],
        [
          309.3386243386243,
          165.6084656084656
        ]
      ],
      "group_id": null,
      "shape_type": "polygon",
      "flags": {}
    },
    {
      "label": "glass02",
      "points": [
        [
          389.2328042328042,
          148.67724867724866
        ],
        [
          387.11640211640207,
          231.74603174603172
        ],
        [
          402.9894179894179,
          244.97354497354496
        ],
        [
          422.03703703703695,
          241.79894179894177
        ],
        [
          423.62433862433863,
          252.38095238095235
        ],
        [
          444.7883597883598,
          243.9153439153439
        ],
        [
          457.48677248677245,
          258.73015873015873
        ],
        [
          487.1164021164021,
          260.8465608465608
        ],
        [
          509.3386243386243,
          260.3174603174603
        ],
        [
          510.92592592592587,
          124.86772486772486
        ]
      ],
      "group_id": null,
      "shape_type": "polygon",
      "flags": {}
    },
    {
      "label": "plastic01",
      "points": [
        [
          221.5079365079365,
          291.5343915343915
        ],
        [
          218.86243386243382,
          335.44973544973544
        ],
        [
          238.43915343915342,
          332.80423280423275
        ],
        [
          241.6137566137566,
          360.8465608465608
        ],
        [
          252.1957671957672,
          366.66666666666663
        ],
        [
          252.7248677248677,
          383.06878306878303
        ],
        [
          305.1058201058201,
          369.8412698412698
        ],
        [
          302.989417989418,
          296.8253968253968
        ],
        [
          280.76719576719574,
          295.23809523809524
        ],
        [
          280.2380952380952,
          285.18518518518516
        ]
      ],
      "group_id": null,
      "shape_type": "polygon",
      "flags": {}
    },
    {
      "label": "plastic02",
      "points": [
        [
          334.20634920634916,
          282.53968253968253
        ],
        [
          336.85185185185185,
          326.984126984127
        ],
        [
          367.01058201058197,
          333.3333333333333
        ],
        [
          368.06878306878303,
          355.026455026455
        ],
        [
          389.2328042328042,
          342.85714285714283
        ],
        [
          386.58730158730157,
          276.19047619047615
        ],
        [
          331.5608465608465,
          277.2486772486772
        ]
      ],
      "group_id": null,
      "shape_type": "polygon",
      "flags": {}
    },
    {
      "label": "plastic03",
      "points": [
        [
          402.9894179894179,
          274.6031746031746
        ],
        [
          406.6931216931216,
          307.9365079365079
        ],
        [
          443.2010582010581,
          313.2275132275132
        ],
        [
          445.31746031746025,
          265.07936507936506
        ]
      ],
      "group_id": null,
      "shape_type": "polygon",
      "flags": {}
    },
    {
      "label": "plastic04",
      "points": [
        [
          453.78306878306876,
          269.8412698412698
        ],
        [
          459.074074074074,
          295.76719576719574
        ],
        [
          490.29100529100526,
          298.4126984126984
        ],
        [
          481.82539682539675,
          262.96296296296293
        ]
      ],
      "group_id": null,
      "shape_type": "polygon",
      "flags": {}
    },
    {
      "label": "plastic05",
      "points": [
        [
          37.38095238095238,
          266.66666666666663
        ],
        [
          36.85185185185185,
          289.4179894179894
        ],
        [
          41.084656084656075,
          296.8253968253968
        ],
        [
          41.084656084656075,
          321.16402116402116
        ],
        [
          51.66666666666666,
          329.10052910052906
        ],
        [
          49.021164021164,
          309.5238095238095
        ],
        [
          86.05820105820104,
          309.5238095238095
        ],
        [
          84.47089947089947,
          264.55026455026456
        ]
      ],
      "group_id": null,
      "shape_type": "polygon",
      "flags": {}
    },
    {
      "label": "plastic06",
      "points": [
        [
          115.68783068783068,
          257.1428571428571
        ],
        [
          118.86243386243385,
          268.78306878306876
        ],
        [
          113.57142857142856,
          269.8412698412698
        ],
        [
          114.10052910052909,
          284.65608465608466
        ],
        [
          122.56613756613754,
          288.88888888888886
        ],
        [
          125.2116402116402,
          306.87830687830683
        ],
        [
          149.55026455026456,
          306.87830687830683
        ],
        [
          150.60846560846556,
          265.07936507936506
        ],
        [
          138.96825396825395,
          264.55026455026456
        ],
        [
          137.38095238095235,
          253.43915343915342
        ]
      ],
      "group_id": null,
      "shape_type": "polygon",
      "flags": {}
    },
    {
      "label": "plastic07",
      "points": [
        [
          171.24338624338623,
          265.07936507936506
        ],
        [
          203.51851851851848,
          260.3174603174603
        ],
        [
          201.4021164021164,
          250.79365079365078
        ],
        [
          225.7407407407407,
          252.38095238095235
        ],
        [
          226.79894179894177,
          275.13227513227514
        ],
        [
          212.5132275132275,
          274.0740740740741
        ],
        [
          209.3386243386243,
          294.1798941798942
        ],
        [
          187.11640211640207,
          297.3544973544973
        ],
        [
          187.11640211640207,
          282.53968253968253
        ],
        [
          177.06349206349205,
          278.83597883597884
        ]
      ],
      "group_id": null,
      "shape_type": "polygon",
      "flags": {}
    },
    {
      "label": "glass03",
      "points": [
        [
          165.9523809523809,
          337.56613756613757
        ],
        [
          165.4232804232804,
          360.3174603174603
        ],
        [
          245.8465608465608,
          415.87301587301585
        ],
        [
          245.8465608465608,
          374.0740740740741
        ]
      ],
      "group_id": null,
      "shape_type": "polygon",
      "flags": {}
    },
    {
      "label": "glass04",
      "points": [
        [
          307.75132275132273,
          330.1587301587301
        ],
        [
          308.28042328042324,
          357.1428571428571
        ],
        [
          358.5449735449735,
          375.1322751322751
        ],
        [
          359.074074074074,
          342.85714285714283
        ]
      ],
      "group_id": null,
      "shape_type": "polygon",
      "flags": {}
    },
    {
      "label": "glass05",
      "points": [
        [
          390.29100529100526,
          312.69841269841265
        ],
        [
          393.99470899470896,
          338.0952380952381
        ],
        [
          439.4973544973544,
          348.14814814814815
        ],
        [
          441.0846560846561,
          323.8095238095238
        ]
      ],
      "group_id": null,
      "shape_type": "polygon",
      "flags": {}
    },
    {
      "label": "glass06",
      "points": [
        [
          446.9047619047618,
          301.05820105820106
        ],
        [
          447.96296296296293,
          317.989417989418
        ],
        [
          495.5820105820105,
          326.4550264550264
        ],
        [
          496.64021164021165,
          304.76190476190476
        ]
      ],
      "group_id": null,
      "shape_type": "polygon",
      "flags": {}
    },
    {
      "label": "wood01",
      "points": [
        [
          163.83597883597884,
          362.96296296296293
        ],
        [
          163.30687830687827,
          510.5820105820105
        ],
        [
          246.37566137566137,
          508.99470899470896
        ],
        [
          248.4920634920635,
          421.16402116402116
        ]
      ],
      "group_id": null,
      "shape_type": "polygon",
      "flags": {}
    },
    {
      "label": "plastic01",
      "points": [
        [
          307.75132275132273,
          406.87830687830683
        ],
        [
          293.46560846560845,
          423.28042328042324
        ],
        [
          283.94179894179894,
          466.1375661375661
        ],
        [
          260.1322751322751,
          452.91005291005285
        ],
        [
          258.5449735449735,
          462.96296296296293
        ],
        [
          259,
          511
        ],
        [
          342,
          511
        ],
        [
          335.2645502645502,
          442.3280423280423
        ],
        [
          362.2486772486772,
          389.4179894179894
        ],
        [
          336.3227513227513,
          400.0
        ]
      ],
      "group_id": null,
      "shape_type": "polygon",
      "flags": {}
    },
    {
      "label": "plastic02",
      "points": [
        [
          407.2222222222222,
          361.37566137566137
        ],
        [
          431.56084656084647,
          363.4920634920635
        ],
        [
          447.4338624338624,
          352.9100529100529
        ],
        [
          431.56084656084647,
          372.48677248677245
        ],
        [
          424.68253968253964,
          397.8835978835979
        ],
        [
          423.0952380952381,
          435.97883597883595
        ],
        [
          426.79894179894177,
          459.78835978835974
        ],
        [
          396.6402116402116,
          479.36507936507934
        ],
        [
          365.9523809523809,
          464.5502645502645
        ],
        [
          365.9523809523809,
          410.5820105820106
        ],
        [
          382.8835978835979,
          416.9312169312169
        ],
        [
          390.29100529100526,
          384.65608465608466
        ]
      ],
      "group_id": null,
      "shape_type": "polygon",
      "flags": {}
    },
    {
      "label": "plastic03",
      "points": [
        [
          470.1851851851851,
          343.38624338624334
        ],
        [
          458.015873015873,
          358.2010582010582
        ],
        [
          452.1957671957672,
          386.77248677248673
        ],
        [
          446.9047619047618,
          388.35978835978835
        ],
        [
          445.31746031746025,
          434.3915343915344
        ],
        [
          463.3068783068783,
          443.9153439153439
        ],
        [
          485.52910052910045,
          429.10052910052906
        ],
        [
          485.52910052910045,
          410.05291005291
        ],
        [
          477.06349206349205,
          386.77248677248673
        ],
        [
          501.40211640211635,
          333.8624338624338
        ],
        [
          485.0,
          339.68253968253964
        ]
      ],
      "group_id": null,
      "shape_type": "polygon",
      "flags": {}
    },
    {
      "label": "plastic04",
      "points": [
        [
          52.19576719576719,
          311.64021164021165
        ],
        [
          49.55026455026453,
          345.50264550264546
        ],
        [
          49.021164021164,
          369.8412698412698
        ],
        [
          56.95767195767195,
          380.9523809523809
        ],
        [
          90.8201058201058,
          376.7195767195767
        ],
        [
          93.46560846560845,
          351.3227513227513
        ],
        [
          98.22751322751321,
          330.6878306878307
        ],
        [
          92.40740740740739,
          311.64021164021165
        ]
      ],
      "group_id": null,
      "shape_type": "polygon",
      "flags": {}
    },
    {
      "label": "plastic05",
      "points": [
        [
          128.38624338624336,
          308.46560846560845
        ],
        [
          132.6190476190476,
          353.4391534391534
        ],
        [
          140.026455026455,
          368.25396825396825
        ],
        [
          160.66137566137564,
          367.7248677248677
        ],
        [
          159.07407407407408,
          321.69312169312167
        ],
        [
          168.5978835978836,
          328.042328042328
        ],
        [
          163.30687830687827,
          302.64550264550263
        ],
        [
          149.021164021164,
          307.9365079365079
        ]
      ],
      "group_id": null,
      "shape_type": "polygon",
      "flags": {}
    }
  ],
  "imagePath": "155.jpg",
  "imageData": "",
  "imageHeight": 512,
  "imageWidth": 512
}
