{
  "version": "4.5.6",
  "flags": {},
  "shapes": [
    {
      "label": "fabric02",
      "points": [
        [
          42.90355329949239,
          334.51776649746193
        ],
        [
          52.54822335025381,
          364.9746192893401
        ],
        [
          50.517766497461935,
          379.18781725888323
        ],
        [
          71.83756345177665,
          377.15736040609136
        ],
        [
          95.69543147208122,
          377.66497461928935
        ],
        [
          86.55837563451777,
          349.74619289340103
        ],
        [
          85.03553299492387,
          327.9187817258883
        ],
        [
          68.28426395939087,
          336.04060913705587
        ]
      ],
      "group_id": null,
      "shape_type": "polygon",
      "flags": {}
    },
    {
      "label": "fabric03",
      "points": [
        [
          164.73096446700507,
          324.8730964467005
        ],
        [
          153.56345177664974,
          351.7766497461929
        ],
        [
          149.502538071066,
          375.6345177664975
        ],
        [
          158.63959390862945,
          374.11167512690355
        ],
        [
          180.46700507614213,
          381.7258883248731
        ],
        [
          181.48223350253807,
          357.3604060913706
        ],
        [
          190.61928934010155,
          349.23857868020303
        ],
        [
          194.1725888324873,
          329.9492385786802
        ],
        [
          173.86802030456852,
          332.994923857868
        ]
      ],
      "group_id": null,
      "shape_type": "polygon",
      "flags": {}
    },
    {
      "label": "fabric08",
      "points": [
        [
          155.08629441624365,
          435.02538071065993
        ],
        [
          154.0710659898477,
          470.55837563451774
        ],
        [
          150.51776649746193,
          470.0507614213198
        ],
        [
          147.9796954314721,
          433.502538071066
        ],
        [
          144.4263959390863,
          441.11675126903555
        ],
        [
          144.93401015228426,
          510.65989847715736
        ],
        [
          184.52791878172587,
          510.1522842639594
        ],
        [
          189.0964467005076,
          492.38578680203045
        ],
        [
          184.52791878172587,
          485.2791878172589
        ],
        [
          181.48223350253807,
          436.5482233502538
        ]
      ],
      "group_id": null,
      "shape_type": "polygon",
      "flags": {}
    },
    {
      "label": "fabric09",
      "points": [
        [
          3.3096446700507585,
          112.18274111675127
        ],
        [
          248.994923857868,
          116.24365482233503
        ],
        [
          248.994923857868,
          118.2741116751269
        ],
        [
          246.4568527918782,
          410.1522842639594
        ],
        [
          234.7817258883249,
          409.1370558375635
        ],
        [
          221.07614213197968,
          401.52284263959393
        ],
        [
          197.7258883248731,
          403.5532994923858
        ],
        [
          199.75634517766497,
          319.79695431472084
        ],
        [
          50.517766497461935,
          319.28934010152284
        ],
        [
          48.99492385786803,
          331.97969543147207
        ],
        [
          41.38071065989848,
          332.994923857868
        ],
        [
          48.48730964467006,
          352.79187817258884
        ],
        [
          36.81218274111676,
          350.76142131979697
        ],
        [
          33.25888324873097,
          357.3604060913706
        ],
        [
          31.22842639593908,
          376.6497461928934
        ],
        [
          16.507614213197968,
          378.6802030456853
        ],
        [
          22.09137055837563,
          389.84771573604064
        ],
        [
          1.2791878172588866,
          387.8172588832487
        ]
      ],
      "group_id": null,
      "shape_type": "polygon",
      "flags": {}
    },
    {
      "label": "glass01",
      "points": [
        [
          2.8020304568527905,
          89.34010152284264
        ],
        [
          261.7195767195767,
          93.12169312169311
        ],
        [
          248.4920634920635,
          116.40211640211639
        ],
        [
          4.324873096446709,
          110.65989847715736
        ]
      ],
      "group_id": null,
      "shape_type": "polygon",
      "flags": {}
    },
    {
      "label": "fabric10",
      "points": [
        [
          32.751269035533,
          395.43147208121826
        ],
        [
          23.10659898477158,
          415.2284263959391
        ],
        [
          33.766497461928935,
          480.71065989847716
        ],
        [
          118.53807106598984,
          481.7258883248731
        ],
        [
          117.01522842639594,
          405.0761421319797
        ],
        [
          109.40101522842639,
          396.4467005076142
        ]
      ],
      "group_id": null,
      "shape_type": "polygon",
      "flags": {}
    },
    {
      "label": "wood03",
      "points": [
        [
          255.59390862944161,
          222.33502538071068
        ],
        [
          271.83756345177665,
          216.751269035533
        ],
        [
          273.3604060913706,
          203.55329949238578
        ],
        [
          286.55837563451774,
          203.0456852791878
        ],
        [
          289.0964467005076,
          224.87309644670052
        ],
        [
          324.6294416243655,
          223.3502538071066
        ],
        [
          326.65989847715736,
          188.3248730964467
        ],
        [
          478.4365482233503,
          189.8477157360406
        ],
        [
          491.6345177664974,
          402.53807106598987
        ],
        [
          510.92385786802026,
          419.79695431472084
        ],
        [
          510.4162436548223,
          0.5076142131979695
        ],
        [
          484.0203045685279,
          4.060913705583756
        ],
        [
          320.06091370558374,
          158.88324873096448
        ],
        [
          323.10659898477155,
          141.62436548223351
        ],
        [
          329.1979695431472,
          138.0710659898477
        ],
        [
          332.24365482233503,
          118.2741116751269
        ],
        [
          377.9289340101523,
          68.02030456852792
        ],
        [
          380.9746192893401,
          103.04568527918782
        ],
        [
          390.11167512690355,
          93.90862944162437
        ],
        [
          390.11167512690355,
          39.59390862944162
        ],
        [
          416.0,
          0.5076142131979695
        ],
        [
          345.9492385786802,
          1.015228426395939
        ],
        [
          304.83248730964465,
          88.83248730964468
        ],
        [
          275.39086294416245,
          62.944162436548226
        ],
        [
          256.1015228426396,
          150.253807106599
        ],
        [
          268.28426395939084,
          142.63959390862945
        ],
        [
          269.8071065989848,
          103.04568527918782
        ],
        [
          274.88324873096445,
          102.53807106598985
        ],
        [
          274.88324873096445,
          120.30456852791879
        ],
        [
          285.03553299492387,
          104.06091370558376
        ],
        [
          286.0507614213198,
          125.38071065989848
        ],
        [
          254.07106598984774,
          194.41624365482232
        ]
      ],
      "group_id": null,
      "shape_type": "polygon",
      "flags": {}
    },
    {
      "label": "fabric01",
      "points": [
        [
          49.55026455026453,
          329.6296296296296
        ],
        [
          72.83068783068782,
          334.9206349206349
        ],
        [
          84.47089947089947,
          329.10052910052906
        ],
        [
          86.05820105820104,
          350.7936507936508
        ],
        [
          97.16931216931215,
          379.36507936507934
        ],
        [
          50.07936507936506,
          380.9523809523809
        ],
        [
          50.07936507936506,
          355.026455026455
        ],
        [
          35.26455026455025,
          353.9682539682539
        ],
        [
          33.677248677248656,
          377.77777777777777
        ],
        [
          36.85185185185185,
          380.9523809523809
        ],
        [
          42.14285714285714,
          395.76719576719574
        ],
        [
          111.45502645502643,
          394.7089947089947
        ],
        [
          118.86243386243385,
          403.17460317460313
        ],
        [
          128.9153439153439,
          403.17460317460313
        ],
        [
          125.74074074074073,
          379.89417989417984
        ],
        [
          146.37566137566137,
          379.89417989417984
        ],
        [
          146.37566137566137,
          403.7037037037037
        ],
        [
          176.5343915343915,
          404.76190476190476
        ],
        [
          171.77248677248673,
          422.75132275132273
        ],
        [
          180.76719576719574,
          422.75132275132273
        ],
        [
          186.05820105820106,
          409.5238095238095
        ],
        [
          195.05291005291002,
          403.7037037037037
        ],
        [
          197.69841269841265,
          355.026455026455
        ],
        [
          189.76190476190476,
          350.2645502645502
        ],
        [
          181.2962962962963,
          357.1428571428571
        ],
        [
          182.3544973544973,
          382.53968253968253
        ],
        [
          160.13227513227514,
          374.0740740740741
        ],
        [
          148.4920634920635,
          376.7195767195767
        ],
        [
          153.25396825396825,
          352.38095238095235
        ],
        [
          164.8941798941799,
          325.9259259259259
        ],
        [
          173.35978835978835,
          333.8624338624338
        ],
        [
          195.05291005291002,
          329.6296296296296
        ],
        [
          190.82010582010582,
          352.38095238095235
        ],
        [
          198.2275132275132,
          357.1428571428571
        ],
        [
          198.75661375661372,
          320.1058201058201
        ],
        [
          52.72486772486772,
          320.6349206349206
        ]
      ],
      "group_id": null,
      "shape_type": "polygon",
      "flags": {}
    }
  ],
  "imagePath": "1a51a07.jpg",
  "imageData": "",
  "imageHeight": 512,
  "imageWidth": 512
}
