{
  "version": "3.20.1",
  "flags": {},
  "shapes": [
    {
      "label": "fabric01",
      "line_color": null,
      "fill_color": null,
      "points": [
        [
          348.21739130434776,
          114.67391304347825
        ],
        [
          291.695652173913,
          123.91304347826086
        ],
        [
          260.7173913043478,
          147.28260869565216
        ],
        [
          187.3478260869565,
          166.30434782608694
        ],
        [
          179.73913043478257,
          177.7173913043478
        ],
        [
          74.30434782608694,
          227.7173913043478
        ],
        [
          25.934782608695656,
          225.0
        ],
        [
          21.586956521739125,
          314.1304347826087
        ],
        [
          57.45652173913044,
          345.1086956521739
        ],
        [
          97.67391304347825,
          352.7173913043478
        ],
        [
          165.06521739130432,
          351.6304347826087
        ],
        [
          176.4782608695652,
          353.2608695652174
        ],
        [
          283.0,
          402.7173913043478
        ],
        [
          315.0652173913043,
          420.65217391304344
        ],
        [
          349.8478260869565,
          382.0652173913043
        ],
        [
          401.47826086956525,
          322.82608695652175
        ],
        [
          425.9347826086956,
          327.17391304347825
        ],
        [
          455.28260869565213,
          311.4130434782609
        ],
        [
          456.36956521739125,
          293.4782608695652
        ],
        [
          465.0652173913044,
          233.69565217391303
        ],
        [
          478.1086956521739,
          199.45652173913044
        ],
        [
          479.195652173913,
          172.82608695652172
        ],
        [
          468.86956521739125,
          155.43478260869566
        ],
        [
          438.4347826086956,
          141.8478260869565
        ],
        [
          416.695652173913,
          130.97826086956522
        ],
        [
          386.8043478260869,
          141.8478260869565
        ],
        [
          361.8043478260869,
          129.3478260869565
        ]
      ],
      "shape_type": "polygon",
      "flags": {}
    },
    {
      "label": "wood01",
      "line_color": null,
      "fill_color": null,
      "points": [
        [
          24.30434782608694,
          320.65217391304344
        ],
        [
          24.847826086956502,
          340.2173913043478
        ],
        [
          28.65217391304347,
          347.82608695652175
        ],
        [
          31.913043478260875,
          396.73913043478257
        ],
        [
          52.02173913043478,
          402.7173913043478
        ],
        [
          52.02173913043478,
          333.695652173913
        ]
      ],
      "shape_type": "polygon",
      "flags": {}
    },
    {
      "label": "wood02",
      "line_color": null,
      "fill_color": null,
      "points": [
        [
          103.10869565217388,
          353.80434782608694
        ],
        [
          288.9782608695652,
          458.15217391304344
        ],
        [
          286.2608695652174,
          507.6086956521739
        ],
        [
          336.2608695652174,
          508.695652173913
        ],
        [
          337.3478260869565,
          448.9130434782609
        ],
        [
          417.78260869565213,
          330.4347826086956
        ],
        [
          402.5652173913044,
          322.2826086956522
        ],
        [
          319.4130434782609,
          423.3695652173913
        ],
        [
          173.76086956521738,
          355.9782608695652
        ]
      ],
      "shape_type": "polygon",
      "flags": {}
    },
    {
      "label": "wood03",
      "line_color": null,
      "fill_color": null,
      "points": [
        [
          507.4565217391304,
          213.58695652173913
        ],
        [
          492.78260869565213,
          210.86956521739128
        ],
        [
          473.7608695652174,
          244.56521739130434
        ],
        [
          475.391304347826,
          260.8695652173913
        ],
        [
          460.17391304347825,
          348.9130434782609
        ],
        [
          473.7608695652174,
          355.4347826086956
        ],
        [
          484.0869565217391,
          269.02173913043475
        ],
        [
          510.17391304347825,
          273.9130434782609
        ]
      ],
      "shape_type": "polygon",
      "flags": {}
    },
    {
      "label": "glass01",
      "line_color": null,
      "fill_color": null,
      "points": [
        [
          481.36956521739125,
          3.260869565217391
        ],
        [
          472.67391304347825,
          88.58695652173913
        ],
        [
          508.5434782608695,
          93.47826086956522
        ],
        [
          508.5434782608695,
          1.6304347826086956
        ]
      ],
      "shape_type": "polygon",
      "flags": {}
    }
  ],
  "lineColor": [
    0,
    255,
    0,
    128
  ],
  "fillColor": [
    255,
    0,
    0,
    128
  ],
  "imagePath": "..\\pic\\454.jpg",
  "imageData": "",
  "imageHeight": 512,
  "imageWidth": 512
}
