{
  "version": "3.20.1",
  "flags": {},
  "shapes": [
    {
      "label": "fabric01",
      "line_color": null,
      "fill_color": null,
      "points": [
        [
          74.13043478260869,
          346.195652173913
        ],
        [
          85.54347826086956,
          327.7173913043478
        ],
        [
          87.71739130434781,
          307.6086956521739
        ],
        [
          119.78260869565219,
          288.04347826086956
        ],
        [
          148.58695652173913,
          279.89130434782606
        ],
        [
          207.28260869565213,
          277.17391304347825
        ],
        [
          257.82608695652175,
          283.695652173913
        ],
        [
          391.52173913043475,
          345.1086956521739
        ],
        [
          425.7608695652174,
          385.32608695652175
        ],
        [
          433.9130434782609,
          401.0869565217391
        ],
        [
          445.86956521739125,
          444.02173913043475
        ],
        [
          442.6086956521739,
          446.73913043478257
        ],
        [
          436.0869565217391,
          439.1304347826087
        ],
        [
          407.82608695652175,
          436.95652173913044
        ],
        [
          386.0869565217391,
          433.695652173913
        ],
        [
          382.28260869565213,
          439.67391304347825
        ],
        [
          357.82608695652175,
          442.39130434782606
        ],
        [
          293.695652173913,
          465.7608695652174
        ],
        [
          273.04347826086956,
          472.28260869565213
        ],
        [
          239.89130434782606,
          476.6304347826087
        ],
        [
          201.8478260869565,
          494.5652173913043
        ],
        [
          190.43478260869563,
          494.5652173913043
        ],
        [
          173.04347826086956,
          507.6086956521739
        ],
        [
          100.76086956521738,
          509.78260869565213
        ],
        [
          114.3478260869565,
          465.2173913043478
        ],
        [
          100.21739130434781,
          378.2608695652174
        ],
        [
          83.91304347826085,
          369.5652173913043
        ],
        [
          93.15217391304344,
          357.0652173913043
        ]
      ],
      "shape_type": "polygon",
      "flags": {}
    },
    {
      "label": "plastic01",
      "line_color": null,
      "fill_color": null,
      "points": [
        [
          287.7173913043478,
          166.30434782608694
        ],
        [
          299.67391304347825,
          166.30434782608694
        ],
        [
          318.15217391304344,
          166.30434782608694
        ],
        [
          331.195652173913,
          166.30434782608694
        ],
        [
          336.0869565217391,
          165.2173913043478
        ],
        [
          319.23913043478257,
          133.69565217391303
        ],
        [
          299.67391304347825,
          134.2391304347826
        ]
      ],
      "shape_type": "polygon",
      "flags": {}
    },
    {
      "label": "wood01",
      "line_color": null,
      "fill_color": null,
      "points": [
        [
          286.0869565217391,
          278.80434782608694
        ],
        [
          286.0869565217391,
          295.65217391304344
        ],
        [
          301.8478260869565,
          305.9782608695652
        ],
        [
          329.02173913043475,
          316.30434782608694
        ],
        [
          329.5652173913043,
          280.9782608695652
        ],
        [
          299.67391304347825,
          279.89130434782606
        ],
        [
          297.5,
          278.80434782608694
        ]
      ],
      "shape_type": "polygon",
      "flags": {}
    },
    {
      "label": "plastic02",
      "line_color": null,
      "fill_color": null,
      "points": [
        [
          2.391304347826093,
          272.82608695652175
        ],
        [
          18.15217391304347,
          273.3695652173913
        ],
        [
          50.217391304347814,
          271.7391304347826
        ],
        [
          50.217391304347814,
          270.65217391304344
        ],
        [
          37.717391304347814,
          243.47826086956522
        ],
        [
          4.021739130434781,
          241.8478260869565
        ],
        [
          2.934782608695656,
          260.8695652173913
        ]
      ],
      "shape_type": "polygon",
      "flags": {}
    }
  ],
  "lineColor": [
    0,
    255,
    0,
    128
  ],
  "fillColor": [
    255,
    0,
    0,
    128
  ],
  "imagePath": "..\\pic\\632.jpg",
  "imageData": "",
  "imageHeight": 512,
  "imageWidth": 512
}
