{
  "version": "4.5.6",
  "flags": {},
  "shapes": [
    {
      "label": "fabric01",
      "points": [
        [
          210.39682539682536,
          224.86772486772486
        ],
        [
          219.92063492063488,
          242.3280423280423
        ],
        [
          217.80423280423275,
          285.18518518518516
        ],
        [
          329.4444444444444,
          290.4761904761905
        ],
        [
          333.1481481481481,
          286.2433862433862
        ],
        [
          354.31216931216926,
          283.06878306878303
        ],
        [
          373.88888888888886,
          286.2433862433862
        ],
        [
          361.7195767195767,
          277.2486772486772
        ],
        [
          355.3703703703703,
          210.58201058201058
        ]
      ],
      "group_id": null,
      "shape_type": "polygon",
      "flags": {}
    },
    {
      "label": "fabric02",
      "points": [
        [
          171.24338624338623,
          177.77777777777777
        ],
        [
          298.2275132275132,
          182.53968253968253
        ],
        [
          360.1322751322751,
          179.89417989417987
        ],
        [
          413.57142857142856,
          177.77777777777777
        ],
        [
          434.20634920634916,
          275.66137566137564
        ],
        [
          417.27513227513225,
          288.35978835978835
        ],
        [
          389.7619047619047,
          293.1216931216931
        ],
        [
          362.2486772486772,
          277.2486772486772
        ],
        [
          355.8994708994709,
          210.58201058201058
        ],
        [
          210.92592592592592,
          221.69312169312167
        ],
        [
          222.037037037037,
          241.79894179894177
        ],
        [
          217.27513227513225,
          283.06878306878303
        ],
        [
          176.5343915343915,
          279.8941798941799
        ],
        [
          165.9523809523809,
          274.6031746031746
        ],
        [
          165.9523809523809,
          264.021164021164
        ],
        [
          192.4074074074074,
          253.96825396825395
        ],
        [
          191.34920634920633,
          232.27513227513225
        ],
        [
          173.35978835978835,
          220.63492063492063
        ]
      ],
      "group_id": null,
      "shape_type": "polygon",
      "flags": {}
    },
    {
      "label": "fabric06",
      "points": [
        [
          239.49735449735448,
          457.1428571428571
        ],
        [
          254.84126984126982,
          457.1428571428571
        ],
        [
          296.1111111111111,
          508.99470899470896
        ],
        [
          511.0,
          510.0
        ],
        [
          511.0,
          417.0
        ],
        [
          307.2222222222222,
          390.4761904761904
        ],
        [
          298.2275132275132,
          384.1269841269841
        ],
        [
          307.2222222222222,
          359.25925925925924
        ],
        [
          299.8148148148148,
          355.55555555555554
        ],
        [
          259.0740740740741,
          361.37566137566137
        ],
        [
          242.1428571428571,
          412.16931216931215
        ],
        [
          245.8465608465608,
          420.1058201058201
        ],
        [
          236.3227513227513,
          434.9206349206349
        ]
      ],
      "group_id": null,
      "shape_type": "polygon",
      "flags": {}
    },
    {
      "label": "fabric09",
      "points": [
        [
          438.968253968254,
          2.645502645502645
        ],
        [
          432.6190476190476,
          63.49206349206349
        ],
        [
          432.6190476190476,
          247.6190476190476
        ],
        [
          416.21693121693113,
          179.89417989417987
        ],
        [
          377.59259259259255,
          174.07407407407408
        ],
        [
          379.1798941798941,
          2.1164021164021163
        ]
      ],
      "group_id": null,
      "shape_type": "polygon",
      "flags": {}
    },
    {
      "label": "plastic01",
      "points": [
        [
          37.91005291005291,
          22.75132275132275
        ],
        [
          187.11640211640207,
          21.16402116402116
        ],
        [
          174.94708994708992,
          1.0582010582010581
        ],
        [
          38.96825396825395,
          1.5873015873015872
        ],
        [
          27.32804232804233,
          23.28042328042328
        ]
      ],
      "group_id": null,
      "shape_type": "polygon",
      "flags": {}
    },
    {
      "label": "glass01",
      "points": [
        [
          36.322751322751316,
          269.3121693121693
        ],
        [
          109.33862433862433,
          263.4920634920635
        ],
        [
          164.8941798941799,
          254.49735449735448
        ],
        [
          187.64550264550263,
          246.03174603174602
        ],
        [
          191.34920634920633,
          233.33333333333331
        ],
        [
          176.00529100529099,
          224.86772486772486
        ],
        [
          173.35978835978835,
          231.21693121693121
        ],
        [
          178.65079365079362,
          240.2116402116402
        ],
        [
          169.1269841269841,
          243.38624338624336
        ],
        [
          167.01058201058197,
          235.44973544973544
        ],
        [
          113.04232804232802,
          234.39153439153438
        ],
        [
          93.46560846560845,
          235.44973544973544
        ],
        [
          88.17460317460316,
          247.08994708994706
        ],
        [
          73.35978835978835,
          248.14814814814812
        ],
        [
          69.65608465608463,
          253.43915343915342
        ]
      ],
      "group_id": null,
      "shape_type": "polygon",
      "flags": {}
    },
    {
      "label": "glass02",
      "points": [
        [
          331.031746031746,
          289.9470899470899
        ],
        [
          334.7354497354497,
          320.1058201058201
        ],
        [
          346.37566137566137,
          328.042328042328
        ],
        [
          349.021164021164,
          344.4444444444444
        ],
        [
          336.3227513227513,
          357.1428571428571
        ],
        [
          348.49206349206344,
          362.96296296296293
        ],
        [
          364.89417989417984,
          360.8465608465608
        ],
        [
          368.59788359788354,
          354.4973544973545
        ],
        [
          360.1322751322751,
          346.5608465608465
        ],
        [
          360.1322751322751,
          337.56613756613757
        ],
        [
          365.4232804232804,
          326.984126984127
        ],
        [
          373.88888888888886,
          315.87301587301585
        ],
        [
          372.8306878306878,
          289.4179894179894
        ],
        [
          362.77777777777777,
          283.06878306878303
        ],
        [
          342.6719576719576,
          284.1269841269841
        ]
      ],
      "group_id": null,
      "shape_type": "polygon",
      "flags": {}
    },
    {
      "label": "glass03",
      "points": [
        [
          407.2222222222222,
          296.8253968253968
        ],
        [
          406.6931216931216,
          314.2857142857143
        ],
        [
          410.92592592592587,
          330.6878306878307
        ],
        [
          418.8624338624338,
          342.85714285714283
        ],
        [
          421.5079365079365,
          354.4973544973545
        ],
        [
          405.10582010582004,
          366.1375661375661
        ],
        [
          415.1587301587301,
          375.1322751322751
        ],
        [
          428.9153439153439,
          377.77777777777777
        ],
        [
          445.31746031746025,
          374.0740740740741
        ],
        [
          443.2010582010581,
          364.5502645502645
        ],
        [
          435.7936507936507,
          355.026455026455
        ],
        [
          434.7354497354497,
          343.9153439153439
        ],
        [
          443.2010582010581,
          337.56613756613757
        ],
        [
          447.96296296296293,
          320.1058201058201
        ],
        [
          447.4338624338624,
          301.58730158730157
        ],
        [
          443.2010582010581,
          295.23809523809524
        ],
        [
          419.92063492063494,
          293.1216931216931
        ]
      ],
      "group_id": null,
      "shape_type": "polygon",
      "flags": {}
    },
    {
      "label": "glass06",
      "points": [
        [
          296.0,
          0.0
        ],
        [
          296.6402116402116,
          176.7195767195767
        ],
        [
          358.5449735449735,
          169.3121693121693
        ],
        [
          363.0,
          0.0
        ]
      ],
      "group_id": null,
      "shape_type": "polygon",
      "flags": {}
    },
    {
      "label": "wood01",
      "points": [
        [
          452.1957671957672,
          162.96296296296296
        ],
        [
          480.76719576719574,
          171.42857142857142
        ],
        [
          511.0,
          169.0
        ],
        [
          511.0,
          256.0
        ],
        [
          454.84126984126976,
          256.6137566137566
        ],
        [
          448.4920634920635,
          253.96825396825395
        ],
        [
          447.4338624338624,
          215.34391534391534
        ],
        [
          447.4338624338624,
          176.7195767195767
        ],
        [
          441.61375661375655,
          167.1957671957672
        ]
      ],
      "group_id": null,
      "shape_type": "polygon",
      "flags": {}
    },
    {
      "label": "fabric10",
      "points": [
        [
          107.2222222222222,
          385.71428571428567
        ],
        [
          181.8253968253968,
          385.71428571428567
        ],
        [
          178.1216931216931,
          423.8095238095238
        ],
        [
          211.984126984127,
          446.5608465608465
        ],
        [
          238.96825396825392,
          444.4444444444444
        ],
        [
          239.49735449735448,
          460.3174603174603
        ],
        [
          256.4285714285714,
          458.7301587301587
        ],
        [
          294.5238095238095,
          508.46560846560845
        ],
        [
          60.0,
          511.0
        ],
        [
          0.8730158730158593,
          510.05291005291
        ],
        [
          1.4021164021163912,
          491.5343915343915
        ],
        [
          71.24338624338623,
          507.4074074074074
        ],
        [
          122.56613756613754,
          456.08465608465605
        ],
        [
          74.41798941798942,
          423.8095238095238
        ],
        [
          60.661375661375644,
          422.2222222222222
        ],
        [
          58.01587301587301,
          412.69841269841265
        ]
      ],
      "group_id": null,
      "shape_type": "polygon",
      "flags": {}
    },
    {
      "label": "glass04",
      "points": [
        [
          176.5343915343915,
          1.0582010582010581
        ],
        [
          209.86772486772486,
          1.0582010582010581
        ],
        [
          201.4021164021164,
          169.84126984126982
        ],
        [
          152.1957671957672,
          158.2010582010582
        ],
        [
          154.31216931216932,
          102.64550264550265
        ],
        [
          132.08994708994706,
          97.88359788359787
        ],
        [
          130.5026455026455,
          75.13227513227513
        ],
        [
          143.20105820105817,
          58.201058201058196
        ],
        [
          138.43915343915342,
          46.56084656084656
        ],
        [
          116.74603174603172,
          61.9047619047619
        ],
        [
          113.04232804232802,
          37.56613756613756
        ],
        [
          120.97883597883597,
          26.455026455026452
        ],
        [
          189.76190476190476,
          23.28042328042328
        ]
      ],
      "group_id": null,
      "shape_type": "polygon",
      "flags": {}
    },
    {
      "label": "fabric03",
      "points": [
        [
          259.0740740740741,
          287.8306878306878
        ],
        [
          240.02645502645498,
          300.5291005291005
        ],
        [
          313.042328042328,
          319.04761904761904
        ],
        [
          329.97354497354496,
          306.87830687830683
        ],
        [
          327.85714285714283,
          286.2433862433862
        ],
        [
          360.66137566137564,
          278.3068783068783
        ],
        [
          391.87830687830683,
          291.005291005291
        ],
        [
          415.6878306878307,
          288.35978835978835
        ],
        [
          437.91005291005285,
          270.3703703703704
        ],
        [
          488.17460317460313,
          270.3703703703704
        ],
        [
          511,
          273
        ],
        [
          510.92592592592587,
          353.4391534391534
        ],
        [
          469.1269841269841,
          348.67724867724866
        ],
        [
          440.55555555555554,
          338.6243386243386
        ],
        [
          449.5502645502645,
          324.3386243386243
        ],
        [
          449.02116402116394,
          297.8835978835979
        ],
        [
          427.8571428571428,
          293.1216931216931
        ],
        [
          407.2222222222222,
          296.8253968253968
        ],
        [
          406.6931216931216,
          312.69841269841265
        ],
        [
          422.03703703703695,
          347.6190476190476
        ],
        [
          381.29629629629625,
          349.20634920634916
        ],
        [
          362.2486772486772,
          344.97354497354496
        ],
        [
          362.2486772486772,
          335.44973544973544
        ],
        [
          377.59259259259255,
          316.9312169312169
        ],
        [
          373.35978835978835,
          288.35978835978835
        ],
        [
          356.4285714285714,
          284.65608465608466
        ],
        [
          335.2645502645502,
          288.88888888888886
        ],
        [
          331.5608465608465,
          293.1216931216931
        ],
        [
          336.85185185185185,
          321.16402116402116
        ],
        [
          345.8465608465608,
          329.10052910052906
        ],
        [
          349.5502645502645,
          342.85714285714283
        ],
        [
          333.67724867724866,
          329.10052910052906
        ],
        [
          291.3492063492063,
          347.0899470899471
        ],
        [
          297.16931216931215,
          354.4973544973545
        ],
        [
          256.4285714285714,
          361.90476190476187
        ],
        [
          241.6137566137566,
          412.69841269841265
        ],
        [
          246.37566137566137,
          421.16402116402116
        ],
        [
          235.26455026455022,
          433.8624338624338
        ],
        [
          239.49735449735448,
          443.38624338624334
        ],
        [
          210.39682539682536,
          445.50264550264546
        ],
        [
          178.65079365079362,
          424.3386243386243
        ],
        [
          181.2962962962963,
          385.18518518518516
        ],
        [
          168.5978835978836,
          373.015873015873
        ],
        [
          169.65608465608466,
          362.43386243386243
        ],
        [
          160.66137566137564,
          356.6137566137566
        ],
        [
          160.66137566137564,
          350.2645502645502
        ],
        [
          154.84126984126982,
          344.97354497354496
        ],
        [
          163.83597883597884,
          275.66137566137564
        ],
        [
          216.74603174603175,
          286.2433862433862
        ]
      ],
      "group_id": null,
      "shape_type": "polygon",
      "flags": {}
    }
  ],
  "imagePath": "2027c51.jpg",
  "imageData": "",
  "imageHeight": 512,
  "imageWidth": 512
}
