{
  "version": "4.5.6",
  "flags": {},
  "shapes": [
    {
      "label": "glass01",
      "points": [
        [
          217.27513227513225,
          42.32804232804232
        ],
        [
          215.15873015873012,
          226.45502645502643
        ],
        [
          269.65608465608466,
          239.15343915343914
        ],
        [
          276.5343915343915,
          35.44973544973545
        ]
      ],
      "group_id": null,
      "shape_type": "polygon",
      "flags": {}
    },
    {
      "label": "glass02",
      "points": [
        [
          296.1111111111111,
          42.32804232804232
        ],
        [
          287.11640211640207,
          234.39153439153438
        ],
        [
          382.8835978835979,
          257.1428571428571
        ],
        [
          400.34391534391534,
          26.455026455026452
        ]
      ],
      "group_id": null,
      "shape_type": "polygon",
      "flags": {}
    },
    {
      "label": "glass03",
      "points": [
        [
          425.2116402116402,
          16.93121693121693
        ],
        [
          406.16402116402116,
          267.7248677248677
        ],
        [
          465.95238095238096,
          282.01058201058197
        ],
        [
          470.71428571428567,
          242.3280423280423
        ],
        [
          488.7037037037037,
          245.5026455026455
        ],
        [
          485.0,
          287.3015873015873
        ],
        [
          498.75661375661366,
          293.1216931216931
        ],
        [
          509.86772486772486,
          186.24338624338623
        ],
        [
          511,
          54
        ],
        [
          510.92592592592587,
          2.645502645502645
        ]
      ],
      "group_id": null,
      "shape_type": "polygon",
      "flags": {}
    },
    {
      "label": "glass04",
      "points": [
        [
          404.5767195767196,
          288.35978835978835
        ],
        [
          391.87830687830683,
          398.4126984126984
        ],
        [
          450.6084656084656,
          423.28042328042324
        ],
        [
          464.89417989417984,
          301.05820105820106
        ]
      ],
      "group_id": null,
      "shape_type": "polygon",
      "flags": {}
    },
    {
      "label": "glass05",
      "points": [
        [
          369.6560846560846,
          276.7195767195767
        ],
        [
          384.47089947089944,
          280.4232804232804
        ],
        [
          376.5343915343915,
          394.7089947089947
        ],
        [
          348.49206349206344,
          383.06878306878303
        ],
        [
          349.5502645502645,
          367.1957671957672
        ],
        [
          355.3703703703703,
          360.8465608465608
        ],
        [
          352.7248677248677,
          322.75132275132273
        ],
        [
          364.89417989417984,
          291.005291005291
        ]
      ],
      "group_id": null,
      "shape_type": "polygon",
      "flags": {}
    },
    {
      "label": "glass06",
      "points": [
        [
          218.33333333333331,
          240.74074074074073
        ],
        [
          268.5978835978836,
          253.43915343915342
        ],
        [
          267.53968253968253,
          283.5978835978836
        ],
        [
          243.73015873015873,
          275.66137566137564
        ],
        [
          223.09523809523807,
          282.01058201058197
        ],
        [
          223.62433862433858,
          266.1375661375661
        ]
      ],
      "group_id": null,
      "shape_type": "polygon",
      "flags": {}
    },
    {
      "label": "glass07",
      "points": [
        [
          283.4126984126984,
          256.6137566137566
        ],
        [
          280.2380952380952,
          284.1269841269841
        ],
        [
          305.6349206349206,
          296.8253968253968
        ],
        [
          326.79894179894177,
          283.06878306878303
        ],
        [
          329.97354497354496,
          301.58730158730157
        ],
        [
          347.43386243386243,
          271.95767195767195
        ]
      ],
      "group_id": null,
      "shape_type": "polygon",
      "flags": {}
    },
    {
      "label": "wood01",
      "points": [
        [
          60.13227513227511,
          342.32804232804233
        ],
        [
          170.18518518518516,
          403.17460317460313
        ],
        [
          225.2116402116402,
          367.7248677248677
        ],
        [
          247.43386243386243,
          320.1058201058201
        ],
        [
          279.7089947089947,
          310.05291005291
        ],
        [
          282.3544973544973,
          330.1587301587301
        ],
        [
          292.4074074074074,
          327.5132275132275
        ],
        [
          304.57671957671954,
          298.94179894179894
        ],
        [
          245.3174603174603,
          275.13227513227514
        ],
        [
          59.60317460317458,
          334.9206349206349
        ]
      ],
      "group_id": null,
      "shape_type": "polygon",
      "flags": {}
    },
    {
      "label": "glass08",
      "points": [
        [
          2.989417989417987,
          401.058201058201
        ],
        [
          16.746031746031747,
          413.7566137566137
        ],
        [
          20.449735449735442,
          485.18518518518516
        ],
        [
          9.86772486772486,
          487.3015873015873
        ],
        [
          0.8730158730158593,
          482.01058201058197
        ],
        [
          1.4021164021163912,
          510.5820105820105
        ],
        [
          28.386243386243365,
          509.5238095238095
        ],
        [
          20.449735449735442,
          1.0582010582010581
        ],
        [
          0.8730158730158593,
          1.5873015873015872
        ]
      ],
      "group_id": null,
      "shape_type": "polygon",
      "flags": {}
    },
    {
      "label": "plastic01",
      "points": [
        [
          245.8465608465608,
          320.1058201058201
        ],
        [
          215.15873015873012,
          393.6507936507936
        ],
        [
          216.2169312169312,
          402.64550264550263
        ],
        [
          179.17989417989418,
          421.69312169312167
        ],
        [
          174.41798941798942,
          440.7407407407407
        ],
        [
          186.58730158730157,
          455.026455026455
        ],
        [
          186.58730158730157,
          462.96296296296293
        ],
        [
          193.46560846560845,
          470.8994708994709
        ],
        [
          198.75661375661372,
          467.1957671957672
        ],
        [
          218.86243386243382,
          479.36507936507934
        ],
        [
          246.37566137566137,
          477.2486772486772
        ],
        [
          260.1322751322751,
          469.31216931216926
        ],
        [
          259.6031746031746,
          422.75132275132273
        ],
        [
          277.59259259259255,
          352.9100529100529
        ],
        [
          280.76719576719574,
          333.8624338624338
        ],
        [
          280.2380952380952,
          312.16931216931215
        ]
      ],
      "group_id": null,
      "shape_type": "polygon",
      "flags": {}
    },
    {
      "label": "plastic02",
      "points": [
        [
          269.65608465608466,
          413.2275132275132
        ],
        [
          304.57671957671954,
          419.57671957671954
        ],
        [
          309.86772486772486,
          412.16931216931215
        ],
        [
          314.10052910052906,
          380.4232804232804
        ],
        [
          316.7460317460317,
          331.74603174603175
        ],
        [
          325.2116402116402,
          314.8148148148148
        ],
        [
          326.79894179894177,
          285.18518518518516
        ],
        [
          305.6349206349206,
          297.8835978835979
        ],
        [
          282.8835978835979,
          347.6190476190476
        ],
        [
          286.58730158730157,
          365.07936507936506
        ],
        [
          277.06349206349205,
          362.43386243386243
        ],
        [
          268.06878306878303,
          398.4126984126984
        ]
      ],
      "group_id": null,
      "shape_type": "polygon",
      "flags": {}
    },
    {
      "label": "plastic03",
      "points": [
        [
          319.9206349206349,
          335.44973544973544
        ],
        [
          324.15343915343914,
          338.0952380952381
        ],
        [
          325.2116402116402,
          313.7566137566137
        ],
        [
          344.25925925925924,
          278.83597883597884
        ],
        [
          355.3703703703703,
          272.48677248677245
        ],
        [
          361.7195767195767,
          272.48677248677245
        ],
        [
          364.36507936507934,
          281.48148148148147
        ],
        [
          362.77777777777777,
          288.88888888888886
        ],
        [
          352.1957671957672,
          323.28042328042324
        ],
        [
          355.8994708994709,
          361.37566137566137
        ],
        [
          350.07936507936506,
          366.66666666666663
        ],
        [
          347.43386243386243,
          383.5978835978836
        ],
        [
          332.6190476190476,
          377.2486772486772
        ],
        [
          322.037037037037,
          380.4232804232804
        ],
        [
          316.7460317460317,
          368.78306878306876
        ]
      ],
      "group_id": null,
      "shape_type": "polygon",
      "flags": {}
    },
    {
      "label": "plastic04",
      "points": [
        [
          91.34920634920633,
          321.69312169312167
        ],
        [
          85.5291005291005,
          304.76190476190476
        ],
        [
          87.1164021164021,
          274.0740740740741
        ],
        [
          93.99470899470899,
          262.43386243386243
        ],
        [
          127.3280423280423,
          255.026455026455
        ],
        [
          139.49735449735448,
          274.0740740740741
        ],
        [
          138.96825396825395,
          254.49735449735448
        ],
        [
          163.30687830687827,
          245.5026455026455
        ],
        [
          176.00529100529099,
          262.96296296296293
        ],
        [
          180.76719576719574,
          282.53968253968253
        ],
        [
          180.23809523809524,
          293.6507936507936
        ],
        [
          149.021164021164,
          306.3492063492063
        ],
        [
          144.25925925925924,
          300.5291005291005
        ],
        [
          141.08465608465605,
          307.9365079365079
        ]
      ],
      "group_id": null,
      "shape_type": "polygon",
      "flags": {}
    },
    {
      "label": "plastic05",
      "points": [
        [
          186.58730158730157,
          289.9470899470899
        ],
        [
          187.64550264550263,
          282.01058201058197
        ],
        [
          183.41269841269838,
          262.96296296296293
        ],
        [
          185.5291005291005,
          240.74074074074073
        ],
        [
          191.87830687830683,
          232.27513227513225
        ],
        [
          207.75132275132273,
          232.27513227513225
        ],
        [
          215.68783068783068,
          244.97354497354496
        ],
        [
          220.44973544973544,
          263.4920634920635
        ],
        [
          218.86243386243382,
          284.1269841269841
        ]
      ],
      "group_id": null,
      "shape_type": "polygon",
      "flags": {}
    }
  ],
  "imagePath": "108.jpg",
  "imageData": "",
  "imageHeight": 512,
  "imageWidth": 512
}
