{
  "version": "3.20.1",
  "flags": {},
  "shapes": [
    {
      "label": "plastic01",
      "line_color": null,
      "fill_color": null,
      "points": [
        [
          306.0869565217391,
          185.86956521739128
        ],
        [
          346.8478260869565,
          188.58695652173913
        ],
        [
          338.695652173913,
          173.91304347826087
        ],
        [
          336.52173913043475,
          161.95652173913044
        ],
        [
          326.7391304347826,
          160.32608695652172
        ],
        [
          315.86956521739125,
          159.78260869565216
        ],
        [
          315.3260869565217,
          175.54347826086956
        ]
      ],
      "shape_type": "polygon",
      "flags": {}
    },
    {
      "label": "plastic02",
      "line_color": null,
      "fill_color": null,
      "points": [
        [
          418.0434782608695,
          192.93478260869566
        ],
        [
          464.78260869565213,
          192.39130434782606
        ],
        [
          450.6521739130435,
          161.95652173913044
        ],
        [
          438.1521739130435,
          160.32608695652172
        ]
      ],
      "shape_type": "polygon",
      "flags": {}
    },
    {
      "label": "fabric01",
      "line_color": null,
      "fill_color": null,
      "points": [
        [
          75.10869565217388,
          202.17391304347825
        ],
        [
          157.7173913043478,
          204.3478260869565
        ],
        [
          259.89130434782606,
          201.08695652173913
        ],
        [
          261.52173913043475,
          209.2391304347826
        ],
        [
          256.0869565217391,
          223.36956521739128
        ],
        [
          256.0869565217391,
          246.19565217391303
        ],
        [
          265.3260869565217,
          263.04347826086956
        ],
        [
          343.0434782608695,
          301.6304347826087
        ],
        [
          351.7391304347826,
          303.2608695652174
        ],
        [
          369.67391304347825,
          386.4130434782609
        ],
        [
          358.2608695652174,
          390.7608695652174
        ],
        [
          270.7608695652174,
          398.9130434782609
        ],
        [
          272.39130434782606,
          353.80434782608694
        ],
        [
          278.9130434782609,
          344.5652173913043
        ],
        [
          253.91304347826087,
          317.39130434782606
        ],
        [
          231.6304347826087,
          320.1086956521739
        ],
        [
          197.93478260869563,
          314.67391304347825
        ],
        [
          176.73913043478257,
          323.9130434782609
        ],
        [
          124.56521739130432,
          323.9130434782609
        ],
        [
          130.54347826086956,
          335.8695652173913
        ],
        [
          137.06521739130432,
          413.5869565217391
        ],
        [
          124.02173913043475,
          413.5869565217391
        ],
        [
          110.43478260869563,
          413.04347826086956
        ],
        [
          85.97826086956519,
          384.23913043478257
        ],
        [
          83.80434782608694,
          341.8478260869565
        ],
        [
          74.02173913043475,
          344.02173913043475
        ],
        [
          70.76086956521738,
          296.7391304347826
        ],
        [
          70.76086956521738,
          267.9347826086956
        ],
        [
          78.36956521739131,
          260.8695652173913
        ],
        [
          81.63043478260869,
          236.95652173913044
        ],
        [
          75.10869565217388,
          218.47826086956522
        ]
      ],
      "shape_type": "polygon",
      "flags": {}
    },
    {
      "label": "fabric02",
      "line_color": null,
      "fill_color": null,
      "points": [
        [
          325.1086956521739,
          508.15217391304344
        ],
        [
          327.82608695652175,
          480.4347826086956
        ],
        [
          333.8043478260869,
          472.28260869565213
        ],
        [
          332.17391304347825,
          462.5
        ],
        [
          333.8043478260869,
          447.28260869565213
        ],
        [
          419.67391304347825,
          411.4130434782609
        ],
        [
          441.4130434782609,
          418.4782608695652
        ],
        [
          441.9565217391304,
          415.2173913043478
        ],
        [
          445.21739130434776,
          397.28260869565213
        ],
        [
          458.2608695652174,
          394.5652173913043
        ],
        [
          454.4565217391304,
          373.9130434782609
        ],
        [
          454.4565217391304,
          354.89130434782606
        ],
        [
          495.7608695652174,
          346.73913043478257
        ],
        [
          511.0,
          345.0
        ],
        [
          511.0,
          510.0
        ]
      ],
      "shape_type": "polygon",
      "flags": {}
    },
    {
      "label": "wood01",
      "line_color": null,
      "fill_color": null,
      "points": [
        [
          2.282608695652158,
          196.7391304347826
        ],
        [
          29.456521739130437,
          192.93478260869566
        ],
        [
          44.67391304347825,
          197.28260869565216
        ],
        [
          52.82608695652172,
          195.65217391304347
        ],
        [
          74.02173913043475,
          196.7391304347826
        ],
        [
          73.47826086956519,
          201.6304347826087
        ],
        [
          66.95652173913044,
          203.80434782608694
        ],
        [
          72.39130434782606,
          339.67391304347825
        ],
        [
          71.8478260869565,
          350.0
        ],
        [
          63.15217391304344,
          351.0869565217391
        ],
        [
          62.065217391304316,
          341.8478260869565
        ],
        [
          1.739130434782595,
          355.4347826086956
        ]
      ],
      "shape_type": "polygon",
      "flags": {}
    },
    {
      "label": "wood02",
      "line_color": null,
      "fill_color": null,
      "points": [
        [
          319.67391304347825,
          228.80434782608694
        ],
        [
          285.4347826086956,
          234.2391304347826
        ],
        [
          285.4347826086956,
          268.4782608695652
        ],
        [
          353.9130434782609,
          301.6304347826087
        ],
        [
          359.891304347826,
          317.9347826086956
        ],
        [
          362.0652173913044,
          350.0
        ],
        [
          435.4347826086956,
          360.32608695652175
        ],
        [
          433.2608695652174,
          367.9347826086956
        ],
        [
          439.78260869565213,
          373.3695652173913
        ],
        [
          447.9347826086956,
          367.9347826086956
        ],
        [
          447.9347826086956,
          359.23913043478257
        ],
        [
          471.8478260869565,
          351.0869565217391
        ],
        [
          471.3043478260869,
          315.2173913043478
        ],
        [
          456.0869565217391,
          303.80434782608694
        ],
        [
          474.02173913043475,
          285.32608695652175
        ],
        [
          472.391304347826,
          243.47826086956522
        ],
        [
          455.5434782608695,
          239.67391304347825
        ],
        [
          449.02173913043475,
          243.47826086956522
        ],
        [
          433.2608695652174,
          239.67391304347825
        ],
        [
          393.0434782608695,
          238.04347826086956
        ],
        [
          380.0,
          238.04347826086956
        ],
        [
          359.891304347826,
          238.04347826086956
        ],
        [
          355.5434782608695,
          231.52173913043478
        ],
        [
          326.195652173913,
          229.3478260869565
        ]
      ],
      "shape_type": "polygon",
      "flags": {}
    },
    {
      "label": "wood03",
      "line_color": null,
      "fill_color": null,
      "points": [
        [
          133.80434782608694,
          327.7173913043478
        ],
        [
          138.15217391304344,
          423.3695652173913
        ],
        [
          132.17391304347825,
          426.6304347826087
        ],
        [
          140.32608695652175,
          477.17391304347825
        ],
        [
          143.04347826086956,
          478.80434782608694
        ],
        [
          144.1304347826087,
          486.4130434782609
        ],
        [
          157.7173913043478,
          486.95652173913044
        ],
        [
          164.7826086956522,
          473.9130434782609
        ],
        [
          250.10869565217388,
          467.39130434782606
        ],
        [
          252.28260869565213,
          476.6304347826087
        ],
        [
          268.5869565217391,
          476.6304347826087
        ],
        [
          268.04347826086956,
          463.5869565217391
        ],
        [
          274.02173913043475,
          463.5869565217391
        ],
        [
          274.02173913043475,
          454.3478260869565
        ],
        [
          266.4130434782609,
          447.28260869565213
        ],
        [
          274.02173913043475,
          351.0869565217391
        ],
        [
          276.195652173913,
          345.65217391304344
        ],
        [
          253.3695652173913,
          320.1086956521739
        ],
        [
          238.695652173913,
          321.195652173913
        ],
        [
          222.39130434782606,
          336.95652173913044
        ],
        [
          177.82608695652175,
          333.15217391304344
        ],
        [
          180.0,
          327.7173913043478
        ],
        [
          175.65217391304344,
          326.0869565217391
        ]
      ],
      "shape_type": "polygon",
      "flags": {}
    },
    {
      "label": "wood04",
      "line_color": null,
      "fill_color": null,
      "points": [
        [
          338.1521739130435,
          89.13043478260869
        ],
        [
          343.0434782608695,
          88.58695652173913
        ],
        [
          374.5652173913044,
          72.82608695652173
        ],
        [
          402.82608695652175,
          71.73913043478261
        ],
        [
          430.5434782608695,
          79.34782608695652
        ],
        [
          441.4130434782609,
          82.06521739130434
        ],
        [
          454.4565217391304,
          82.06521739130434
        ],
        [
          452.28260869565213,
          86.95652173913044
        ],
        [
          447.9347826086956,
          94.56521739130434
        ],
        [
          447.391304347826,
          159.78260869565216
        ],
        [
          435.97826086956513,
          156.52173913043478
        ],
        [
          437.6086956521739,
          116.84782608695652
        ],
        [
          436.52173913043475,
          112.5
        ],
        [
          349.5652173913044,
          114.67391304347825
        ],
        [
          347.391304347826,
          184.2391304347826
        ],
        [
          339.2391304347826,
          172.28260869565216
        ],
        [
          340.86956521739125,
          94.02173913043478
        ]
      ],
      "shape_type": "polygon",
      "flags": {}
    },
    {
      "label": "wood05",
      "line_color": null,
      "fill_color": null,
      "points": [
        [
          94.13043478260869,
          202.17391304347825
        ],
        [
          241.95652173913044,
          199.45652173913044
        ],
        [
          222.39130434782606,
          188.58695652173913
        ],
        [
          208.26086956521738,
          181.52173913043478
        ],
        [
          181.08695652173913,
          176.6304347826087
        ],
        [
          151.195652173913,
          177.17391304347825
        ],
        [
          136.52173913043475,
          180.43478260869566
        ],
        [
          112.60869565217388,
          189.1304347826087
        ]
      ],
      "shape_type": "polygon",
      "flags": {}
    }
  ],
  "lineColor": [
    0,
    255,
    0,
    128
  ],
  "fillColor": [
    255,
    0,
    0,
    128
  ],
  "imagePath": "..\\pic\\78.jpg",
  "imageData": "",
  "imageHeight": 512,
  "imageWidth": 512
}
