{
  "version": "3.20.1",
  "flags": {},
  "shapes": [
    {
      "label": "fabric01",
      "line_color": null,
      "fill_color": null,
      "points": [
        [
          2.565217391304344,
          246.19565217391303
        ],
        [
          23.760869565217376,
          296.7391304347826
        ],
        [
          28.108695652173907,
          370.65217391304344
        ],
        [
          75.39130434782606,
          385.8695652173913
        ],
        [
          74.8478260869565,
          391.8478260869565
        ],
        [
          64.52173913043478,
          397.28260869565213
        ],
        [
          65.6086956521739,
          407.6086956521739
        ],
        [
          70.5,
          411.95652173913044
        ],
        [
          66.15217391304347,
          422.28260869565213
        ],
        [
          69.95652173913044,
          509.78260869565213
        ],
        [
          500.9347826086956,
          509.78260869565213
        ],
        [
          502.5652173913044,
          502.7173913043478
        ],
        [
          494.9565217391304,
          482.0652173913043
        ],
        [
          498.21739130434776,
          472.8260869565217
        ],
        [
          491.695652173913,
          445.1086956521739
        ],
        [
          488.97826086956513,
          380.9782608695652
        ],
        [
          481.9130434782609,
          347.82608695652175
        ],
        [
          484.63043478260863,
          335.32608695652175
        ],
        [
          466.695652173913,
          298.3695652173913
        ],
        [
          443.86956521739125,
          282.6086956521739
        ],
        [
          227.02173913043475,
          258.15217391304344
        ],
        [
          217.23913043478257,
          257.0652173913043
        ],
        [
          198.2173913043478,
          197.28260869565216
        ],
        [
          204.195652173913,
          196.7391304347826
        ],
        [
          204.195652173913,
          185.86956521739128
        ],
        [
          187.3478260869565,
          182.6086956521739
        ],
        [
          168.8695652173913,
          194.56521739130434
        ],
        [
          159.6304347826087,
          204.89130434782606
        ],
        [
          142.7826086956522,
          202.7173913043478
        ],
        [
          129.73913043478262,
          205.43478260869566
        ],
        [
          122.13043478260869,
          201.08695652173913
        ],
        [
          110.71739130434781,
          212.5
        ],
        [
          75.39130434782606,
          220.1086956521739
        ],
        [
          65.6086956521739,
          211.95652173913044
        ],
        [
          42.239130434782595,
          210.32608695652172
        ],
        [
          27.02173913043478,
          213.58695652173913
        ],
        [
          30.282608695652158,
          232.06521739130434
        ],
        [
          19.956521739130437,
          232.6086956521739
        ],
        [
          6.369565217391283,
          239.67391304347825
        ]
      ],
      "shape_type": "polygon",
      "flags": {}
    },
    {
      "label": "plastic01",
      "line_color": null,
      "fill_color": null,
      "points": [
        [
          28.108695652173907,
          379.3478260869565
        ],
        [
          25.934782608695656,
          392.39130434782606
        ],
        [
          9.086956521739125,
          396.73913043478257
        ],
        [
          2.0217391304347814,
          396.73913043478257
        ],
        [
          1.4782608695652186,
          353.80434782608694
        ],
        [
          15.065217391304344,
          356.52173913043475
        ],
        [
          29.195652173913032,
          369.02173913043475
        ]
      ],
      "shape_type": "polygon",
      "flags": {}
    },
    {
      "label": "plastic02",
      "line_color": null,
      "fill_color": null,
      "points": [
        [
          458.0,
          115.21739130434783
        ],
        [
          481.36956521739125,
          116.30434782608695
        ],
        [
          491.1521739130435,
          150.0
        ],
        [
          471.0434782608695,
          154.8913043478261
        ],
        [
          455.28260869565213,
          152.17391304347825
        ],
        [
          444.4130434782609,
          148.3695652173913
        ]
      ],
      "shape_type": "polygon",
      "flags": {}
    },
    {
      "label": "wood01",
      "line_color": null,
      "fill_color": null,
      "points": [
        [
          33.54347826086956,
          380.9782608695652
        ],
        [
          70.5,
          383.695652173913
        ],
        [
          72.13043478260869,
          391.8478260869565
        ],
        [
          65.06521739130434,
          397.82608695652175
        ],
        [
          66.15217391304347,
          411.4130434782609
        ],
        [
          71.58695652173913,
          411.4130434782609
        ],
        [
          72.13043478260869,
          416.30434782608694
        ],
        [
          65.6086956521739,
          419.5652173913043
        ],
        [
          69.95652173913044,
          509.23913043478257
        ],
        [
          3.108695652173907,
          509.78260869565213
        ],
        [
          0,
          405
        ],
        [
          3.108695652173907,
          400.0
        ],
        [
          30.282608695652158,
          395.65217391304344
        ]
      ],
      "shape_type": "polygon",
      "flags": {}
    },
    {
      "label": "wood02",
      "line_color": null,
      "fill_color": null,
      "points": [
        [
          345.5,
          199.45652173913044
        ],
        [
          328.65217391304344,
          209.78260869565216
        ],
        [
          334.6304347826087,
          211.41304347826087
        ],
        [
          333.0,
          267.9347826086956
        ],
        [
          446.5869565217391,
          283.15217391304344
        ],
        [
          460.17391304347825,
          293.4782608695652
        ],
        [
          466.695652173913,
          298.9130434782609
        ],
        [
          475.391304347826,
          313.04347826086956
        ],
        [
          479.195652173913,
          327.17391304347825
        ],
        [
          482.4565217391304,
          339.1304347826087
        ],
        [
          483.0,
          347.82608695652175
        ],
        [
          484.63043478260863,
          362.5
        ],
        [
          485.71739130434776,
          374.45652173913044
        ],
        [
          502.02173913043475,
          372.28260869565213
        ],
        [
          497.13043478260863,
          365.7608695652174
        ],
        [
          504.195652173913,
          222.28260869565216
        ],
        [
          510.17391304347825,
          218.47826086956522
        ],
        [
          505.28260869565213,
          205.97826086956522
        ]
      ],
      "shape_type": "polygon",
      "flags": {}
    }
  ],
  "lineColor": [
    0,
    255,
    0,
    128
  ],
  "fillColor": [
    255,
    0,
    0,
    128
  ],
  "imagePath": "..\\pic\\485.jpg",
  "imageData": "",
  "imageHeight": 512,
  "imageWidth": 512
}
