{
  "version": "3.20.1",
  "flags": {},
  "shapes": [
    {
      "label": "fabric01",
      "line_color": null,
      "fill_color": null,
      "points": [
        [
          138.80434782608694,
          414.67391304347825
        ],
        [
          337.7173913043478,
          398.9130434782609
        ],
        [
          361.0869565217391,
          364.1304347826087
        ],
        [
          360.0,
          330.9782608695652
        ],
        [
          355.6521739130435,
          325.0
        ],
        [
          384.4565217391304,
          321.195652173913
        ],
        [
          385.0,
          315.7608695652174
        ],
        [
          389.3478260869565,
          305.9782608695652
        ],
        [
          385.5434782608695,
          276.0869565217391
        ],
        [
          374.67391304347825,
          268.4782608695652
        ],
        [
          331.195652173913,
          263.04347826086956
        ],
        [
          319.78260869565213,
          253.26086956521738
        ],
        [
          307.8260869565217,
          260.8695652173913
        ],
        [
          281.73913043478257,
          254.3478260869565
        ],
        [
          269.23913043478257,
          253.80434782608694
        ],
        [
          240.43478260869563,
          285.8695652173913
        ],
        [
          102.93478260869563,
          290.2173913043478
        ],
        [
          98.58695652173913,
          299.45652173913044
        ],
        [
          93.15217391304344,
          297.82608695652175
        ],
        [
          73.58695652173913,
          298.3695652173913
        ],
        [
          64.3478260869565,
          303.2608695652174
        ],
        [
          58.36956521739128,
          311.4130434782609
        ],
        [
          57.82608695652172,
          357.0652173913043
        ],
        [
          61.086956521739125,
          371.73913043478257
        ],
        [
          68.15217391304347,
          367.39130434782606
        ],
        [
          102.93478260869563,
          366.30434782608694
        ],
        [
          110.54347826086956,
          395.1086956521739
        ],
        [
          117.06521739130432,
          405.4347826086956
        ],
        [
          129.02173913043475,
          415.2173913043478
        ]
      ],
      "shape_type": "polygon",
      "flags": {}
    },
    {
      "label": "fabric02",
      "line_color": null,
      "fill_color": null,
      "points": [
        [
          19.239130434782595,
          154.8913043478261
        ],
        [
          51.8478260869565,
          155.43478260869566
        ],
        [
          48.586956521739125,
          160.86956521739128
        ],
        [
          45.86956521739128,
          249.45652173913044
        ],
        [
          50.76086956521738,
          258.695652173913
        ],
        [
          18.695652173913032,
          261.4130434782609
        ]
      ],
      "shape_type": "polygon",
      "flags": {}
    },
    {
      "label": "fabric03",
      "line_color": null,
      "fill_color": null,
      "points": [
        [
          160.0,
          158.69565217391303
        ],
        [
          186.6304347826087,
          158.69565217391303
        ],
        [
          185.54347826086956,
          162.5
        ],
        [
          191.52173913043475,
          259.2391304347826
        ],
        [
          161.6304347826087,
          258.695652173913
        ]
      ],
      "shape_type": "polygon",
      "flags": {}
    },
    {
      "label": "wood01",
      "line_color": null,
      "fill_color": null,
      "points": [
        [
          365.97826086956525,
          327.17391304347825
        ],
        [
          401.3043478260869,
          324.45652173913044
        ],
        [
          401.3043478260869,
          331.52173913043475
        ],
        [
          422.5,
          337.5
        ],
        [
          429.02173913043475,
          337.5
        ],
        [
          433.9130434782609,
          329.3478260869565
        ],
        [
          458.9130434782609,
          334.7826086956522
        ],
        [
          456.195652173913,
          351.6304347826087
        ],
        [
          418.1521739130435,
          351.0869565217391
        ],
        [
          414.3478260869565,
          347.2826086956522
        ],
        [
          405.1086956521739,
          346.195652173913
        ],
        [
          399.13043478260863,
          349.45652173913044
        ],
        [
          399.13043478260863,
          353.80434782608694
        ],
        [
          365.4347826086956,
          359.7826086956522
        ]
      ],
      "shape_type": "polygon",
      "flags": {}
    },
    {
      "label": "wood02",
      "line_color": null,
      "fill_color": null,
      "points": [
        [
          274.67391304347825,
          220.65217391304347
        ],
        [
          274.1304347826087,
          228.26086956521738
        ],
        [
          273.5869565217391,
          252.17391304347825
        ],
        [
          312.17391304347825,
          257.6086956521739
        ],
        [
          318.695652173913,
          254.3478260869565
        ],
        [
          329.02173913043475,
          259.2391304347826
        ],
        [
          375.21739130434776,
          264.67391304347825
        ],
        [
          385.5434782608695,
          273.3695652173913
        ],
        [
          389.3478260869565,
          284.2391304347826
        ],
        [
          389.3478260869565,
          298.3695652173913
        ],
        [
          389.3478260869565,
          305.9782608695652
        ],
        [
          388.8043478260869,
          311.4130434782609
        ],
        [
          394.78260869565213,
          317.39130434782606
        ],
        [
          398.5869565217391,
          260.8695652173913
        ],
        [
          398.5869565217391,
          252.7173913043478
        ],
        [
          396.4130434782609,
          223.91304347826085
        ],
        [
          394.2391304347826,
          226.08695652173913
        ],
        [
          393.695652173913,
          244.56521739130434
        ],
        [
          391.52173913043475,
          252.17391304347825
        ],
        [
          391.52173913043475,
          261.4130434782609
        ],
        [
          385.5434782608695,
          260.32608695652175
        ],
        [
          374.67391304347825,
          250.54347826086956
        ],
        [
          354.02173913043475,
          238.58695652173913
        ],
        [
          330.65217391304344,
          233.69565217391303
        ],
        [
          306.73913043478257,
          235.32608695652172
        ],
        [
          292.6086956521739,
          242.93478260869563
        ],
        [
          281.195652173913,
          249.45652173913044
        ],
        [
          277.9347826086956,
          240.76086956521738
        ]
      ],
      "shape_type": "polygon",
      "flags": {}
    },
    {
      "label": "wood03",
      "line_color": null,
      "fill_color": null,
      "points": [
        [
          85.54347826086956,
          267.9347826086956
        ],
        [
          138.26086956521738,
          267.9347826086956
        ],
        [
          142.06521739130432,
          274.45652173913044
        ],
        [
          142.06521739130432,
          286.4130434782609
        ],
        [
          130.65217391304344,
          287.5
        ],
        [
          129.02173913043475,
          279.89130434782606
        ],
        [
          97.5,
          279.89130434782606
        ],
        [
          96.95652173913044,
          289.67391304347825
        ],
        [
          88.26086956521738,
          288.5869565217391
        ],
        [
          81.7391304347826,
          280.9782608695652
        ]
      ],
      "shape_type": "polygon",
      "flags": {}
    },
    {
      "label": "plastic01",
      "line_color": null,
      "fill_color": null,
      "points": [
        [
          391.52173913043475,
          222.82608695652172
        ],
        [
          437.71739130434776,
          222.82608695652172
        ],
        [
          428.47826086956525,
          189.1304347826087
        ],
        [
          401.8478260869565,
          190.2173913043478
        ]
      ],
      "shape_type": "polygon",
      "flags": {}
    },
    {
      "label": "plastic02",
      "line_color": null,
      "fill_color": null,
      "points": [
        [
          239.3478260869565,
          226.08695652173913
        ],
        [
          268.15217391304344,
          225.54347826086956
        ],
        [
          260.54347826086956,
          202.17391304347825
        ],
        [
          244.78260869565213,
          201.6304347826087
        ]
      ],
      "shape_type": "polygon",
      "flags": {}
    }
  ],
  "lineColor": [
    0,
    255,
    0,
    128
  ],
  "fillColor": [
    255,
    0,
    0,
    128
  ],
  "imagePath": "..\\pic\\538.jpg",
  "imageData": "",
  "imageHeight": 512,
  "imageWidth": 512
}
