{
  "version": "3.20.1",
  "flags": {},
  "shapes": [
    {
      "label": "fabric01",
      "line_color": null,
      "fill_color": null,
      "points": [
        [
          60.17391304347825,
          266.30434782608694
        ],
        [
          1.4782608695652186,
          379.3478260869565
        ],
        [
          5.282608695652158,
          509.23913043478257
        ],
        [
          220,
          511
        ],
        [
          270.5,
          508.15217391304344
        ],
        [
          273.7608695652174,
          482.6086956521739
        ],
        [
          265.0652173913043,
          460.3260869565217
        ],
        [
          266.15217391304344,
          449.45652173913044
        ],
        [
          262.89130434782606,
          428.80434782608694
        ],
        [
          245.5,
          407.6086956521739
        ],
        [
          241.695652173913,
          391.8478260869565
        ],
        [
          230.28260869565213,
          396.73913043478257
        ],
        [
          203.10869565217388,
          347.82608695652175
        ],
        [
          202.56521739130432,
          339.67391304347825
        ],
        [
          190.06521739130432,
          314.1304347826087
        ],
        [
          163.43478260869563,
          323.9130434782609
        ],
        [
          109.08695652173913,
          343.4782608695652
        ],
        [
          105.28260869565219,
          351.6304347826087
        ],
        [
          98.21739130434781,
          311.95652173913044
        ],
        [
          91.695652173913,
          286.95652173913044
        ],
        [
          78.1086956521739,
          267.9347826086956
        ]
      ],
      "shape_type": "polygon",
      "flags": {}
    },
    {
      "label": "glass01",
      "line_color": null,
      "fill_color": null,
      "points": [
        [
          510.71739130434776,
          504.3478260869565
        ],
        [
          412.891304347826,
          423.3695652173913
        ],
        [
          413.4347826086956,
          418.4782608695652
        ],
        [
          511,
          397
        ],
        [
          511,
          503
        ]
      ],
      "shape_type": "polygon",
      "flags": {}
    },
    {
      "label": "fabric01",
      "line_color": null,
      "fill_color": null,
      "points": [
        [
          92.23913043478262,
          248.91304347826085
        ],
        [
          105.28260869565219,
          241.30434782608694
        ],
        [
          111.26086956521738,
          241.8478260869565
        ],
        [
          119.41304347826087,
          274.45652173913044
        ],
        [
          143.32608695652175,
          329.3478260869565
        ],
        [
          119.95652173913044,
          328.2608695652174
        ],
        [
          105.82608695652175,
          316.8478260869565
        ],
        [
          96.04347826086956,
          292.39130434782606
        ],
        [
          90.60869565217388,
          272.2826086956522
        ]
      ],
      "shape_type": "polygon",
      "flags": {}
    },
    {
      "label": "fabric02",
      "line_color": null,
      "fill_color": null,
      "points": [
        [
          208.0,
          335.8695652173913
        ],
        [
          258.54347826086956,
          324.45652173913044
        ],
        [
          264.52173913043475,
          330.4347826086956
        ],
        [
          267.23913043478257,
          350.0
        ],
        [
          261.2608695652174,
          345.65217391304344
        ],
        [
          253.65217391304344,
          342.39130434782606
        ],
        [
          213.9782608695652,
          350.0
        ],
        [
          209.08695652173913,
          356.52173913043475
        ],
        [
          203.65217391304344,
          344.5652173913043
        ]
      ],
      "shape_type": "polygon",
      "flags": {}
    },
    {
      "label": "wood01",
      "line_color": null,
      "fill_color": null,
      "points": [
        [
          54.19565217391303,
          72.82608695652173
        ],
        [
          65.06521739130434,
          239.1304347826087
        ],
        [
          72.13043478260869,
          244.56521739130434
        ],
        [
          98.21739130434781,
          241.30434782608694
        ],
        [
          92.23913043478262,
          233.15217391304347
        ],
        [
          81.91304347826085,
          165.76086956521738
        ],
        [
          137.3478260869565,
          160.86956521739128
        ],
        [
          132.45652173913044,
          169.02173913043478
        ],
        [
          136.80434782608694,
          196.19565217391303
        ],
        [
          138.9782608695652,
          230.97826086956522
        ],
        [
          124.8478260869565,
          243.47826086956522
        ],
        [
          141.695652173913,
          244.56521739130434
        ],
        [
          141.15217391304344,
          236.95652173913044
        ],
        [
          147.1304347826087,
          236.95652173913044
        ],
        [
          149.8478260869565,
          273.9130434782609
        ],
        [
          124.30434782608694,
          275.54347826086956
        ],
        [
          129.195652173913,
          286.4130434782609
        ],
        [
          149.8478260869565,
          287.5
        ],
        [
          150.39130434782606,
          308.695652173913
        ],
        [
          153.65217391304344,
          308.695652173913
        ],
        [
          147.1304347826087,
          74.45652173913044
        ]
      ],
      "shape_type": "polygon",
      "flags": {}
    }
  ],
  "lineColor": [
    0,
    255,
    0,
    128
  ],
  "fillColor": [
    255,
    0,
    0,
    128
  ],
  "imagePath": "..\\pic\\473.jpg",
  "imageData": "",
  "imageHeight": 512,
  "imageWidth": 512
}
