{
  "version": "3.20.1",
  "flags": {},
  "shapes": [
    {
      "label": "glass01",
      "line_color": null,
      "fill_color": null,
      "points": [
        [
          99.02173913043475,
          1.0869565217391304
        ],
        [
          101.73913043478262,
          177.17391304347825
        ],
        [
          121.8478260869565,
          177.17391304347825
        ],
        [
          139.23913043478257,
          172.82608695652172
        ],
        [
          147.93478260869563,
          171.7391304347826
        ],
        [
          152.82608695652175,
          209.2391304347826
        ],
        [
          171.30434782608694,
          215.76086956521738
        ],
        [
          188.15217391304344,
          225.0
        ],
        [
          190.32608695652175,
          238.04347826086956
        ],
        [
          192.5,
          246.7391304347826
        ],
        [
          198.4782608695652,
          247.82608695652172
        ],
        [
          216.95652173913044,
          246.19565217391303
        ],
        [
          255.54347826086956,
          236.41304347826085
        ],
        [
          278.9130434782609,
          235.32608695652172
        ],
        [
          308.2608695652174,
          234.2391304347826
        ],
        [
          315.3260869565217,
          231.52173913043478
        ],
        [
          315.3260869565217,
          2.1739130434782608
        ]
      ],
      "shape_type": "polygon",
      "flags": {}
    },
    {
      "label": "wood01",
      "line_color": null,
      "fill_color": null,
      "points": [
        [
          36.52173913043478,
          275.54347826086956
        ],
        [
          2.8260869565217206,
          282.6086956521739
        ],
        [
          2.8260869565217206,
          294.02173913043475
        ],
        [
          75.65217391304344,
          311.95652173913044
        ],
        [
          126.73913043478257,
          306.52173913043475
        ],
        [
          123.47826086956519,
          452.17391304347825
        ],
        [
          259.89130434782606,
          413.5869565217391
        ],
        [
          260.4347826086956,
          278.80434782608694
        ],
        [
          325.1086956521739,
          266.8478260869565
        ],
        [
          391.9565217391304,
          268.4782608695652
        ],
        [
          389.78260869565213,
          258.15217391304344
        ],
        [
          407.17391304347825,
          252.7173913043478
        ],
        [
          469.13043478260863,
          245.1086956521739
        ],
        [
          473.47826086956513,
          277.17391304347825
        ],
        [
          510.97826086956513,
          282.0652173913043
        ],
        [
          511,
          281
        ],
        [
          496.8478260869565,
          267.9347826086956
        ],
        [
          493.0434782608695,
          257.0652173913043
        ],
        [
          503.36956521739125,
          247.82608695652172
        ],
        [
          464.78260869565213,
          240.2173913043478
        ],
        [
          430.5434782608695,
          234.78260869565216
        ],
        [
          405.5434782608695,
          234.78260869565216
        ],
        [
          400.1086956521739,
          252.7173913043478
        ],
        [
          306.0869565217391,
          250.0
        ],
        [
          308.80434782608694,
          236.41304347826085
        ],
        [
          273.4782608695652,
          236.95652173913044
        ],
        [
          243.04347826086956,
          241.8478260869565
        ],
        [
          214.23913043478257,
          248.36956521739128
        ],
        [
          177.28260869565213,
          255.43478260869563
        ],
        [
          153.3695652173913,
          259.7826086956522
        ],
        [
          119.13043478260869,
          263.04347826086956
        ],
        [
          145.2173913043478,
          270.1086956521739
        ],
        [
          155.0,
          275.54347826086956
        ],
        [
          150.65217391304344,
          288.04347826086956
        ],
        [
          102.28260869565219,
          296.195652173913
        ],
        [
          76.73913043478262,
          291.8478260869565
        ],
        [
          46.30434782608694,
          286.4130434782609
        ]
      ],
      "shape_type": "polygon",
      "flags": {}
    },
    {
      "label": "metal01",
      "line_color": null,
      "fill_color": null,
      "points": [
        [
          292.5,
          270.1086956521739
        ],
        [
          271.30434782608694,
          366.8478260869565
        ],
        [
          280.0,
          367.39130434782606
        ],
        [
          299.02173913043475,
          268.4782608695652
        ]
      ],
      "shape_type": "polygon",
      "flags": {}
    },
    {
      "label": "metal02",
      "line_color": null,
      "fill_color": null,
      "points": [
        [
          331.63043478260863,
          266.8478260869565
        ],
        [
          349.02173913043475,
          341.30434782608694
        ],
        [
          358.2608695652174,
          339.67391304347825
        ],
        [
          370.21739130434776,
          340.2173913043478
        ],
        [
          383.2608695652174,
          264.67391304347825
        ],
        [
          370.7608695652174,
          264.67391304347825
        ],
        [
          358.2608695652174,
          323.9130434782609
        ],
        [
          343.0434782608695,
          265.7608695652174
        ]
      ],
      "shape_type": "polygon",
      "flags": {}
    }
  ],
  "lineColor": [
    0,
    255,
    0,
    128
  ],
  "fillColor": [
    255,
    0,
    0,
    128
  ],
  "imagePath": "..\\pic\\797.jpg",
  "imageData": "",
  "imageHeight": 512,
  "imageWidth": 512
}
