{
  "version": "4.5.6",
  "flags": {},
  "shapes": [
    {
      "label": "glass01",
      "points": [
        [
          144.25925925925924,
          94.17989417989418
        ],
        [
          156.4285714285714,
          295.76719576719574
        ],
        [
          207.75132275132273,
          288.88888888888886
        ],
        [
          197.69841269841265,
          100.0
        ]
      ],
      "group_id": null,
      "shape_type": "polygon",
      "flags": {}
    },
    {
      "label": "glass02",
      "points": [
        [
          210.92592592592592,
          102.11640211640211
        ],
        [
          215.15873015873012,
          284.65608465608466
        ],
        [
          251.13756613756613,
          282.53968253968253
        ],
        [
          252.7248677248677,
          105.29100529100529
        ]
      ],
      "group_id": null,
      "shape_type": "polygon",
      "flags": {}
    },
    {
      "label": "fabric01",
      "points": [
        [
          158.54497354497352,
          412.69841269841265
        ],
        [
          159.60317460317458,
          437.037037037037
        ],
        [
          187,
          511
        ],
        [
          445.8465608465608,
          506.87830687830683
        ],
        [
          477.5925925925926,
          495.2380952380952
        ],
        [
          480.76719576719574,
          444.4444444444444
        ],
        [
          338.9682539682539,
          366.66666666666663
        ]
      ],
      "group_id": null,
      "shape_type": "polygon",
      "flags": {}
    },
    {
      "label": "wood01",
      "points": [
        [
          340.55555555555554,
          292.59259259259255
        ],
        [
          338.9682539682539,
          365.60846560846556
        ],
        [
          483.9417989417989,
          449.20634920634916
        ],
        [
          476.0052910052909,
          504.2328042328042
        ],
        [
          511,
          508
        ],
        [
          510.92592592592587,
          441.79894179894177
        ],
        [
          509.86772486772486,
          314.8148148148148
        ],
        [
          442.1428571428571,
          293.6507936507936
        ],
        [
          375.4761904761904,
          280.9523809523809
        ],
        [
          351.66666666666663,
          280.4232804232804
        ]
      ],
      "group_id": null,
      "shape_type": "polygon",
      "flags": {}
    },
    {
      "label": "plastic01",
      "points": [
        [
          7.751322751322746,
          7.936507936507936
        ],
        [
          19.39153439153438,
          113.75661375661375
        ],
        [
          49.021164021164,
          112.6984126984127
        ],
        [
          48.492063492063494,
          70.37037037037037
        ],
        [
          44.25925925925924,
          22.22222222222222
        ],
        [
          44.25925925925924,
          6.878306878306878
        ],
        [
          29.44444444444443,
          3.7037037037037033
        ]
      ],
      "group_id": null,
      "shape_type": "polygon",
      "flags": {}
    }
  ],
  "imagePath": "77.jpg",
  "imageData": "",
  "imageHeight": 512,
  "imageWidth": 512
}
