{
  "version": "3.20.1",
  "flags": {},
  "shapes": [
    {
      "label": "wood01",
      "line_color": null,
      "fill_color": null,
      "points": [
        [
          4.195652173913032,
          509.23913043478257
        ],
        [
          166.695652173913,
          508.695652173913
        ],
        [
          163.43478260869563,
          478.80434782608694
        ],
        [
          179.73913043478257,
          455.9782608695652
        ],
        [
          192.7826086956522,
          441.30434782608694
        ],
        [
          216.695652173913,
          434.78260869565213
        ],
        [
          252.56521739130432,
          440.7608695652174
        ],
        [
          267.23913043478257,
          461.4130434782609
        ],
        [
          269.4130434782609,
          483.15217391304344
        ],
        [
          265.0652173913043,
          500.0
        ],
        [
          265.0652173913043,
          509.23913043478257
        ],
        [
          431.9130434782609,
          509.78260869565213
        ],
        [
          356.9130434782609,
          366.30434782608694
        ],
        [
          102.02173913043475,
          370.1086956521739
        ],
        [
          1.4782608695652186,
          502.7173913043478
        ]
      ],
      "shape_type": "polygon",
      "flags": {}
    },
    {
      "label": "plastic01",
      "line_color": null,
      "fill_color": null,
      "points": [
        [
          78.65217391304347,
          92.39130434782608
        ],
        [
          44.95652173913044,
          138.58695652173913
        ],
        [
          123.21739130434781,
          142.3913043478261
        ],
        [
          110.17391304347825,
          114.67391304347825
        ],
        [
          142.7826086956522,
          119.56521739130434
        ],
        [
          151.4782608695652,
          113.04347826086956
        ],
        [
          197.1304347826087,
          109.23913043478261
        ],
        [
          162.3478260869565,
          55.97826086956521
        ],
        [
          136.26086956521738,
          55.97826086956521
        ],
        [
          106.91304347826087,
          103.26086956521739
        ],
        [
          99.8478260869565,
          91.30434782608695
        ]
      ],
      "shape_type": "polygon",
      "flags": {}
    },
    {
      "label": "plastic02",
      "line_color": null,
      "fill_color": null,
      "points": [
        [
          266.15217391304344,
          99.45652173913044
        ],
        [
          258.54347826086956,
          108.69565217391303
        ],
        [
          266.15217391304344,
          117.39130434782608
        ],
        [
          268.8695652173913,
          125.0
        ],
        [
          262.3478260869565,
          142.3913043478261
        ],
        [
          339.52173913043475,
          142.3913043478261
        ],
        [
          340.6086956521739,
          138.58695652173913
        ],
        [
          329.195652173913,
          118.47826086956522
        ],
        [
          343.3260869565217,
          119.02173913043478
        ],
        [
          341.15217391304344,
          150.54347826086956
        ],
        [
          370.5,
          147.82608695652172
        ],
        [
          352.5652173913044,
          122.82608695652173
        ],
        [
          374.3043478260869,
          119.56521739130434
        ],
        [
          349.3043478260869,
          76.63043478260869
        ],
        [
          330.28260869565213,
          75.54347826086956
        ],
        [
          321.04347826086956,
          94.56521739130434
        ],
        [
          316.695652173913,
          95.1086956521739
        ],
        [
          309.0869565217391,
          89.13043478260869
        ],
        [
          286.2608695652174,
          89.13043478260869
        ],
        [
          281.3695652173913,
          97.82608695652173
        ]
      ],
      "shape_type": "polygon",
      "flags": {}
    },
    {
      "label": "glass01",
      "line_color": null,
      "fill_color": null,
      "points": [
        [
          301.4782608695652,
          196.19565217391303
        ],
        [
          303.1086956521739,
          292.39130434782606
        ],
        [
          356.9130434782609,
          291.30434782608694
        ],
        [
          358.0,
          155.43478260869566
        ],
        [
          340.0652173913043,
          158.15217391304347
        ],
        [
          341.15217391304344,
          176.08695652173913
        ],
        [
          332.45652173913044,
          192.93478260869566
        ],
        [
          316.695652173913,
          196.19565217391303
        ]
      ],
      "shape_type": "polygon",
      "flags": {}
    },
    {
      "label": "glass02",
      "line_color": null,
      "fill_color": null,
      "points": [
        [
          380.28260869565213,
          120.65217391304347
        ],
        [
          383.0,
          289.1304347826087
        ],
        [
          490.0652173913044,
          292.39130434782606
        ],
        [
          489.52173913043475,
          269.02173913043475
        ],
        [
          494.4130434782609,
          256.52173913043475
        ],
        [
          457.4565217391304,
          238.58695652173913
        ],
        [
          413.4347826086956,
          230.97826086956522
        ],
        [
          399.8478260869565,
          226.6304347826087
        ],
        [
          398.7608695652174,
          219.56521739130434
        ],
        [
          413.4347826086956,
          210.86956521739128
        ],
        [
          428.6521739130435,
          205.97826086956522
        ],
        [
          444.9565217391304,
          200.54347826086956
        ],
        [
          475.9347826086956,
          209.2391304347826
        ],
        [
          476.47826086956513,
          189.1304347826087
        ],
        [
          485.71739130434776,
          186.95652173913044
        ],
        [
          494.4130434782609,
          166.8478260869565
        ],
        [
          501.47826086956513,
          166.8478260869565
        ],
        [
          511.0,
          195.0
        ],
        [
          510.17391304347825,
          114.67391304347825
        ],
        [
          402.02173913043475,
          120.1086956521739
        ]
      ],
      "shape_type": "polygon",
      "flags": {}
    },
    {
      "label": "plastic01",
      "line_color": null,
      "fill_color": null,
      "points": [
        [
          396.0434782608695,
          98.91304347826086
        ],
        [
          398.21739130434776,
          115.21739130434783
        ],
        [
          510.17391304347825,
          113.58695652173913
        ],
        [
          509.63043478260863,
          97.82608695652173
        ]
      ],
      "shape_type": "polygon",
      "flags": {}
    },
    {
      "label": "metal01",
      "line_color": null,
      "fill_color": null,
      "points": [
        [
          221.04347826086956,
          1.6304347826086956
        ],
        [
          221.04347826086956,
          113.58695652173913
        ],
        [
          202.02173913043475,
          103.26086956521739
        ],
        [
          206.91304347826087,
          110.32608695652173
        ],
        [
          203.65217391304344,
          117.93478260869564
        ],
        [
          165.06521739130432,
          144.02173913043478
        ],
        [
          177.56521739130432,
          122.82608695652173
        ],
        [
          187.3478260869565,
          110.32608695652173
        ],
        [
          180.82608695652175,
          109.78260869565217
        ],
        [
          171.58695652173913,
          125.0
        ],
        [
          160.7173913043478,
          141.30434782608694
        ],
        [
          160.17391304347825,
          132.06521739130434
        ],
        [
          150.93478260869563,
          129.3478260869565
        ],
        [
          154.73913043478257,
          149.45652173913044
        ],
        [
          144.41304347826087,
          152.17391304347825
        ],
        [
          128.10869565217388,
          144.56521739130434
        ],
        [
          130.82608695652175,
          134.78260869565216
        ],
        [
          124.30434782608694,
          134.2391304347826
        ],
        [
          124.8478260869565,
          146.19565217391303
        ],
        [
          134.08695652173913,
          154.8913043478261
        ],
        [
          153.65217391304344,
          157.6086956521739
        ],
        [
          150.93478260869563,
          164.67391304347825
        ],
        [
          140.60869565217388,
          176.08695652173913
        ],
        [
          125.93478260869563,
          187.5
        ],
        [
          105.82608695652175,
          190.2173913043478
        ],
        [
          95.5,
          182.6086956521739
        ],
        [
          90.60869565217388,
          172.82608695652172
        ],
        [
          88.97826086956522,
          160.32608695652172
        ],
        [
          80.28260869565216,
          157.06521739130434
        ],
        [
          80.82608695652172,
          171.7391304347826
        ],
        [
          90.06521739130432,
          187.5
        ],
        [
          97.13043478260869,
          194.56521739130434
        ],
        [
          117.78260869565219,
          196.7391304347826
        ],
        [
          134.08695652173913,
          192.93478260869566
        ],
        [
          144.95652173913044,
          181.52173913043478
        ],
        [
          156.91304347826087,
          165.2173913043478
        ],
        [
          165.06521739130432,
          179.8913043478261
        ],
        [
          173.76086956521738,
          191.8478260869565
        ],
        [
          186.80434782608694,
          185.86956521739128
        ],
        [
          193.32608695652175,
          170.1086956521739
        ],
        [
          194.95652173913044,
          157.6086956521739
        ],
        [
          202.56521739130432,
          134.2391304347826
        ],
        [
          211.26086956521738,
          122.82608695652173
        ],
        [
          216.15217391304344,
          129.3478260869565
        ],
        [
          211.26086956521738,
          142.93478260869566
        ],
        [
          209.6304347826087,
          155.97826086956522
        ],
        [
          210.7173913043478,
          174.45652173913044
        ],
        [
          216.695652173913,
          181.52173913043478
        ],
        [
          218.32608695652175,
          194.56521739130434
        ],
        [
          224.8478260869565,
          194.56521739130434
        ],
        [
          225.93478260869563,
          184.78260869565216
        ],
        [
          238.9782608695652,
          170.65217391304347
        ],
        [
          242.78260869565213,
          150.54347826086956
        ],
        [
          240.06521739130432,
          140.2173913043478
        ],
        [
          246.58695652173913,
          157.06521739130434
        ],
        [
          253.10869565217388,
          169.02173913043478
        ],
        [
          258.54347826086956,
          175.0
        ],
        [
          272.67391304347825,
          200.0
        ],
        [
          284.6304347826087,
          203.80434782608694
        ],
        [
          292.78260869565213,
          198.36956521739128
        ],
        [
          298.2173913043478,
          189.1304347826087
        ],
        [
          308.0,
          196.19565217391303
        ],
        [
          325.39130434782606,
          193.47826086956522
        ],
        [
          334.6304347826087,
          185.32608695652172
        ],
        [
          337.3478260869565,
          177.7173913043478
        ],
        [
          338.4347826086956,
          163.04347826086956
        ],
        [
          335.17391304347825,
          166.8478260869565
        ],
        [
          334.6304347826087,
          178.80434782608694
        ],
        [
          330.28260869565213,
          184.2391304347826
        ],
        [
          317.78260869565213,
          190.76086956521738
        ],
        [
          309.6304347826087,
          190.76086956521738
        ],
        [
          301.4782608695652,
          185.32608695652172
        ],
        [
          302.02173913043475,
          168.47826086956522
        ],
        [
          303.1086956521739,
          161.41304347826087
        ],
        [
          315.0652173913043,
          161.41304347826087
        ],
        [
          327.5652173913043,
          160.32608695652172
        ],
        [
          333.54347826086956,
          153.80434782608694
        ],
        [
          334.6304347826087,
          141.8478260869565
        ],
        [
          329.73913043478257,
          141.8478260869565
        ],
        [
          328.1086956521739,
          150.54347826086956
        ],
        [
          321.04347826086956,
          155.43478260869566
        ],
        [
          317.78260869565213,
          156.52173913043478
        ],
        [
          305.8260869565217,
          158.69565217391303
        ],
        [
          293.8695652173913,
          160.86956521739128
        ],
        [
          296.04347826086956,
          167.3913043478261
        ],
        [
          294.4130434782609,
          180.97826086956522
        ],
        [
          293.8695652173913,
          185.32608695652172
        ],
        [
          284.6304347826087,
          194.56521739130434
        ],
        [
          278.65217391304344,
          197.82608695652172
        ],
        [
          273.2173913043478,
          190.2173913043478
        ],
        [
          266.15217391304344,
          178.80434782608694
        ],
        [
          264.52173913043475,
          164.67391304347825
        ],
        [
          256.3695652173913,
          140.76086956521738
        ],
        [
          261.80434782608694,
          130.97826086956522
        ],
        [
          264.52173913043475,
          120.1086956521739
        ],
        [
          254.195652173913,
          107.06521739130434
        ],
        [
          246.04347826086956,
          105.43478260869564
        ],
        [
          238.43478260869563,
          102.17391304347825
        ],
        [
          228.10869565217388,
          107.6086956521739
        ],
        [
          225.93478260869563,
          72.28260869565217
        ],
        [
          226.4782608695652,
          4.891304347826087
        ]
      ],
      "shape_type": "polygon",
      "flags": {}
    }
  ],
  "lineColor": [
    0,
    255,
    0,
    128
  ],
  "fillColor": [
    255,
    0,
    0,
    128
  ],
  "imagePath": "..\\pic\\186.jpg",
  "imageData": "",
  "imageHeight": 512,
  "imageWidth": 512
}
