{
  "version": "4.5.6",
  "flags": {},
  "shapes": [
    {
      "label": "fabric01",
      "points": [
        [
          128.38624338624336,
          1.0582010582010581
        ],
        [
          133.67724867724866,
          454.4973544973545
        ],
        [
          186.05820105820106,
          429.6296296296296
        ],
        [
          183.41269841269838,
          3.7037037037037033
        ]
      ],
      "group_id": null,
      "shape_type": "polygon",
      "flags": {}
    },
    {
      "label": "glass01",
      "points": [
        [
          23.624338624338606,
          2.645502645502645
        ],
        [
          30.502645502645493,
          299.47089947089944
        ],
        [
          92.40740740740739,
          283.06878306878303
        ],
        [
          85.5291005291005,
          32.27513227513227
        ]
      ],
      "group_id": null,
      "shape_type": "polygon",
      "flags": {}
    },
    {
      "label": "glass02",
      "points": [
        [
          29.97354497354496,
          342.85714285714283
        ],
        [
          31.031746031746025,
          452.38095238095235
        ],
        [
          98.75661375661375,
          413.7566137566137
        ],
        [
          98.22751322751321,
          325.9259259259259
        ]
      ],
      "group_id": null,
      "shape_type": "polygon",
      "flags": {}
    },
    {
      "label": "wood01",
      "points": [
        [
          257.48677248677245,
          305.29100529100526
        ],
        [
          251.66666666666663,
          397.8835978835979
        ],
        [
          431.56084656084647,
          455.026455026455
        ],
        [
          436.85185185185185,
          345.50264550264546
        ]
      ],
      "group_id": null,
      "shape_type": "polygon",
      "flags": {}
    },
    {
      "label": "fabric02",
      "points": [
        [
          143.73015873015873,
          508.99470899470896
        ],
        [
          252.7248677248677,
          401.058201058201
        ],
        [
          425.2116402116402,
          451.85185185185185
        ],
        [
          422,
          511
        ]
      ],
      "group_id": null,
      "shape_type": "polygon",
      "flags": {}
    },
    {
      "label": "wood02",
      "points": [
        [
          213.042328042328,
          386.2433862433862
        ],
        [
          192.4074074074074,
          408.99470899470896
        ],
        [
          191.34920634920633,
          458.7301587301587
        ],
        [
          248.4920634920635,
          403.7037037037037
        ],
        [
          238.43915343915342,
          404.2328042328042
        ],
        [
          238.96825396825392,
          394.1798941798942
        ]
      ],
      "group_id": null,
      "shape_type": "polygon",
      "flags": {}
    }
  ],
  "imagePath": "92.jpg",
  "imageData": "",
  "imageHeight": 512,
  "imageWidth": 512
}
