{
  "version": "3.20.1",
  "flags": {},
  "shapes": [
    {
      "label": "fabric01",
      "line_color": null,
      "fill_color": null,
      "points": [
        [
          4.634920634920633,
          3.1746031746031744
        ],
        [
          99.34391534391534,
          27.513227513227513
        ],
        [
          93.52380952380952,
          39.15343915343915
        ],
        [
          93.52380952380952,
          255.55555555555554
        ],
        [
          90.87830687830686,
          258.73015873015873
        ],
        [
          0.9312169312169232,
          278.83597883597884
        ],
        [
          0,
          40
        ],
        [
          0,
          2
        ]
      ],
      "shape_type": "polygon",
      "flags": {}
    },
    {
      "label": "wood01",
      "line_color": null,
      "fill_color": null,
      "points": [
        [
          115.74603174603172,
          210.58201058201058
        ],
        [
          115.21693121693121,
          236.5079365079365
        ],
        [
          136.38095238095235,
          231.74603174603172
        ],
        [
          155.95767195767195,
          231.74603174603172
        ],
        [
          183.47089947089944,
          235.97883597883597
        ],
        [
          213.62962962962962,
          243.9153439153439
        ],
        [
          242.20105820105817,
          255.026455026455
        ],
        [
          252.78306878306876,
          262.96296296296293
        ],
        [
          251.1957671957672,
          239.15343915343914
        ],
        [
          250.13756613756613,
          235.97883597883597
        ],
        [
          259.1322751322751,
          230.68783068783068
        ],
        [
          259.66137566137564,
          223.8095238095238
        ]
      ],
      "shape_type": "polygon",
      "flags": {}
    },
    {
      "label": "wood02",
      "line_color": null,
      "fill_color": null,
      "points": [
        [
          265.48148148148147,
          233.86243386243385
        ],
        [
          253.31216931216926,
          235.97883597883597
        ],
        [
          256.48677248677245,
          237.56613756613754
        ],
        [
          253.84126984126982,
          373.5449735449735
        ],
        [
          257.015873015873,
          375.1322751322751
        ],
        [
          258.6031746031746,
          367.7248677248677
        ],
        [
          363.36507936507934,
          382.01058201058197
        ],
        [
          372.35978835978835,
          381.48148148148147
        ],
        [
          377.6507936507936,
          259.7883597883598
        ],
        [
          380.29629629629625,
          252.91005291005288
        ],
        [
          379.2380952380952,
          242.3280423280423
        ],
        [
          382.94179894179894,
          238.6243386243386
        ],
        [
          373.9470899470899,
          238.6243386243386
        ],
        [
          370.77248677248673,
          241.26984126984127
        ]
      ],
      "shape_type": "polygon",
      "flags": {}
    },
    {
      "label": "fabric02",
      "line_color": null,
      "fill_color": null,
      "points": [
        [
          3.047619047619037,
          278.83597883597884
        ],
        [
          91.93650793650792,
          257.1428571428571
        ],
        [
          103.04761904761904,
          244.44444444444443
        ],
        [
          117.33333333333331,
          239.15343915343914
        ],
        [
          128.44444444444443,
          233.33333333333331
        ],
        [
          150.66666666666663,
          233.33333333333331
        ],
        [
          179.23809523809524,
          237.037037037037
        ],
        [
          196.69841269841265,
          239.15343915343914
        ],
        [
          235.3227513227513,
          250.26455026455025
        ],
        [
          255.4285714285714,
          257.1428571428571
        ],
        [
          256.48677248677245,
          266.66666666666663
        ],
        [
          253.31216931216926,
          371.4285714285714
        ],
        [
          192.46560846560845,
          414.8148148148148
        ],
        [
          306.75132275132273,
          441.79894179894177
        ],
        [
          316.80423280423275,
          449.20634920634916
        ],
        [
          327.9153439153439,
          462.96296296296293
        ],
        [
          328.4444444444444,
          485.18518518518516
        ],
        [
          330,
          511
        ],
        [
          0,
          511
        ]
      ],
      "shape_type": "polygon",
      "flags": {}
    },
    {
      "label": "fabric03",
      "line_color": null,
      "fill_color": null,
      "points": [
        [
          268.65608465608466,
          379.89417989417984
        ],
        [
          254.37037037037032,
          375.1322751322751
        ],
        [
          243.78835978835974,
          383.5978835978836
        ],
        [
          250.13756613756613,
          431.7460317460317
        ],
        [
          306.75132275132273,
          440.7407407407407
        ],
        [
          324.7407407407407,
          454.4973544973545
        ],
        [
          328.4444444444444,
          462.96296296296293
        ],
        [
          329.50264550264546,
          507.4074074074074
        ],
        [
          360.7195767195767,
          508.46560846560845
        ],
        [
          389.29100529100526,
          497.8835978835979
        ],
        [
          403.04761904761904,
          492.59259259259255
        ],
        [
          408.86772486772486,
          478.8359788359788
        ],
        [
          407.80952380952374,
          469.31216931216926
        ],
        [
          434.2645502645503,
          375.1322751322751
        ],
        [
          426.8571428571428,
          365.07936507936506
        ],
        [
          414.6878306878307,
          365.60846560846556
        ],
        [
          403.04761904761904,
          378.83597883597884
        ],
        [
          339.026455026455,
          384.65608465608466
        ],
        [
          300.40211640211635,
          384.1269841269841
        ],
        [
          278.1798941798942,
          381.48148148148147
        ]
      ],
      "shape_type": "polygon",
      "flags": {}
    },
    {
      "label": "plastic01",
      "line_color": null,
      "fill_color": null,
      "points": [
        [
          459.6613756613756,
          324.86772486772486
        ],
        [
          455.9576719576719,
          333.8624338624338
        ],
        [
          454.8994708994709,
          400.5291005291005
        ],
        [
          467.59788359788354,
          406.87830687830683
        ],
        [
          484.52910052910045,
          406.87830687830683
        ],
        [
          491.93650793650795,
          328.042328042328
        ],
        [
          476.06349206349205,
          324.3386243386243
        ]
      ],
      "shape_type": "polygon",
      "flags": {}
    },
    {
      "label": "plastic02",
      "line_color": null,
      "fill_color": null,
      "points": [
        [
          309.39682539682536,
          163.4920634920635
        ],
        [
          306.2222222222222,
          232.27513227513225
        ],
        [
          308.86772486772486,
          239.15343915343914
        ],
        [
          371.3015873015873,
          241.79894179894177
        ],
        [
          371.3015873015873,
          230.68783068783068
        ],
        [
          375.5343915343915,
          165.07936507936506
        ]
      ],
      "shape_type": "polygon",
      "flags": {}
    },
    {
      "label": "plastic03",
      "line_color": null,
      "fill_color": null,
      "points": [
        [
          254.89947089947088,
          167.72486772486772
        ],
        [
          304.1058201058201,
          167.72486772486772
        ],
        [
          309.9259259259259,
          161.9047619047619
        ],
        [
          296.16931216931215,
          118.5185185185185
        ],
        [
          272.88888888888886,
          116.93121693121692
        ],
        [
          257.015873015873,
          153.43915343915342
        ],
        [
          255.95767195767195,
          161.37566137566137
        ]
      ],
      "shape_type": "polygon",
      "flags": {}
    }
  ],
  "lineColor": [
    0,
    255,
    0,
    128
  ],
  "fillColor": [
    255,
    0,
    0,
    128
  ],
  "imagePath": "..\\pic\\906.jpg",
  "imageData": "",
  "imageHeight": 512,
  "imageWidth": 512
}
