{
  "version": "3.20.1",
  "flags": {},
  "shapes": [
    {
      "label": "fabric01",
      "line_color": null,
      "fill_color": null,
      "points": [
        [
          278.4782608695652,
          58.15217391304348
        ],
        [
          279.02173913043475,
          178.26086956521738
        ],
        [
          299.1304347826087,
          166.30434782608694
        ],
        [
          305.1086956521739,
          132.06521739130434
        ],
        [
          348.0434782608695,
          108.69565217391303
        ],
        [
          392.6086956521739,
          105.43478260869564
        ],
        [
          449.67391304347825,
          90.21739130434783
        ],
        [
          458.36956521739125,
          118.47826086956522
        ],
        [
          474.13043478260863,
          118.47826086956522
        ],
        [
          492.6086956521739,
          111.95652173913042
        ],
        [
          507.28260869565213,
          140.76086956521738
        ],
        [
          511,
          115
        ],
        [
          429.5652173913044,
          37.5
        ]
      ],
      "shape_type": "polygon",
      "flags": {}
    },
    {
      "label": "glass01",
      "line_color": null,
      "fill_color": null,
      "points": [
        [
          305.65217391304344,
          162.5
        ],
        [
          308.9130434782609,
          267.9347826086956
        ],
        [
          389.3478260869565,
          270.65217391304344
        ],
        [
          389.3478260869565,
          109.78260869565217
        ],
        [
          347.5,
          110.8695652173913
        ],
        [
          310.54347826086956,
          131.52173913043478
        ]
      ],
      "shape_type": "polygon",
      "flags": {}
    },
    {
      "label": "glass02",
      "line_color": null,
      "fill_color": null,
      "points": [
        [
          411.0869565217391,
          105.43478260869564
        ],
        [
          414.3478260869565,
          271.195652173913
        ],
        [
          498.0434782608695,
          274.45652173913044
        ],
        [
          497.5,
          133.69565217391303
        ],
        [
          489.891304347826,
          116.84782608695652
        ],
        [
          475.7608695652174,
          119.56521739130434
        ],
        [
          461.63043478260863,
          120.1086956521739
        ],
        [
          450.21739130434776,
          94.56521739130434
        ]
      ],
      "shape_type": "polygon",
      "flags": {}
    },
    {
      "label": "plastic01",
      "line_color": null,
      "fill_color": null,
      "points": [
        [
          110.0,
          229.3478260869565
        ],
        [
          163.26086956521738,
          229.3478260869565
        ],
        [
          154.56521739130432,
          204.89130434782606
        ],
        [
          122.5,
          205.97826086956522
        ],
        [
          118.695652173913,
          208.69565217391303
        ]
      ],
      "shape_type": "polygon",
      "flags": {}
    },
    {
      "label": "fabric02",
      "line_color": null,
      "fill_color": null,
      "points": [
        [
          2.934782608695656,
          272.82608695652175
        ],
        [
          42.60869565217391,
          278.80434782608694
        ],
        [
          37.717391304347814,
          261.4130434782609
        ],
        [
          78.47826086956522,
          260.8695652173913
        ],
        [
          84.45652173913044,
          273.3695652173913
        ],
        [
          95.32608695652175,
          277.17391304347825
        ],
        [
          102.39130434782606,
          285.32608695652175
        ],
        [
          104.56521739130432,
          299.45652173913044
        ],
        [
          326.8478260869565,
          307.0652173913043
        ],
        [
          262.17391304347825,
          322.2826086956522
        ],
        [
          255.65217391304344,
          319.5652173913043
        ],
        [
          237.17391304347825,
          325.54347826086956
        ],
        [
          235.54347826086956,
          330.4347826086956
        ],
        [
          205.10869565217388,
          342.9347826086956
        ],
        [
          183.3695652173913,
          368.4782608695652
        ],
        [
          178.4782608695652,
          390.2173913043478
        ],
        [
          185.0,
          509.23913043478257
        ],
        [
          1.847826086956502,
          509.78260869565213
        ]
      ],
      "shape_type": "polygon",
      "flags": {}
    },
    {
      "label": "fabric03",
      "line_color": null,
      "fill_color": null,
      "points": [
        [
          216.52173913043475,
          509.78260869565213
        ],
        [
          383.9130434782609,
          410.32608695652175
        ],
        [
          398.0434782608695,
          436.95652173913044
        ],
        [
          390.97826086956525,
          447.8260869565217
        ],
        [
          371.9565217391304,
          451.6304347826087
        ],
        [
          370.86956521739125,
          457.0652173913043
        ],
        [
          341.52173913043475,
          473.3695652173913
        ],
        [
          336.6304347826087,
          469.5652173913043
        ],
        [
          328.4782608695652,
          483.695652173913
        ],
        [
          310.54347826086956,
          478.80434782608694
        ],
        [
          308.9130434782609,
          503.80434782608694
        ],
        [
          294.78260869565213,
          509.23913043478257
        ]
      ],
      "shape_type": "polygon",
      "flags": {}
    },
    {
      "label": "metal01",
      "line_color": null,
      "fill_color": null,
      "points": [
        [
          188.80434782608694,
          508.695652173913
        ],
        [
          181.73913043478257,
          397.28260869565213
        ],
        [
          182.82608695652175,
          372.82608695652175
        ],
        [
          212.7173913043478,
          336.95652173913044
        ],
        [
          237.17391304347825,
          330.4347826086956
        ],
        [
          238.26086956521738,
          325.54347826086956
        ],
        [
          261.6304347826087,
          320.1086956521739
        ],
        [
          262.7173913043478,
          323.9130434782609
        ],
        [
          339.89130434782606,
          303.2608695652174
        ],
        [
          340.4347826086956,
          302.17391304347825
        ],
        [
          358.9130434782609,
          300.54347826086956
        ],
        [
          380.1086956521739,
          300.0
        ],
        [
          392.6086956521739,
          317.9347826086956
        ],
        [
          395.86956521739125,
          414.67391304347825
        ],
        [
          381.7391304347826,
          407.6086956521739
        ],
        [
          377.9347826086956,
          321.195652173913
        ],
        [
          368.695652173913,
          309.7826086956522
        ],
        [
          365.97826086956525,
          326.6304347826087
        ],
        [
          370.32608695652175,
          403.80434782608694
        ],
        [
          361.0869565217391,
          408.15217391304344
        ],
        [
          358.9130434782609,
          357.0652173913043
        ],
        [
          349.67391304347825,
          357.6086956521739
        ],
        [
          351.3043478260869,
          420.65217391304344
        ],
        [
          343.695652173913,
          421.195652173913
        ],
        [
          338.80434782608694,
          362.5
        ],
        [
          320.86956521739125,
          369.02173913043475
        ],
        [
          324.67391304347825,
          435.8695652173913
        ],
        [
          312.7173913043478,
          435.8695652173913
        ],
        [
          311.6304347826087,
          372.28260869565213
        ],
        [
          295.8695652173913,
          381.52173913043475
        ],
        [
          299.67391304347825,
          446.73913043478257
        ],
        [
          288.80434782608694,
          446.73913043478257
        ],
        [
          287.7173913043478,
          384.23913043478257
        ],
        [
          270.8695652173913,
          395.1086956521739
        ],
        [
          269.78260869565213,
          458.695652173913
        ],
        [
          252.39130434782606,
          460.3260869565217
        ],
        [
          252.93478260869563,
          401.0869565217391
        ],
        [
          235.54347826086956,
          407.6086956521739
        ],
        [
          237.7173913043478,
          476.6304347826087
        ],
        [
          224.1304347826087,
          482.0652173913043
        ],
        [
          223.04347826086956,
          350.54347826086956
        ],
        [
          231.73913043478257,
          347.2826086956522
        ],
        [
          233.3695652173913,
          381.52173913043475
        ],
        [
          356.7391304347826,
          339.67391304347825
        ],
        [
          356.195652173913,
          315.2173913043478
        ],
        [
          230.65217391304344,
          346.195652173913
        ],
        [
          208.3695652173913,
          358.15217391304344
        ],
        [
          198.04347826086956,
          373.9130434782609
        ],
        [
          193.695652173913,
          398.9130434782609
        ],
        [
          196.41304347826087,
          501.0869565217391
        ],
        [
          376.8478260869565,
          401.6304347826087
        ],
        [
          382.28260869565213,
          412.5
        ],
        [
          214.3478260869565,
          508.695652173913
        ]
      ],
      "shape_type": "polygon",
      "flags": {}
    }
  ],
  "lineColor": [
    0,
    255,
    0,
    128
  ],
  "fillColor": [
    255,
    0,
    0,
    128
  ],
  "imagePath": "..\\pic\\624.jpg",
  "imageData": "",
  "imageHeight": 512,
  "imageWidth": 512
}
