{
  "version": "3.20.1",
  "flags": {},
  "shapes": [
    {
      "label": "glass01",
      "line_color": null,
      "fill_color": null,
      "points": [
        [
          441.1521739130435,
          50.0
        ],
        [
          505.82608695652175,
          27.717391304347824
        ],
        [
          478.1086956521739,
          241.30434782608694
        ],
        [
          425.391304347826,
          225.0
        ]
      ],
      "shape_type": "polygon",
      "flags": {}
    },
    {
      "label": "glass02",
      "line_color": null,
      "fill_color": null,
      "points": [
        [
          424.8478260869565,
          244.02173913043478
        ],
        [
          426.47826086956525,
          279.3478260869565
        ],
        [
          452.02173913043475,
          297.2826086956522
        ],
        [
          455.82608695652175,
          286.95652173913044
        ],
        [
          448.21739130434776,
          283.15217391304344
        ],
        [
          452.02173913043475,
          270.65217391304344
        ],
        [
          460.17391304347825,
          269.02173913043475
        ],
        [
          473.21739130434776,
          273.9130434782609
        ],
        [
          475.391304347826,
          261.4130434782609
        ]
      ],
      "shape_type": "polygon",
      "flags": {}
    },
    {
      "label": "fabric01",
      "line_color": null,
      "fill_color": null,
      "points": [
        [
          144.95652173913044,
          303.2608695652174
        ],
        [
          136.80434782608694,
          360.8695652173913
        ],
        [
          135.17391304347825,
          432.0652173913043
        ],
        [
          228.10869565217388,
          405.4347826086956
        ],
        [
          328.1086956521739,
          384.23913043478257
        ],
        [
          341.695652173913,
          372.28260869565213
        ],
        [
          360.71739130434776,
          376.6304347826087
        ],
        [
          355.82608695652175,
          339.1304347826087
        ],
        [
          350.391304347826,
          325.0
        ],
        [
          322.1304347826087,
          294.5652173913043
        ],
        [
          290.0652173913043,
          300.0
        ],
        [
          283.54347826086956,
          279.3478260869565
        ],
        [
          215.60869565217388,
          291.30434782608694
        ],
        [
          200.39130434782606,
          291.30434782608694
        ]
      ],
      "shape_type": "polygon",
      "flags": {}
    },
    {
      "label": "fabric02",
      "line_color": null,
      "fill_color": null,
      "points": [
        [
          311.2608695652174,
          257.0652173913043
        ],
        [
          294.95652173913044,
          265.7608695652174
        ],
        [
          281.9130434782609,
          274.45652173913044
        ],
        [
          291.15217391304344,
          298.9130434782609
        ],
        [
          324.30434782608694,
          288.04347826086956
        ]
      ],
      "shape_type": "polygon",
      "flags": {}
    },
    {
      "label": "wood01",
      "line_color": null,
      "fill_color": null,
      "points": [
        [
          353.6521739130435,
          321.195652173913
        ],
        [
          396.0434782608695,
          315.7608695652174
        ],
        [
          396.0434782608695,
          335.8695652173913
        ],
        [
          394.4130434782609,
          351.0869565217391
        ],
        [
          359.0869565217391,
          357.6086956521739
        ]
      ],
      "shape_type": "polygon",
      "flags": {}
    },
    {
      "label": "plastic01",
      "line_color": null,
      "fill_color": null,
      "points": [
        [
          67.2391304347826,
          104.34782608695652
        ],
        [
          111.80434782608694,
          103.80434782608695
        ],
        [
          102.02173913043475,
          124.45652173913042
        ],
        [
          87.3478260869565,
          126.08695652173913
        ]
      ],
      "shape_type": "polygon",
      "flags": {}
    },
    {
      "label": "wood02",
      "line_color": null,
      "fill_color": null,
      "points": [
        [
          46.04347826086956,
          276.6304347826087
        ],
        [
          70.5,
          455.4347826086956
        ],
        [
          80.82608695652172,
          451.6304347826087
        ],
        [
          79.7391304347826,
          440.7608695652174
        ],
        [
          135.7173913043478,
          427.17391304347825
        ],
        [
          135.17391304347825,
          418.4782608695652
        ],
        [
          77.56521739130434,
          431.52173913043475
        ],
        [
          71.04347826086956,
          382.0652173913043
        ],
        [
          129.73913043478262,
          366.30434782608694
        ],
        [
          134.6304347826087,
          396.195652173913
        ],
        [
          138.43478260869563,
          358.15217391304344
        ],
        [
          147.1304347826087,
          299.45652173913044
        ],
        [
          140.60869565217388,
          235.86956521739128
        ],
        [
          128.10869565217388,
          229.89130434782606
        ],
        [
          109.08695652173913,
          230.43478260869566
        ],
        [
          94.41304347826087,
          231.52173913043478
        ],
        [
          83.54347826086956,
          232.6086956521739
        ],
        [
          83.54347826086956,
          240.2173913043478
        ],
        [
          130.82608695652175,
          240.76086956521738
        ],
        [
          122.67391304347825,
          260.8695652173913
        ],
        [
          128.10869565217388,
          355.4347826086956
        ],
        [
          72.67391304347825,
          369.5652173913043
        ],
        [
          70.5,
          367.39130434782606
        ],
        [
          59.086956521739125,
          281.52173913043475
        ],
        [
          124.8478260869565,
          276.0869565217391
        ],
        [
          122.13043478260869,
          262.5
        ],
        [
          109.08695652173913,
          261.95652173913044
        ],
        [
          94.95652173913044,
          263.04347826086956
        ],
        [
          71.04347826086956,
          268.4782608695652
        ],
        [
          89.52173913043475,
          242.93478260869563
        ],
        [
          83.0,
          241.8478260869565
        ],
        [
          66.15217391304347,
          266.30434782608694
        ],
        [
          55.28260869565216,
          270.65217391304344
        ]
      ],
      "shape_type": "polygon",
      "flags": {}
    }
  ],
  "lineColor": [
    0,
    255,
    0,
    128
  ],
  "fillColor": [
    255,
    0,
    0,
    128
  ],
  "imagePath": "..\\pic\\508.jpg",
  "imageData": "",
  "imageHeight": 512,
  "imageWidth": 512
}
