{
  "version": "3.20.1",
  "flags": {},
  "shapes": [
    {
      "label": "fabric01",
      "line_color": null,
      "fill_color": null,
      "points": [
        [
          12.891304347826093,
          21.195652173913043
        ],
        [
          156.3695652173913,
          33.15217391304348
        ],
        [
          153.65217391304344,
          45.65217391304348
        ],
        [
          166.695652173913,
          85.32608695652173
        ],
        [
          175.93478260869563,
          96.19565217391303
        ],
        [
          192.7826086956522,
          98.3695652173913
        ],
        [
          196.58695652173913,
          100.0
        ],
        [
          206.3695652173913,
          205.43478260869566
        ],
        [
          202.56521739130432,
          209.78260869565216
        ],
        [
          205.28260869565213,
          236.41304347826085
        ],
        [
          199.8478260869565,
          226.08695652173913
        ],
        [
          193.32608695652175,
          225.54347826086956
        ],
        [
          181.91304347826087,
          220.65217391304347
        ],
        [
          168.32608695652175,
          220.65217391304347
        ],
        [
          155.82608695652175,
          83.15217391304347
        ],
        [
          65.6086956521739,
          82.06521739130434
        ],
        [
          84.08695652173913,
          302.17391304347825
        ],
        [
          62.3478260869565,
          309.7826086956522
        ],
        [
          58.0,
          233.15217391304347
        ],
        [
          47.13043478260869,
          228.26086956521738
        ],
        [
          42.78260869565216,
          216.8478260869565
        ],
        [
          24.30434782608694,
          216.30434782608694
        ],
        [
          19.956521739130437,
          79.34782608695652
        ],
        [
          16.15217391304347,
          79.34782608695652
        ],
        [
          4.195652173913032,
          23.913043478260867
        ]
      ],
      "shape_type": "polygon",
      "flags": {}
    },
    {
      "label": "fabric02",
      "line_color": null,
      "fill_color": null,
      "points": [
        [
          72.13043478260869,
          169.02173913043478
        ],
        [
          159.08695652173913,
          167.3913043478261
        ],
        [
          166.15217391304344,
          221.7391304347826
        ],
        [
          155.82608695652175,
          229.3478260869565
        ],
        [
          148.2173913043478,
          228.80434782608694
        ],
        [
          147.1304347826087,
          239.1304347826087
        ],
        [
          141.15217391304344,
          241.8478260869565
        ],
        [
          141.695652173913,
          272.2826086956522
        ],
        [
          146.58695652173913,
          290.2173913043478
        ],
        [
          108.0,
          295.1086956521739
        ],
        [
          84.08695652173913,
          301.6304347826087
        ]
      ],
      "shape_type": "polygon",
      "flags": {}
    },
    {
      "label": "glass01",
      "line_color": null,
      "fill_color": null,
      "points": [
        [
          67.78260869565216,
          83.69565217391305
        ],
        [
          72.67391304347825,
          165.2173913043478
        ],
        [
          156.3695652173913,
          164.67391304347825
        ],
        [
          153.65217391304344,
          82.6086956521739
        ]
      ],
      "shape_type": "polygon",
      "flags": {}
    },
    {
      "label": "fabric03",
      "line_color": null,
      "fill_color": null,
      "points": [
        [
          383.5434782608695,
          31.52173913043478
        ],
        [
          480.82608695652175,
          2.717391304347826
        ],
        [
          509.63043478260863,
          3.8043478260869565
        ],
        [
          509.63043478260863,
          384.78260869565213
        ],
        [
          505.28260869565213,
          390.2173913043478
        ],
        [
          503.1086956521739,
          385.8695652173913
        ],
        [
          490.0652173913044,
          382.0652173913043
        ],
        [
          500.391304347826,
          61.41304347826087
        ],
        [
          427.5652173913044,
          77.71739130434783
        ],
        [
          427.5652173913044,
          354.3478260869565
        ],
        [
          415.6086956521739,
          355.4347826086956
        ],
        [
          394.9565217391304,
          344.02173913043475
        ],
        [
          400.391304347826,
          79.34782608695652
        ],
        [
          388.4347826086956,
          79.89130434782608
        ],
        [
          396.0434782608695,
          38.586956521739125
        ]
      ],
      "shape_type": "polygon",
      "flags": {}
    },
    {
      "label": "fabric04",
      "line_color": null,
      "fill_color": null,
      "points": [
        [
          427.02173913043475,
          78.26086956521739
        ],
        [
          427.02173913043475,
          284.2391304347826
        ],
        [
          491.1521739130435,
          300.0
        ],
        [
          500.391304347826,
          61.41304347826087
        ]
      ],
      "shape_type": "polygon",
      "flags": {}
    },
    {
      "label": "fabric05",
      "line_color": null,
      "fill_color": null,
      "points": [
        [
          372.67391304347825,
          345.65217391304344
        ],
        [
          509.63043478260863,
          408.695652173913
        ],
        [
          510.17391304347825,
          491.8478260869565
        ],
        [
          467.78260869565213,
          508.695652173913
        ],
        [
          3.108695652173907,
          510.86956521739125
        ],
        [
          0.9347826086956559,
          388.04347826086956
        ],
        [
          37.3478260869565,
          380.4347826086956
        ],
        [
          43.86956521739128,
          400.54347826086956
        ],
        [
          44.413043478260875,
          444.02173913043475
        ],
        [
          34.63043478260869,
          490.7608695652174
        ],
        [
          47.67391304347825,
          491.8478260869565
        ],
        [
          58.54347826086956,
          460.3260869565217
        ],
        [
          53,
          511
        ],
        [
          63,
          511
        ],
        [
          72.13043478260869,
          490.2173913043478
        ],
        [
          74.8478260869565,
          454.3478260869565
        ],
        [
          86.26086956521738,
          450.0
        ],
        [
          92.23913043478262,
          463.5869565217391
        ],
        [
          104.73913043478262,
          463.5869565217391
        ],
        [
          113.43478260869563,
          441.30434782608694
        ],
        [
          127.02173913043475,
          441.8478260869565
        ],
        [
          131.3695652173913,
          508.15217391304344
        ],
        [
          145.5,
          509.78260869565213
        ],
        [
          146.04347826086956,
          429.89130434782606
        ],
        [
          151.4782608695652,
          432.6086956521739
        ],
        [
          155.82608695652175,
          447.8260869565217
        ],
        [
          154.73913043478257,
          463.5869565217391
        ],
        [
          155.2826086956522,
          480.9782608695652
        ],
        [
          162.3478260869565,
          495.1086956521739
        ],
        [
          168.8695652173913,
          490.7608695652174
        ],
        [
          169.95652173913044,
          479.3478260869565
        ],
        [
          163.43478260869563,
          470.65217391304344
        ],
        [
          168.32608695652175,
          438.04347826086956
        ],
        [
          167.7826086956522,
          418.4782608695652
        ],
        [
          168.32608695652175,
          388.04347826086956
        ],
        [
          172.67391304347825,
          410.32608695652175
        ],
        [
          174.8478260869565,
          441.8478260869565
        ],
        [
          182.45652173913044,
          444.02173913043475
        ],
        [
          186.80434782608694,
          383.15217391304344
        ],
        [
          197.1304347826087,
          379.89130434782606
        ],
        [
          195.5,
          394.02173913043475
        ],
        [
          197.1304347826087,
          401.0869565217391
        ],
        [
          200.39130434782606,
          423.9130434782609
        ],
        [
          202.56521739130432,
          444.02173913043475
        ],
        [
          204.195652173913,
          458.15217391304344
        ],
        [
          202.56521739130432,
          475.54347826086956
        ],
        [
          211.26086956521738,
          476.0869565217391
        ],
        [
          212.3478260869565,
          465.7608695652174
        ],
        [
          215.60869565217388,
          453.80434782608694
        ],
        [
          214.52173913043475,
          417.9347826086956
        ],
        [
          243.32608695652175,
          432.0652173913043
        ],
        [
          249.8478260869565,
          508.15217391304344
        ],
        [
          260.17391304347825,
          509.78260869565213
        ],
        [
          257.45652173913044,
          434.78260869565213
        ],
        [
          274.30434782608694,
          428.80434782608694
        ],
        [
          273.7608695652174,
          451.0869565217391
        ],
        [
          281.9130434782609,
          450.0
        ],
        [
          281.9130434782609,
          427.7173913043478
        ],
        [
          300.9347826086956,
          419.5652173913043
        ],
        [
          313.4347826086956,
          484.23913043478257
        ],
        [
          321.5869565217391,
          487.5
        ],
        [
          326.4782608695652,
          483.695652173913
        ],
        [
          319.4130434782609,
          451.6304347826087
        ],
        [
          318.86956521739125,
          429.3478260869565
        ],
        [
          317.78260869565213,
          394.5652173913043
        ],
        [
          323.2173913043478,
          380.9782608695652
        ],
        [
          331.9130434782609,
          378.80434782608694
        ],
        [
          334.6304347826087,
          396.195652173913
        ],
        [
          340.6086956521739,
          397.82608695652175
        ],
        [
          345.5,
          414.67391304347825
        ],
        [
          355.82608695652175,
          442.39130434782606
        ],
        [
          367.78260869565213,
          428.80434782608694
        ],
        [
          362.891304347826,
          421.73913043478257
        ],
        [
          357.4565217391304,
          420.65217391304344
        ],
        [
          355.82608695652175,
          405.9782608695652
        ],
        [
          359.0869565217391,
          369.02173913043475
        ],
        [
          370.5,
          416.8478260869565
        ],
        [
          377.5652173913044,
          415.7608695652174
        ],
        [
          375.391304347826,
          395.1086956521739
        ],
        [
          373.21739130434776,
          370.1086956521739
        ]
      ],
      "shape_type": "polygon",
      "flags": {}
    },
    {
      "label": "wood01",
      "line_color": null,
      "fill_color": null,
      "points": [
        [
          204.73913043478257,
          283.15217391304344
        ],
        [
          93.32608695652175,
          300.0
        ],
        [
          67.2391304347826,
          311.95652173913044
        ],
        [
          58.54347826086956,
          321.73913043478257
        ],
        [
          67.2391304347826,
          347.82608695652175
        ],
        [
          81.36956521739128,
          355.4347826086956
        ],
        [
          92.23913043478262,
          360.32608695652175
        ],
        [
          115.06521739130432,
          361.4130434782609
        ],
        [
          122.67391304347825,
          381.52173913043475
        ],
        [
          132.45652173913044,
          508.695652173913
        ],
        [
          146.58695652173913,
          506.52173913043475
        ],
        [
          142.23913043478262,
          383.15217391304344
        ],
        [
          146.58695652173913,
          363.5869565217391
        ],
        [
          160.17391304347825,
          351.6304347826087
        ],
        [
          181.91304347826087,
          358.15217391304344
        ],
        [
          196.58695652173913,
          354.89130434782606
        ],
        [
          219.95652173913044,
          347.2826086956522
        ],
        [
          239.52173913043475,
          347.82608695652175
        ],
        [
          236.26086956521738,
          306.52173913043475
        ],
        [
          224.8478260869565,
          311.4130434782609
        ],
        [
          218.32608695652175,
          304.89130434782606
        ],
        [
          206.91304347826087,
          300.54347826086956
        ],
        [
          213.9782608695652,
          289.1304347826087
        ]
      ],
      "shape_type": "polygon",
      "flags": {}
    },
    {
      "label": "wood02",
      "line_color": null,
      "fill_color": null,
      "points": [
        [
          325.39130434782606,
          275.0
        ],
        [
          325.39130434782606,
          295.1086956521739
        ],
        [
          321.04347826086956,
          317.9347826086956
        ],
        [
          319.95652173913044,
          326.0869565217391
        ],
        [
          344.4130434782609,
          315.7608695652174
        ],
        [
          353.6521739130435,
          326.6304347826087
        ],
        [
          355.28260869565213,
          341.8478260869565
        ],
        [
          353.1086956521739,
          371.195652173913
        ],
        [
          347.13043478260863,
          398.9130434782609
        ],
        [
          348.7608695652174,
          423.9130434782609
        ],
        [
          352.02173913043475,
          438.5869565217391
        ],
        [
          362.3478260869565,
          432.0652173913043
        ],
        [
          358.0,
          425.54347826086956
        ],
        [
          353.1086956521739,
          423.9130434782609
        ],
        [
          353.6521739130435,
          403.80434782608694
        ],
        [
          353.6521739130435,
          380.4347826086956
        ],
        [
          359.0869565217391,
          351.0869565217391
        ],
        [
          362.3478260869565,
          327.17391304347825
        ],
        [
          360.17391304347825,
          312.5
        ],
        [
          358.0,
          297.82608695652175
        ],
        [
          366.695652173913,
          288.04347826086956
        ],
        [
          347.67391304347825,
          276.6304347826087
        ]
      ],
      "shape_type": "polygon",
      "flags": {}
    },
    {
      "label": "wood03",
      "line_color": null,
      "fill_color": null,
      "points": [
        [
          10.173913043478251,
          260.8695652173913
        ],
        [
          29.739130434782595,
          302.7173913043478
        ],
        [
          38.434782608695656,
          328.80434782608694
        ],
        [
          50.934782608695656,
          390.2173913043478
        ],
        [
          49.8478260869565,
          401.6304347826087
        ],
        [
          47.67391304347825,
          445.65217391304344
        ],
        [
          36.80434782608694,
          491.30434782608694
        ],
        [
          43.86956521739128,
          492.9347826086956
        ],
        [
          57.45652173913044,
          452.17391304347825
        ],
        [
          54.19565217391303,
          506.52173913043475
        ],
        [
          65.6086956521739,
          505.4347826086956
        ],
        [
          73.76086956521738,
          445.1086956521739
        ],
        [
          124.8478260869565,
          430.9782608695652
        ],
        [
          123.21739130434781,
          419.02173913043475
        ],
        [
          75.39130434782606,
          427.17391304347825
        ],
        [
          69.41304347826085,
          416.8478260869565
        ],
        [
          61.80434782608694,
          389.67391304347825
        ],
        [
          112.89130434782606,
          372.28260869565213
        ],
        [
          111.26086956521738,
          365.7608695652174
        ],
        [
          62.3478260869565,
          376.0869565217391
        ],
        [
          56.36956521739128,
          335.32608695652175
        ],
        [
          47.13043478260869,
          310.32608695652175
        ],
        [
          33.0,
          274.45652173913044
        ],
        [
          18.869565217391283,
          256.52173913043475
        ],
        [
          13.434782608695656,
          254.3478260869565
        ],
        [
          8.543478260869563,
          254.89130434782606
        ]
      ],
      "shape_type": "polygon",
      "flags": {}
    },
    {
      "label": "wood04",
      "line_color": null,
      "fill_color": null,
      "points": [
        [
          247.67391304347825,
          356.52173913043475
        ],
        [
          231.91304347826087,
          361.4130434782609
        ],
        [
          220.5,
          361.95652173913044
        ],
        [
          203.65217391304344,
          354.3478260869565
        ],
        [
          199.30434782608694,
          357.0652173913043
        ],
        [
          195.5,
          379.3478260869565
        ],
        [
          200.39130434782606,
          414.1304347826087
        ],
        [
          204.195652173913,
          439.67391304347825
        ],
        [
          204.195652173913,
          460.3260869565217
        ],
        [
          203.65217391304344,
          473.3695652173913
        ],
        [
          208.0,
          473.3695652173913
        ],
        [
          212.3478260869565,
          455.9782608695652
        ],
        [
          214.52173913043475,
          430.9782608695652
        ],
        [
          214.52173913043475,
          413.04347826086956
        ],
        [
          230.28260869565213,
          420.1086956521739
        ],
        [
          240.06521739130432,
          425.0
        ],
        [
          247.1304347826087,
          429.3478260869565
        ],
        [
          249.30434782608694,
          507.0652173913043
        ],
        [
          257.45652173913044,
          507.0652173913043
        ],
        [
          258.0,
          431.52173913043475
        ],
        [
          304.195652173913,
          416.8478260869565
        ],
        [
          314.52173913043475,
          485.3260869565217
        ],
        [
          323.7608695652174,
          485.3260869565217
        ],
        [
          312.3478260869565,
          380.9782608695652
        ],
        [
          323.7608695652174,
          290.2173913043478
        ],
        [
          319.4130434782609,
          268.4782608695652
        ],
        [
          306.9130434782609,
          252.17391304347825
        ],
        [
          298.7608695652174,
          247.82608695652172
        ],
        [
          289.52173913043475,
          247.82608695652172
        ],
        [
          273.7608695652174,
          245.65217391304347
        ],
        [
          254.73913043478257,
          265.7608695652174
        ],
        [
          253.10869565217388,
          273.3695652173913
        ],
        [
          244.41304347826087,
          283.695652173913
        ],
        [
          240.60869565217388,
          303.2608695652174
        ],
        [
          240.06521739130432,
          326.6304347826087
        ],
        [
          243.8695652173913,
          352.17391304347825
        ],
        [
          253.65217391304344,
          348.9130434782609
        ],
        [
          248.76086956521738,
          303.80434782608694
        ],
        [
          249.8478260869565,
          287.5
        ],
        [
          261.80434782608694,
          279.3478260869565
        ],
        [
          267.23913043478257,
          272.82608695652175
        ],
        [
          272.67391304347825,
          265.2173913043478
        ],
        [
          294.4130434782609,
          257.6086956521739
        ],
        [
          311.2608695652174,
          264.67391304347825
        ],
        [
          312.89130434782606,
          277.17391304347825
        ],
        [
          316.15217391304344,
          280.4347826086956
        ],
        [
          304.73913043478257,
          376.0869565217391
        ],
        [
          302.02173913043475,
          382.6086956521739
        ],
        [
          302.02173913043475,
          398.9130434782609
        ],
        [
          252.56521739130432,
          408.15217391304344
        ],
        [
          256.3695652173913,
          389.67391304347825
        ],
        [
          258.0,
          363.04347826086956
        ],
        [
          253.10869565217388,
          354.3478260869565
        ]
      ],
      "shape_type": "polygon",
      "flags": {}
    }
  ],
  "lineColor": [
    0,
    255,
    0,
    128
  ],
  "fillColor": [
    255,
    0,
    0,
    128
  ],
  "imagePath": "..\\pic\\480.jpg",
  "imageData": "",
  "imageHeight": 512,
  "imageWidth": 512
}
