{
  "version": "3.20.1",
  "flags": {},
  "shapes": [
    {
      "label": "fabric01",
      "line_color": null,
      "fill_color": null,
      "points": [
        [
          1.063492063492049,
          50.79365079365079
        ],
        [
          33.86772486772486,
          68.78306878306879
        ],
        [
          26.46031746031744,
          141.7989417989418
        ],
        [
          25.93121693121691,
          183.06878306878306
        ],
        [
          23.81481481481481,
          230.68783068783068
        ],
        [
          16.936507936507923,
          276.7195767195767
        ],
        [
          10.058201058201035,
          311.1111111111111
        ],
        [
          3.179894179894177,
          315.34391534391534
        ],
        [
          2.121693121693113,
          315.34391534391534
        ]
      ],
      "shape_type": "polygon",
      "flags": {}
    },
    {
      "label": "fabric02",
      "line_color": null,
      "fill_color": null,
      "points": [
        [
          88.8941798941799,
          103.17460317460316
        ],
        [
          126.46031746031741,
          120.63492063492063
        ],
        [
          123.28571428571428,
          268.25396825396825
        ],
        [
          117.46560846560845,
          232.80423280423278
        ],
        [
          101.59259259259255,
          230.15873015873015
        ],
        [
          90.48148148148147,
          231.74603174603172
        ],
        [
          85.19047619047615,
          232.27513227513225
        ],
        [
          87.83597883597884,
          221.16402116402114
        ],
        [
          84.13227513227514,
          139.68253968253967
        ]
      ],
      "shape_type": "polygon",
      "flags": {}
    },
    {
      "label": "fabric03",
      "line_color": null,
      "fill_color": null,
      "points": [
        [
          1.592592592592581,
          315.87301587301585
        ],
        [
          7.941798941798936,
          314.8148148148148
        ],
        [
          40.216931216931215,
          316.9312169312169
        ],
        [
          75.66666666666663,
          322.75132275132273
        ],
        [
          92.5978835978836,
          329.6296296296296
        ],
        [
          106.88359788359787,
          342.32804232804233
        ],
        [
          120.11111111111109,
          361.90476190476187
        ],
        [
          121.69841269841265,
          380.9523809523809
        ],
        [
          121.69841269841265,
          387.8306878306878
        ],
        [
          145.5079365079365,
          396.8253968253968
        ],
        [
          167.20105820105817,
          410.5820105820106
        ],
        [
          169.8465608465608,
          428.042328042328
        ],
        [
          168.78835978835974,
          444.97354497354496
        ],
        [
          167.73015873015873,
          460.8465608465608
        ],
        [
          171.96296296296293,
          495.76719576719574
        ],
        [
          172.4920634920635,
          504.7619047619047
        ],
        [
          164,
          511
        ],
        [
          0,
          511
        ]
      ],
      "shape_type": "polygon",
      "flags": {}
    },
    {
      "label": "fabric04",
      "line_color": null,
      "fill_color": null,
      "points": [
        [
          202.1216931216931,
          194.7089947089947
        ],
        [
          198.41798941798942,
          229.62962962962962
        ],
        [
          197.88888888888886,
          274.6031746031746
        ],
        [
          191.01058201058197,
          335.97883597883595
        ],
        [
          194.18518518518516,
          343.9153439153439
        ],
        [
          197.35978835978835,
          346.031746031746
        ],
        [
          192.5978835978836,
          375.1322751322751
        ],
        [
          192.5978835978836,
          385.71428571428567
        ],
        [
          193.1269841269841,
          392.06349206349205
        ],
        [
          192.06878306878303,
          394.7089947089947
        ],
        [
          191.53968253968253,
          407.9365079365079
        ],
        [
          225.40211640211635,
          403.7037037037037
        ],
        [
          224.87301587301585,
          392.06349206349205
        ],
        [
          206.3544973544973,
          381.48148148148147
        ],
        [
          202.65079365079362,
          375.1322751322751
        ],
        [
          206.3544973544973,
          350.7936507936508
        ],
        [
          216.9365079365079,
          336.5079365079365
        ],
        [
          226.4603174603174,
          330.6878306878307
        ],
        [
          230.69312169312167,
          195.2380952380952
        ],
        [
          215.87830687830683,
          179.89417989417987
        ],
        [
          211.64550264550263,
          171.42857142857142
        ],
        [
          207.41269841269838,
          180.4232804232804
        ],
        [
          207.94179894179894,
          188.35978835978835
        ]
      ],
      "shape_type": "polygon",
      "flags": {}
    },
    {
      "label": "fabric05",
      "line_color": null,
      "fill_color": null,
      "points": [
        [
          242.86243386243382,
          188.88888888888889
        ],
        [
          239.68783068783068,
          191.53439153439152
        ],
        [
          236.5132275132275,
          196.29629629629628
        ],
        [
          239.15873015873012,
          209.52380952380952
        ],
        [
          231.22222222222217,
          335.44973544973544
        ],
        [
          244.44973544973544,
          331.74603174603175
        ],
        [
          247.09523809523807,
          330.1587301587301
        ],
        [
          251.32804232804227,
          206.34920634920633
        ]
      ],
      "shape_type": "polygon",
      "flags": {}
    },
    {
      "label": "fabric06",
      "line_color": null,
      "fill_color": null,
      "points": [
        [
          282.5449735449735,
          158.7301587301587
        ],
        [
          297.88888888888886,
          148.14814814814815
        ],
        [
          302.6507936507936,
          155.026455026455
        ],
        [
          312.17460317460313,
          146.56084656084656
        ],
        [
          337.042328042328,
          150.79365079365078
        ],
        [
          333.86772486772486,
          162.96296296296296
        ],
        [
          338.62962962962956,
          166.66666666666666
        ],
        [
          327.5185185185185,
          342.85714285714283
        ],
        [
          313.7619047619047,
          394.7089947089947
        ],
        [
          339.1587301587301,
          426.98412698412693
        ],
        [
          341.8042328042328,
          474.6031746031746
        ],
        [
          340.7460317460317,
          486.77248677248673
        ],
        [
          351.8571428571428,
          501.58730158730157
        ],
        [
          351.8571428571428,
          510.05291005291
        ],
        [
          289,
          511
        ],
        [
          281,
          511
        ],
        [
          244.97883597883595,
          477.2486772486772
        ],
        [
          241.80423280423275,
          461.90476190476187
        ],
        [
          242.86243386243382,
          445.50264550264546
        ],
        [
          248.68253968253964,
          439.15343915343914
        ],
        [
          253.4444444444444,
          439.68253968253964
        ],
        [
          262.4391534391534,
          438.6243386243386
        ],
        [
          268.78835978835974,
          420.6349206349206
        ],
        [
          279.3703703703703,
          407.9365079365079
        ],
        [
          277.78306878306876,
          399.47089947089944
        ],
        [
          267.2010582010582,
          387.3015873015873
        ],
        [
          274.07936507936506,
          346.031746031746
        ],
        [
          275.66666666666663,
          170.37037037037035
        ],
        [
          280.4285714285714,
          167.1957671957672
        ]
      ],
      "shape_type": "polygon",
      "flags": {}
    },
    {
      "label": "fabric07",
      "line_color": null,
      "fill_color": null,
      "points": [
        [
          477.78306878306876,
          178.3068783068783
        ],
        [
          469.31746031746025,
          191.00529100529099
        ],
        [
          468.7883597883598,
          207.93650793650792
        ],
        [
          474.07936507936506,
          239.68253968253967
        ],
        [
          479.8994708994709,
          258.73015873015873
        ],
        [
          482.015873015873,
          279.36507936507934
        ],
        [
          480.9576719576719,
          304.2328042328042
        ],
        [
          482.015873015873,
          317.989417989418
        ],
        [
          491.53968253968253,
          327.5132275132275
        ],
        [
          511,
          327
        ],
        [
          511,
          185
        ],
        [
          506.8835978835979,
          184.12698412698413
        ],
        [
          498.9470899470899,
          186.77248677248676
        ],
        [
          491.53968253968253,
          183.5978835978836
        ],
        [
          482.54497354497346,
          180.95238095238093
        ]
      ],
      "shape_type": "polygon",
      "flags": {}
    },
    {
      "label": "fabric08",
      "line_color": null,
      "fill_color": null,
      "points": [
        [
          359.2645502645503,
          204.23280423280423
        ],
        [
          360.85185185185185,
          273.015873015873
        ],
        [
          366.67195767195767,
          273.5449735449735
        ],
        [
          374.6084656084656,
          274.0740740740741
        ],
        [
          376.72486772486764,
          274.0740740740741
        ],
        [
          372.4920634920635,
          238.6243386243386
        ],
        [
          368.25925925925924,
          223.8095238095238
        ],
        [
          367.2010582010581,
          212.16931216931215
        ],
        [
          369.31746031746025,
          207.4074074074074
        ]
      ],
      "shape_type": "polygon",
      "flags": {}
    },
    {
      "label": "fabric09",
      "line_color": null,
      "fill_color": null,
      "points": [
        [
          273.5502645502645,
          325.9259259259259
        ],
        [
          257.67724867724866,
          326.984126984127
        ],
        [
          244.44973544973544,
          330.6878306878307
        ],
        [
          233.86772486772486,
          331.74603174603175
        ],
        [
          216.4074074074074,
          335.97883597883595
        ],
        [
          209.5291005291005,
          346.5608465608465
        ],
        [
          206.3544973544973,
          361.37566137566137
        ],
        [
          205.29629629629625,
          373.5449735449735
        ],
        [
          215.34920634920633,
          386.2433862433862
        ],
        [
          237.57142857142856,
          398.94179894179894
        ],
        [
          268.25925925925924,
          421.16402116402116
        ],
        [
          275.66666666666663,
          411.1111111111111
        ],
        [
          276.1957671957672,
          406.87830687830683
        ],
        [
          276.1957671957672,
          395.2380952380952
        ],
        [
          268.78835978835974,
          386.77248677248673
        ],
        [
          267.7301587301587,
          383.5978835978836
        ],
        [
          272.49206349206344,
          339.15343915343914
        ]
      ],
      "shape_type": "polygon",
      "flags": {}
    },
    {
      "label": "fabric10",
      "line_color": null,
      "fill_color": null,
      "points": [
        [
          331.75132275132273,
          294.7089947089947
        ],
        [
          326.46031746031747,
          345.50264550264546
        ],
        [
          312.17460317460313,
          396.8253968253968
        ],
        [
          339.1587301587301,
          426.4550264550264
        ],
        [
          341.8042328042328,
          448.1481481481481
        ],
        [
          350.79894179894177,
          444.4444444444444
        ],
        [
          393.65608465608466,
          426.98412698412693
        ],
        [
          411.6455026455026,
          426.98412698412693
        ],
        [
          474.07936507936506,
          406.3492063492063
        ],
        [
          456.08994708994703,
          421.16402116402116
        ],
        [
          464.026455026455,
          430.1587301587301
        ],
        [
          473.5502645502645,
          434.3915343915344
        ],
        [
          480.9576719576719,
          431.7460317460317
        ],
        [
          491.01058201058197,
          439.68253968253964
        ],
        [
          503.1798941798942,
          438.0952380952381
        ],
        [
          509.0,
          443.9153439153439
        ],
        [
          511,
          440
        ],
        [
          498.9470899470899,
          420.1058201058201
        ],
        [
          493.1269841269841,
          407.9365079365079
        ],
        [
          492.59788359788354,
          377.77777777777777
        ],
        [
          495.2433862433862,
          351.85185185185185
        ],
        [
          493.65608465608466,
          326.4550264550264
        ],
        [
          485.19047619047615,
          322.22222222222223
        ],
        [
          480.9576719576719,
          311.1111111111111
        ],
        [
          480.42857142857133,
          301.05820105820106
        ],
        [
          477.78306878306876,
          285.18518518518516
        ],
        [
          453.44444444444446,
          289.9470899470899
        ],
        [
          439.1587301587301,
          281.48148148148147
        ],
        [
          424.8730158730158,
          285.7142857142857
        ],
        [
          416.93650793650795,
          288.35978835978835
        ],
        [
          386.7777777777777,
          282.53968253968253
        ],
        [
          376.1957671957672,
          279.8941798941799
        ],
        [
          371.4338624338624,
          288.35978835978835
        ],
        [
          353.44444444444446,
          290.4761904761905
        ],
        [
          349.2116402116402,
          295.76719576719574
        ],
        [
          338.62962962962956,
          295.76719576719574
        ]
      ],
      "shape_type": "polygon",
      "flags": {}
    },
    {
      "label": "glass01",
      "line_color": null,
      "fill_color": null,
      "points": [
        [
          156.0899470899471,
          188.35978835978835
        ],
        [
          156.6190476190476,
          336.5079365079365
        ],
        [
          190.48148148148147,
          333.3333333333333
        ],
        [
          191.01058201058197,
          191.53439153439152
        ]
      ],
      "shape_type": "polygon",
      "flags": {}
    },
    {
      "label": "glass02",
      "line_color": null,
      "fill_color": null,
      "points": [
        [
          28.57671957671957,
          156.6137566137566
        ],
        [
          26.989417989417973,
          309.5238095238095
        ],
        [
          62.439153439153415,
          304.76190476190476
        ],
        [
          66.14285714285711,
          167.1957671957672
        ]
      ],
      "shape_type": "polygon",
      "flags": {}
    },
    {
      "label": "glass03",
      "line_color": null,
      "fill_color": null,
      "points": [
        [
          77.25396825396825,
          170.37037037037035
        ],
        [
          74.60846560846556,
          206.34920634920633
        ],
        [
          83.60317460317458,
          223.28042328042326
        ],
        [
          86.24867724867721,
          171.95767195767195
        ]
      ],
      "shape_type": "polygon",
      "flags": {}
    },
    {
      "label": "wood01",
      "line_color": null,
      "fill_color": null,
      "points": [
        [
          494.1851851851851,
          326.984126984127
        ],
        [
          495.7724867724867,
          351.85185185185185
        ],
        [
          496.8306878306878,
          360.8465608465608
        ],
        [
          494.71428571428567,
          369.8412698412698
        ],
        [
          494.1851851851851,
          383.06878306878303
        ],
        [
          494.1851851851851,
          399.47089947089944
        ],
        [
          493.65608465608466,
          407.9365079365079
        ],
        [
          509.52910052910045,
          434.9206349206349
        ],
        [
          510.58730158730157,
          327.5132275132275
        ]
      ],
      "shape_type": "polygon",
      "flags": {}
    }
  ],
  "lineColor": [
    0,
    255,
    0,
    128
  ],
  "fillColor": [
    255,
    0,
    0,
    128
  ],
  "imagePath": "..\\pic\\835.jpg",
  "imageData": "",
  "imageHeight": 512,
  "imageWidth": 512
}
