{
  "version": "3.20.1",
  "flags": {},
  "shapes": [
    {
      "label": "fabric01",
      "line_color": null,
      "fill_color": null,
      "points": [
        [
          2.121693121693113,
          219.57671957671957
        ],
        [
          64.55555555555554,
          212.69841269841268
        ],
        [
          56.08994708994706,
          39.15343915343915
        ],
        [
          50.269841269841265,
          34.39153439153439
        ],
        [
          52.386243386243365,
          16.93121693121693
        ],
        [
          0,
          7
        ]
      ],
      "shape_type": "polygon",
      "flags": {}
    },
    {
      "label": "fabric02",
      "line_color": null,
      "fill_color": null,
      "points": [
        [
          2.121693121693113,
          264.55026455026456
        ],
        [
          170.37566137566137,
          233.33333333333331
        ],
        [
          179.89947089947088,
          222.2222222222222
        ],
        [
          211.64550264550263,
          210.05291005291005
        ],
        [
          310.058201058201,
          212.16931216931215
        ],
        [
          378.3121693121693,
          220.63492063492063
        ],
        [
          438.1005291005291,
          229.62962962962962
        ],
        [
          476.72486772486764,
          238.09523809523807
        ],
        [
          488.3650793650793,
          247.6190476190476
        ],
        [
          488.89417989417984,
          259.7883597883598
        ],
        [
          488.89417989417984,
          266.1375661375661
        ],
        [
          475.13756613756607,
          274.6031746031746
        ],
        [
          471.96296296296293,
          279.8941798941799
        ],
        [
          474.6084656084655,
          284.65608465608466
        ],
        [
          482.54497354497346,
          288.88888888888886
        ],
        [
          482.015873015873,
          380.9523809523809
        ],
        [
          470.9047619047618,
          383.06878306878303
        ],
        [
          467.7301587301587,
          377.2486772486772
        ],
        [
          459.7936507936507,
          369.31216931216926
        ],
        [
          412.7037037037037,
          415.87301587301585
        ],
        [
          375.66666666666663,
          453.9682539682539
        ],
        [
          320.6402116402116,
          480.9523809523809
        ],
        [
          306.3544973544973,
          494.1798941798941
        ],
        [
          313.7619047619047,
          508.99470899470896
        ],
        [
          233.86772486772486,
          509.5238095238095
        ],
        [
          199.47619047619042,
          507.4074074074074
        ],
        [
          204.23809523809518,
          499.47089947089944
        ],
        [
          203.17989417989418,
          489.41798941798936
        ],
        [
          193.65608465608466,
          484.6560846560846
        ],
        [
          0,
          417
        ]
      ],
      "shape_type": "polygon",
      "flags": {}
    },
    {
      "label": "plastic01",
      "line_color": null,
      "fill_color": null,
      "points": [
        [
          90.48148148148147,
          165.6084656084656
        ],
        [
          158.73544973544972,
          166.66666666666666
        ],
        [
          134.92592592592592,
          132.27513227513228
        ],
        [
          114.82010582010582,
          130.15873015873015
        ]
      ],
      "shape_type": "polygon",
      "flags": {}
    },
    {
      "label": "wood01",
      "line_color": null,
      "fill_color": null,
      "points": [
        [
          0.5343915343915171,
          419.57671957671954
        ],
        [
          201.59259259259255,
          488.35978835978835
        ],
        [
          202.1216931216931,
          501.058201058201
        ],
        [
          191.53968253968253,
          510.05291005291
        ],
        [
          0,
          510
        ]
      ],
      "shape_type": "polygon",
      "flags": {}
    },
    {
      "label": "wood02",
      "line_color": null,
      "fill_color": null,
      "points": [
        [
          500.0052910052909,
          263.4920634920635
        ],
        [
          473.02116402116394,
          277.77777777777777
        ],
        [
          473.02116402116394,
          284.65608465608466
        ],
        [
          483.6031746031746,
          288.35978835978835
        ],
        [
          485.7195767195767,
          378.3068783068783
        ],
        [
          485.19047619047615,
          393.1216931216931
        ],
        [
          493.1269841269841,
          395.76719576719574
        ],
        [
          493.1269841269841,
          388.88888888888886
        ],
        [
          511,
          395
        ],
        [
          511,
          266
        ]
      ],
      "shape_type": "polygon",
      "flags": {}
    },
    {
      "label": "wood03",
      "line_color": null,
      "fill_color": null,
      "points": [
        [
          167.73015873015873,
          229.1005291005291
        ],
        [
          154.50264550264546,
          230.15873015873015
        ],
        [
          132.28042328042324,
          230.15873015873015
        ],
        [
          114.82010582010582,
          228.04232804232802
        ],
        [
          115.34920634920633,
          220.63492063492063
        ],
        [
          79.89947089947088,
          225.3968253968254
        ],
        [
          78.84126984126982,
          227.5132275132275
        ],
        [
          88.8941798941799,
          238.09523809523807
        ],
        [
          87.83597883597884,
          248.14814814814812
        ],
        [
          167.20105820105817,
          235.44973544973544
        ]
      ],
      "shape_type": "polygon",
      "flags": {}
    },
    {
      "label": "wood04",
      "line_color": null,
      "fill_color": null,
      "points": [
        [
          208.47089947089944,
          208.994708994709
        ],
        [
          208.47089947089944,
          167.1957671957672
        ],
        [
          201.06349206349205,
          157.14285714285714
        ],
        [
          216.9365079365079,
          157.67195767195767
        ],
        [
          233.86772486772486,
          144.44444444444443
        ],
        [
          257.1481481481481,
          139.68253968253967
        ],
        [
          292.06878306878303,
          141.7989417989418
        ],
        [
          314.82010582010577,
          152.9100529100529
        ],
        [
          322.2275132275132,
          161.37566137566137
        ],
        [
          335.4550264550264,
          160.84656084656083
        ],
        [
          353.9735449735449,
          151.32275132275132
        ],
        [
          386.24867724867715,
          143.38624338624336
        ],
        [
          415.87830687830683,
          143.38624338624336
        ],
        [
          443.3915343915344,
          153.43915343915342
        ],
        [
          464.55555555555554,
          165.6084656084656
        ],
        [
          499.4761904761905,
          165.6084656084656
        ],
        [
          492.068783068783,
          176.19047619047618
        ],
        [
          488.3650793650793,
          235.97883597883597
        ],
        [
          482.54497354497346,
          235.97883597883597
        ],
        [
          476.72486772486764,
          235.97883597883597
        ],
        [
          450.79894179894177,
          233.33333333333331
        ],
        [
          428.5767195767195,
          229.62962962962962
        ],
        [
          401.06349206349205,
          224.33862433862433
        ],
        [
          374.07936507936506,
          221.69312169312167
        ],
        [
          341.8042328042328,
          216.40211640211638
        ],
        [
          319.5820105820105,
          213.75661375661375
        ],
        [
          288.36507936507934,
          211.64021164021162
        ],
        [
          261.38095238095235,
          208.994708994709
        ],
        [
          227.51851851851848,
          208.994708994709
        ]
      ],
      "shape_type": "polygon",
      "flags": {}
    }
  ],
  "lineColor": [
    0,
    255,
    0,
    128
  ],
  "fillColor": [
    255,
    0,
    0,
    128
  ],
  "imagePath": "..\\pic\\84.jpg",
  "imageData": "",
  "imageHeight": 512,
  "imageWidth": 512
}
