{
  "version": "4.5.6",
  "flags": {},
  "shapes": [
    {
      "label": "glass01",
      "points": [
        [
          219.39153439153438,
          57.14285714285714
        ],
        [
          220.97883597883595,
          117.46031746031746
        ],
        [
          268.06878306878303,
          114.81481481481481
        ],
        [
          267.01058201058197,
          50.79365079365079
        ]
      ],
      "group_id": null,
      "shape_type": "polygon",
      "flags": {}
    },
    {
      "label": "glass04",
      "points": [
        [
          452.1957671957672,
          0.0
        ],
        [
          455.8994708994709,
          234.9206349206349
        ],
        [
          463.3068783068783,
          238.6243386243386
        ],
        [
          511.0,
          239.0
        ],
        [
          510.0,
          0.0
        ]
      ],
      "group_id": null,
      "shape_type": "polygon",
      "flags": {}
    },
    {
      "label": "fabric01",
      "points": [
        [
          382.3544973544973,
          271.95767195767195
        ],
        [
          390.82010582010577,
          277.77777777777777
        ],
        [
          443.2010582010581,
          279.36507936507934
        ],
        [
          433.6772486772486,
          352.38095238095235
        ],
        [
          429.44444444444446,
          353.9682539682539
        ],
        [
          427.32804232804233,
          365.07936507936506
        ],
        [
          406.6931216931216,
          365.07936507936506
        ],
        [
          411.4550264550264,
          359.25925925925924
        ],
        [
          411.4550264550264,
          355.55555555555554
        ],
        [
          390.82010582010577,
          352.38095238095235
        ],
        [
          383.4126984126984,
          339.68253968253964
        ]
      ],
      "group_id": null,
      "shape_type": "polygon",
      "flags": {}
    },
    {
      "label": "fabric02",
      "points": [
        [
          443.2010582010581,
          273.5449735449735
        ],
        [
          440.026455026455,
          343.9153439153439
        ],
        [
          431.031746031746,
          355.026455026455
        ],
        [
          430.50264550264546,
          364.5502645502645
        ],
        [
          449.5502645502645,
          368.25396825396825
        ],
        [
          455.3703703703703,
          311.1111111111111
        ],
        [
          464.89417989417984,
          311.1111111111111
        ],
        [
          464.89417989417984,
          315.87301587301585
        ],
        [
          507.2222222222222,
          326.984126984127
        ],
        [
          509.3386243386243,
          312.69841269841265
        ],
        [
          508.80952380952374,
          285.7142857142857
        ],
        [
          457.48677248677245,
          282.53968253968253
        ]
      ],
      "group_id": null,
      "shape_type": "polygon",
      "flags": {}
    },
    {
      "label": "fabric03",
      "points": [
        [
          397.1693121693121,
          363.4920634920635
        ],
        [
          399.2857142857142,
          402.64550264550263
        ],
        [
          420.97883597883595,
          408.99470899470896
        ],
        [
          450.6084656084656,
          409.5238095238095
        ],
        [
          450.07936507936506,
          369.8412698412698
        ]
      ],
      "group_id": null,
      "shape_type": "polygon",
      "flags": {}
    },
    {
      "label": "wood01",
      "points": [
        [
          454.3121693121693,
          316.9312169312169
        ],
        [
          447.96296296296293,
          447.6190476190476
        ],
        [
          369.1269841269841,
          453.9682539682539
        ],
        [
          368.59788359788354,
          507.9365079365079
        ],
        [
          488.0,
          511.0
        ],
        [
          497.1693121693121,
          417.4603174603174
        ],
        [
          509.86772486772486,
          333.8624338624338
        ],
        [
          507.2222222222222,
          328.57142857142856
        ],
        [
          468.068783068783,
          314.8148148148148
        ],
        [
          468.068783068783,
          311.1111111111111
        ],
        [
          454.84126984126976,
          311.1111111111111
        ]
      ],
      "group_id": null,
      "shape_type": "polygon",
      "flags": {}
    },
    {
      "label": "wood02",
      "points": [
        [
          154.31216931216932,
          341.26984126984127
        ],
        [
          163.30687830687827,
          459.25925925925924
        ],
        [
          144.7883597883598,
          465.60846560846556
        ],
        [
          145.8465608465608,
          510.5820105820105
        ],
        [
          257.48677248677245,
          509.5238095238095
        ],
        [
          271.77248677248673,
          341.79894179894177
        ]
      ],
      "group_id": null,
      "shape_type": "polygon",
      "flags": {}
    },
    {
      "label": "wood04",
      "points": [
        [
          0.8730158730158593,
          363.4920634920635
        ],
        [
          17.804232804232782,
          366.1375661375661
        ],
        [
          26.269841269841265,
          412.16931216931215
        ],
        [
          57.48677248677248,
          411.6402116402116
        ],
        [
          57.48677248677248,
          397.3544973544973
        ],
        [
          69.65608465608463,
          397.3544973544973
        ],
        [
          79.17989417989418,
          397.8835978835979
        ],
        [
          83.4126984126984,
          510.5820105820105
        ],
        [
          0.3439153439153415,
          510.5820105820105
        ]
      ],
      "group_id": null,
      "shape_type": "polygon",
      "flags": {}
    },
    {
      "label": "wood07",
      "points": [
        [
          108.28042328042326,
          340.2116402116402
        ],
        [
          81.82539682539681,
          335.44973544973544
        ],
        [
          2.989417989417987,
          358.2010582010582
        ],
        [
          2.989417989417987,
          362.96296296296293
        ],
        [
          17.27513227513228,
          366.1375661375661
        ],
        [
          23.546012269938643,
          390.2883435582822
        ],
        [
          58.51533742331287,
          393.9693251533742
        ],
        [
          79.17989417989418,
          396.8253968253968
        ],
        [
          86.05820105820104,
          507.4074074074074
        ],
        [
          103.5185185185185,
          508.46560846560845
        ],
        [
          100.34391534391534,
          397.8835978835979
        ],
        [
          158.54497354497352,
          406.3492063492063
        ],
        [
          153.25396825396825,
          349.20634920634916
        ],
        [
          143.20105820105817,
          359.78835978835974
        ],
        [
          96.11111111111109,
          361.37566137566137
        ]
      ],
      "group_id": null,
      "shape_type": "polygon",
      "flags": {}
    },
    {
      "label": "wood08",
      "points": [
        [
          276.5343915343915,
          368.78306878306876
        ],
        [
          305.1058201058201,
          376.7195767195767
        ],
        [
          328.38624338624334,
          362.43386243386243
        ],
        [
          339.4973544973545,
          371.4285714285714
        ],
        [
          365.4232804232804,
          363.4920634920635
        ],
        [
          393.46560846560845,
          364.5502645502645
        ],
        [
          396.1111111111111,
          448.67724867724866
        ],
        [
          379.7089947089947,
          448.67724867724866
        ],
        [
          378.1216931216931,
          396.8253968253968
        ],
        [
          348.49206349206344,
          412.16931216931215
        ],
        [
          349.5502645502645,
          508.99470899470896
        ],
        [
          324.15343915343914,
          508.99470899470896
        ],
        [
          324.15343915343914,
          413.7566137566137
        ],
        [
          268.5978835978836,
          411.1111111111111
        ],
        [
          269.65608465608466,
          368.78306878306876
        ]
      ],
      "group_id": null,
      "shape_type": "polygon",
      "flags": {}
    },
    {
      "label": "wood15",
      "points": [
        [
          28.915343915343897,
          153.43915343915342
        ],
        [
          364.89417989417984,
          136.5079365079365
        ],
        [
          370.18518518518516,
          149.2063492063492
        ],
        [
          54.31216931216929,
          168.25396825396825
        ]
      ],
      "group_id": null,
      "shape_type": "polygon",
      "flags": {}
    },
    {
      "label": "wood16",
      "points": [
        [
          360.66137566137564,
          1.5873015873015872
        ],
        [
          362.2486772486772,
          135.97883597883597
        ],
        [
          369.3421052631579,
          148.8421052631579
        ],
        [
          379.7089947089947,
          157.67195767195767
        ],
        [
          383.94179894179894,
          266.66666666666663
        ],
        [
          391.3492063492063,
          276.19047619047615
        ],
        [
          385.5291005291005,
          2.1164021164021163
        ]
      ],
      "group_id": null,
      "shape_type": "polygon",
      "flags": {}
    },
    {
      "label": "wood17",
      "points": [
        [
          162.76315789473682,
          14.631578947368425
        ],
        [
          163.83597883597884,
          146.03174603174602
        ],
        [
          231.18421052631578,
          140.28947368421052
        ],
        [
          233.81578947368422,
          119.23684210526315
        ],
        [
          218.0263157894737,
          119.23684210526315
        ],
        [
          218.68421052631578,
          56.73684210526315
        ],
        [
          268.0263157894737,
          50.815789473684205
        ],
        [
          267.53968253968253,
          0.5291005291005291
        ]
      ],
      "group_id": null,
      "shape_type": "polygon",
      "flags": {}
    },
    {
      "label": "wood19",
      "points": [
        [
          19.92063492063491,
          1.5873015873015872
        ],
        [
          23.095238095238074,
          51.85185185185185
        ],
        [
          64.89417989417987,
          46.03174603174603
        ],
        [
          66.71052631578948,
          22.526315789473685
        ],
        [
          155.5263157894737,
          15.28947368421052
        ],
        [
          182.5,
          9.368421052631575
        ],
        [
          181.0,
          0.0
        ]
      ],
      "group_id": null,
      "shape_type": "polygon",
      "flags": {}
    },
    {
      "label": "wood18",
      "points": [
        [
          38.42105263157893,
          287.0
        ],
        [
          1.5789473684210407,
          298.8421052631579
        ],
        [
          1.5789473684210407,
          302.7894736842105
        ],
        [
          1.5789473684210407,
          356.07894736842104
        ],
        [
          70.65789473684208,
          336.34210526315786
        ],
        [
          112.10526315789474,
          338.3157894736842
        ],
        [
          114.73684210526318,
          312.6578947368421
        ],
        [
          142.36842105263156,
          312.6578947368421
        ],
        [
          143.68421052631578,
          337.0
        ],
        [
          250.26315789473682,
          339.63157894736844
        ],
        [
          256.1842105263158,
          330.42105263157896
        ],
        [
          270.0,
          328.4473684210526
        ],
        [
          303.55263157894734,
          319.89473684210526
        ],
        [
          317.36842105263156,
          317.2631578947368
        ],
        [
          338.42105263157896,
          321.86842105263156
        ],
        [
          338.42105263157896,
          338.9736842105263
        ],
        [
          356.8421052631579,
          344.89473684210526
        ],
        [
          377.2368421052631,
          342.2631578947368
        ],
        [
          380.52631578947364,
          274.5
        ],
        [
          368.68421052631584,
          277.13157894736844
        ],
        [
          366.7105263157895,
          297.5263157894737
        ],
        [
          218.68421052631578,
          293.57894736842104
        ],
        [
          196.9736842105263,
          300.8157894736842
        ],
        [
          155.5263157894737,
          298.8421052631579
        ],
        [
          141.05263157894734,
          292.2631578947368
        ],
        [
          104.21052631578948,
          293.57894736842104
        ],
        [
          66.05263157894734,
          292.2631578947368
        ],
        [
          43.02631578947367,
          293.57894736842104
        ]
      ],
      "group_id": null,
      "shape_type": "polygon",
      "flags": {}
    }
  ],
  "imagePath": "4528070.jpg",
  "imageData": "",
  "imageHeight": 512,
  "imageWidth": 512
}
