{
  "version": "3.20.1",
  "flags": {},
  "shapes": [
    {
      "label": "plastic01",
      "line_color": null,
      "fill_color": null,
      "points": [
        [
          239.23913043478257,
          110.8695652173913
        ],
        [
          241.41304347826087,
          115.76086956521739
        ],
        [
          266.4130434782609,
          151.08695652173913
        ],
        [
          238.15217391304344,
          157.6086956521739
        ],
        [
          195.76086956521738,
          155.97826086956522
        ],
        [
          193.04347826086956,
          147.82608695652172
        ],
        [
          222.93478260869563,
          115.21739130434783
        ]
      ],
      "shape_type": "polygon",
      "flags": {}
    },
    {
      "label": "fabric01",
      "line_color": null,
      "fill_color": null,
      "points": [
        [
          248.4782608695652,
          116.84782608695652
        ],
        [
          268.5869565217391,
          147.82608695652172
        ],
        [
          493.0434782608695,
          115.76086956521739
        ],
        [
          502.82608695652175,
          114.67391304347825
        ],
        [
          500.6521739130435,
          214.1304347826087
        ],
        [
          509.891304347826,
          207.6086956521739
        ],
        [
          507.17391304347825,
          39.130434782608695
        ],
        [
          496.8478260869565,
          39.67391304347826
        ],
        [
          494.67391304347825,
          73.3695652173913
        ],
        [
          274.5652173913043,
          117.93478260869564
        ],
        [
          262.6086956521739,
          117.93478260869564
        ]
      ],
      "shape_type": "polygon",
      "flags": {}
    },
    {
      "label": "fabric02",
      "line_color": null,
      "fill_color": null,
      "points": [
        [
          59.3478260869565,
          169.02173913043478
        ],
        [
          102.28260869565219,
          160.32608695652172
        ],
        [
          101.73913043478262,
          136.95652173913044
        ],
        [
          101.195652173913,
          130.97826086956522
        ],
        [
          55.54347826086956,
          144.02173913043478
        ],
        [
          56.63043478260869,
          151.6304347826087
        ]
      ],
      "shape_type": "polygon",
      "flags": {}
    },
    {
      "label": "wood01",
      "line_color": null,
      "fill_color": null,
      "points": [
        [
          358.8043478260869,
          169.02173913043478
        ],
        [
          354.4565217391304,
          159.78260869565216
        ],
        [
          354.4565217391304,
          149.45652173913044
        ],
        [
          362.0652173913044,
          142.3913043478261
        ],
        [
          367.5,
          144.02173913043478
        ],
        [
          378.9130434782609,
          150.54347826086956
        ],
        [
          376.7391304347826,
          161.95652173913044
        ],
        [
          374.02173913043475,
          169.02173913043478
        ],
        [
          381.63043478260863,
          171.7391304347826
        ],
        [
          381.0869565217391,
          197.82608695652172
        ],
        [
          507.17391304347825,
          225.0
        ],
        [
          507.17391304347825,
          231.52173913043478
        ],
        [
          385.97826086956525,
          214.67391304347825
        ],
        [
          384.891304347826,
          241.30434782608694
        ],
        [
          374.02173913043475,
          250.0
        ],
        [
          377.82608695652175,
          255.43478260869563
        ],
        [
          374.02173913043475,
          264.67391304347825
        ],
        [
          377.28260869565213,
          326.6304347826087
        ],
        [
          374.5652173913044,
          333.15217391304344
        ],
        [
          380.0,
          341.8478260869565
        ],
        [
          372.9347826086956,
          350.54347826086956
        ],
        [
          378.36956521739125,
          354.89130434782606
        ],
        [
          376.195652173913,
          412.5
        ],
        [
          372.391304347826,
          421.195652173913
        ],
        [
          378.9130434782609,
          436.4130434782609
        ],
        [
          382.71739130434776,
          465.7608695652174
        ],
        [
          511,
          374
        ],
        [
          511,
          380
        ],
        [
          375.1086956521739,
          493.4782608695652
        ],
        [
          339.78260869565213,
          482.0652173913043
        ],
        [
          341.9565217391304,
          475.54347826086956
        ],
        [
          348.47826086956525,
          475.0
        ],
        [
          347.9347826086956,
          445.65217391304344
        ],
        [
          355.0,
          438.5869565217391
        ],
        [
          354.4565217391304,
          429.89130434782606
        ],
        [
          358.8043478260869,
          420.1086956521739
        ],
        [
          353.9130434782609,
          416.8478260869565
        ],
        [
          351.7391304347826,
          354.3478260869565
        ],
        [
          356.63043478260863,
          351.0869565217391
        ],
        [
          352.28260869565213,
          345.1086956521739
        ],
        [
          359.891304347826,
          335.32608695652175
        ],
        [
          355.0,
          330.4347826086956
        ],
        [
          355.5434782608695,
          268.4782608695652
        ],
        [
          357.71739130434776,
          263.5869565217391
        ],
        [
          355.0,
          262.5
        ],
        [
          357.17391304347825,
          250.54347826086956
        ],
        [
          349.02173913043475,
          246.7391304347826
        ],
        [
          350.6521739130435,
          178.26086956521738
        ]
      ],
      "shape_type": "polygon",
      "flags": {}
    },
    {
      "label": "wood02",
      "line_color": null,
      "fill_color": null,
      "points": [
        [
          97.93478260869563,
          119.56521739130434
        ],
        [
          153.3695652173913,
          105.97826086956522
        ],
        [
          184.3478260869565,
          114.13043478260869
        ],
        [
          178.91304347826087,
          121.19565217391303
        ],
        [
          177.28260869565213,
          196.19565217391303
        ],
        [
          174.02173913043475,
          203.26086956521738
        ],
        [
          128.91304347826087,
          210.86956521739128
        ],
        [
          115.86956521739131,
          206.52173913043478
        ],
        [
          110.43478260869563,
          199.45652173913044
        ],
        [
          103.91304347826087,
          198.36956521739128
        ],
        [
          105.0,
          131.52173913043478
        ]
      ],
      "shape_type": "polygon",
      "flags": {}
    },
    {
      "label": "wood03",
      "line_color": null,
      "fill_color": null,
      "points": [
        [
          2.282608695652158,
          214.67391304347825
        ],
        [
          56.63043478260869,
          217.39130434782606
        ],
        [
          56.086956521739125,
          214.1304347826087
        ],
        [
          57.717391304347814,
          204.3478260869565
        ],
        [
          59.891304347826065,
          172.82608695652172
        ],
        [
          52.82608695652172,
          169.56521739130434
        ],
        [
          56.086956521739125,
          146.19565217391303
        ],
        [
          41.95652173913044,
          141.30434782608694
        ],
        [
          23.47826086956522,
          142.93478260869566
        ],
        [
          0,
          142
        ],
        [
          0,
          212
        ]
      ],
      "shape_type": "polygon",
      "flags": {}
    },
    {
      "label": "wood04",
      "line_color": null,
      "fill_color": null,
      "points": [
        [
          2.282608695652158,
          244.02173913043478
        ],
        [
          56.63043478260869,
          239.67391304347825
        ],
        [
          78.36956521739131,
          242.93478260869563
        ],
        [
          66.95652173913044,
          205.97826086956522
        ],
        [
          76.195652173913,
          202.7173913043478
        ],
        [
          83.80434782608694,
          204.89130434782606
        ],
        [
          81.08695652173913,
          195.65217391304347
        ],
        [
          81.08695652173913,
          192.39130434782606
        ],
        [
          88.695652173913,
          191.30434782608694
        ],
        [
          97.93478260869563,
          239.67391304347825
        ],
        [
          122.39130434782606,
          239.67391304347825
        ],
        [
          115.86956521739131,
          209.78260869565216
        ],
        [
          123.47826086956519,
          209.78260869565216
        ],
        [
          126.73913043478257,
          217.39130434782606
        ],
        [
          158.80434782608694,
          222.28260869565216
        ],
        [
          163.695652173913,
          225.0
        ],
        [
          164.7826086956522,
          214.67391304347825
        ],
        [
          170.76086956521738,
          216.8478260869565
        ],
        [
          168.04347826086956,
          227.7173913043478
        ],
        [
          169.1304347826087,
          242.39130434782606
        ],
        [
          180.0,
          242.93478260869563
        ],
        [
          125.65217391304344,
          248.36956521739128
        ],
        [
          139.23913043478257,
          259.7826086956522
        ],
        [
          153.91304347826087,
          260.32608695652175
        ],
        [
          158.80434782608694,
          263.5869565217391
        ],
        [
          170.2173913043478,
          264.67391304347825
        ],
        [
          170.76086956521738,
          317.9347826086956
        ],
        [
          140.8695652173913,
          326.0869565217391
        ],
        [
          122.39130434782606,
          326.0869565217391
        ],
        [
          34.891304347826065,
          314.1304347826087
        ],
        [
          7.717391304347814,
          311.4130434782609
        ],
        [
          0,
          306
        ]
      ],
      "shape_type": "polygon",
      "flags": {}
    },
    {
      "label": "wood05",
      "line_color": null,
      "fill_color": null,
      "points": [
        [
          190.32608695652175,
          267.9347826086956
        ],
        [
          165.8695652173913,
          261.95652173913044
        ],
        [
          150.65217391304344,
          259.7826086956522
        ],
        [
          131.6304347826087,
          253.26086956521738
        ],
        [
          148.4782608695652,
          246.7391304347826
        ],
        [
          197.39130434782606,
          247.28260869565216
        ],
        [
          240.3260869565217,
          247.82608695652172
        ],
        [
          264.23913043478257,
          247.82608695652172
        ],
        [
          334.891304347826,
          253.80434782608694
        ],
        [
          320.21739130434776,
          257.6086956521739
        ],
        [
          303.9130434782609,
          262.5
        ],
        [
          277.8260869565217,
          268.4782608695652
        ],
        [
          277.8260869565217,
          289.67391304347825
        ],
        [
          277.8260869565217,
          299.45652173913044
        ],
        [
          251.73913043478257,
          295.65217391304344
        ],
        [
          253.3695652173913,
          266.30434782608694
        ],
        [
          222.39130434782606,
          266.30434782608694
        ],
        [
          215.32608695652175,
          269.5652173913043
        ],
        [
          215.32608695652175,
          288.5869565217391
        ],
        [
          209.89130434782606,
          308.15217391304344
        ],
        [
          212.06521739130432,
          316.30434782608694
        ],
        [
          212.06521739130432,
          328.2608695652174
        ],
        [
          212.06521739130432,
          340.2173913043478
        ],
        [
          218.58695652173913,
          344.02173913043475
        ],
        [
          244.67391304347825,
          363.5869565217391
        ],
        [
          252.28260869565213,
          373.3695652173913
        ],
        [
          242.5,
          379.3478260869565
        ],
        [
          222.93478260869563,
          376.0869565217391
        ],
        [
          207.7173913043478,
          368.4782608695652
        ],
        [
          193.58695652173913,
          366.30434782608694
        ],
        [
          178.3695652173913,
          376.0869565217391
        ],
        [
          150.65217391304344,
          376.6304347826087
        ],
        [
          152.2826086956522,
          364.67391304347825
        ],
        [
          169.67391304347825,
          351.0869565217391
        ],
        [
          182.7173913043478,
          346.195652173913
        ],
        [
          188.15217391304344,
          327.7173913043478
        ],
        [
          188.15217391304344,
          314.67391304347825
        ],
        [
          193.58695652173913,
          302.17391304347825
        ],
        [
          189.78260869565213,
          295.1086956521739
        ],
        [
          192.5,
          285.32608695652175
        ]
      ],
      "shape_type": "polygon",
      "flags": {}
    },
    {
      "label": "glass01",
      "line_color": null,
      "fill_color": null,
      "points": [
        [
          1.739130434782595,
          98.91304347826086
        ],
        [
          54.45652173913044,
          78.80434782608695
        ],
        [
          39.239130434782595,
          53.26086956521739
        ],
        [
          1.739130434782595,
          33.15217391304348
        ]
      ],
      "shape_type": "polygon",
      "flags": {}
    }
  ],
  "lineColor": [
    0,
    255,
    0,
    128
  ],
  "fillColor": [
    255,
    0,
    0,
    128
  ],
  "imagePath": "..\\pic\\763.jpg",
  "imageData": "",
  "imageHeight": 512,
  "imageWidth": 512
}
