{
  "version": "4.5.6",
  "flags": {},
  "shapes": [
    {
      "label": "fabric01",
      "points": [
        [
          122.56613756613754,
          98.94179894179894
        ],
        [
          127.85714285714283,
          342.32804232804233
        ],
        [
          151.13756613756613,
          341.26984126984127
        ],
        [
          144.25925925925924,
          215.87301587301585
        ],
        [
          156.4285714285714,
          96.82539682539682
        ]
      ],
      "group_id": null,
      "shape_type": "polygon",
      "flags": {}
    },
    {
      "label": "fabric02",
      "points": [
        [
          353.78306878306876,
          103.7037037037037
        ],
        [
          354.31216931216926,
          225.92592592592592
        ],
        [
          349.5502645502645,
          280.4232804232804
        ],
        [
          369.6560846560846,
          280.4232804232804
        ],
        [
          369.6560846560846,
          223.8095238095238
        ],
        [
          388.7037037037037,
          105.29100529100529
        ]
      ],
      "group_id": null,
      "shape_type": "polygon",
      "flags": {}
    },
    {
      "label": "glass01",
      "points": [
        [
          202.98941798941797,
          138.09523809523807
        ],
        [
          202.4603174603174,
          284.65608465608466
        ],
        [
          262.2486772486772,
          286.77248677248673
        ],
        [
          264.89417989417984,
          139.68253968253967
        ]
      ],
      "group_id": null,
      "shape_type": "polygon",
      "flags": {}
    },
    {
      "label": "glass02",
      "points": [
        [
          276.5343915343915,
          144.97354497354496
        ],
        [
          274.4179894179894,
          243.38624338624336
        ],
        [
          316.2169312169312,
          244.44444444444443
        ],
        [
          319.9206349206349,
          146.56084656084656
        ]
      ],
      "group_id": null,
      "shape_type": "polygon",
      "flags": {}
    },
    {
      "label": "glass03",
      "points": [
        [
          270.18518518518516,
          257.67195767195767
        ],
        [
          269.1269841269841,
          291.005291005291
        ],
        [
          317.80423280423275,
          291.5343915343915
        ],
        [
          318.3333333333333,
          260.3174603174603
        ]
      ],
      "group_id": null,
      "shape_type": "polygon",
      "flags": {}
    },
    {
      "label": "wood01",
      "points": [
        [
          349.5502645502645,
          283.06878306878303
        ],
        [
          343.7301587301587,
          356.6137566137566
        ],
        [
          379.1798941798941,
          465.60846560846556
        ],
        [
          393.46560846560845,
          465.07936507936506
        ],
        [
          400.8730158730158,
          495.2380952380952
        ],
        [
          401,
          511
        ],
        [
          509.3386243386243,
          506.87830687830683
        ],
        [
          506.16402116402116,
          488.88888888888886
        ],
        [
          499.8148148148148,
          489.9470899470899
        ],
        [
          502.9894179894179,
          500.5291005291005
        ],
        [
          486.58730158730157,
          503.7037037037037
        ],
        [
          471.2433862433862,
          489.41798941798936
        ],
        [
          452.1957671957672,
          494.1798941798941
        ],
        [
          418.8624338624338,
          465.07936507936506
        ],
        [
          425.2116402116402,
          464.021164021164
        ],
        [
          419.92063492063494,
          450.7936507936508
        ],
        [
          484.47089947089944,
          448.1481481481481
        ],
        [
          486.058201058201,
          432.27513227513225
        ],
        [
          461.7195767195767,
          403.7037037037037
        ],
        [
          458.54497354497346,
          421.16402116402116
        ],
        [
          422.03703703703695,
          425.9259259259259
        ],
        [
          390.29100529100526,
          398.94179894179894
        ],
        [
          396.6402116402116,
          394.1798941798942
        ],
        [
          394.5238095238095,
          385.71428571428567
        ],
        [
          408.2804232804233,
          380.9523809523809
        ],
        [
          372.8306878306878,
          380.4232804232804
        ],
        [
          363.3068783068783,
          369.8412698412698
        ],
        [
          370.18518518518516,
          361.90476190476187
        ],
        [
          398.2275132275132,
          362.96296296296293
        ],
        [
          397.69841269841265,
          354.4973544973545
        ],
        [
          422.03703703703695,
          357.1428571428571
        ],
        [
          415.1587301587301,
          349.20634920634916
        ],
        [
          364.36507936507934,
          351.3227513227513
        ],
        [
          364.89417989417984,
          342.85714285714283
        ],
        [
          353.78306878306876,
          341.26984126984127
        ],
        [
          359.074074074074,
          322.75132275132273
        ],
        [
          379.7089947089947,
          319.04761904761904
        ],
        [
          413.042328042328,
          329.6296296296296
        ],
        [
          415.6878306878307,
          307.9365079365079
        ],
        [
          391.3492063492063,
          283.06878306878303
        ]
      ],
      "group_id": null,
      "shape_type": "polygon",
      "flags": {}
    },
    {
      "label": "wood02",
      "points": [
        [
          409.86772486772486,
          101.05820105820105
        ],
        [
          511,
          45
        ],
        [
          511,
          388
        ],
        [
          433.14814814814815,
          317.4603174603174
        ],
        [
          441.61375661375655,
          165.07936507936506
        ],
        [
          405.6349206349206,
          167.72486772486772
        ]
      ],
      "group_id": null,
      "shape_type": "polygon",
      "flags": {}
    }
  ],
  "imagePath": "63.jpg",
  "imageData": "",
  "imageHeight": 512,
  "imageWidth": 512
}
