{
  "version": "4.5.6",
  "flags": {},
  "shapes": [
    {
      "label": "fabric01",
      "points": [
        [
          160.66137566137564,
          57.14285714285714
        ],
        [
          369.6560846560846,
          85.18518518518518
        ],
        [
          348.49206349206344,
          386.77248677248673
        ],
        [
          287.11640211640207,
          390.4761904761904
        ],
        [
          274.4179894179894,
          400.0
        ],
        [
          274.9470899470899,
          408.99470899470896
        ],
        [
          159.60317460317458,
          419.04761904761904
        ],
        [
          156.95767195767195,
          402.11640211640207
        ],
        [
          160.66137566137564,
          395.2380952380952
        ],
        [
          190.82010582010582,
          389.4179894179894
        ],
        [
          198.2275132275132,
          374.0740740740741
        ],
        [
          213.57142857142856,
          283.06878306878303
        ],
        [
          202.98941798941797,
          280.4232804232804
        ],
        [
          181.8253968253968,
          345.50264550264546
        ],
        [
          153.25396825396825,
          344.4444444444444
        ],
        [
          161.7195767195767,
          62.43386243386243
        ]
      ],
      "group_id": null,
      "shape_type": "polygon",
      "flags": {}
    },
    {
      "label": "fabric02",
      "points": [
        [
          274.4179894179894,
          402.64550264550263
        ],
        [
          274.4179894179894,
          420.1058201058201
        ],
        [
          337,
          511
        ],
        [
          510,
          511
        ],
        [
          510.92592592592587,
          389.4179894179894
        ],
        [
          485.0,
          375.1322751322751
        ],
        [
          397.69841269841265,
          387.8306878306878
        ],
        [
          285.0,
          388.35978835978835
        ]
      ],
      "group_id": null,
      "shape_type": "polygon",
      "flags": {}
    },
    {
      "label": "wood01",
      "points": [
        [
          267.53968253968253,
          416.40211640211635
        ],
        [
          266.48148148148147,
          449.20634920634916
        ],
        [
          303.5185185185185,
          509.5238095238095
        ],
        [
          336.3227513227513,
          510.5820105820105
        ]
      ],
      "group_id": null,
      "shape_type": "polygon",
      "flags": {}
    },
    {
      "label": "wood02",
      "points": [
        [
          502.46031746031747,
          302.64550264550263
        ],
        [
          489.7619047619047,
          375.1322751322751
        ],
        [
          511,
          389
        ],
        [
          511,
          307
        ]
      ],
      "group_id": null,
      "shape_type": "polygon",
      "flags": {}
    },
    {
      "label": "wood03",
      "points": [
        [
          77.59259259259258,
          316.9312169312169
        ],
        [
          62.77777777777777,
          354.4973544973545
        ],
        [
          63.3068783068783,
          501.058201058201
        ],
        [
          144.7883597883598,
          499.47089947089944
        ],
        [
          146.37566137566137,
          347.0899470899471
        ],
        [
          141.08465608465605,
          311.64021164021165
        ],
        [
          118.86243386243385,
          310.05291005291
        ],
        [
          119.39153439153438,
          318.5185185185185
        ],
        [
          99.81481481481481,
          319.04761904761904
        ],
        [
          99.81481481481481,
          315.34391534391534
        ]
      ],
      "group_id": null,
      "shape_type": "polygon",
      "flags": {}
    },
    {
      "label": "plastic01",
      "points": [
        [
          62.24867724867724,
          2.645502645502645
        ],
        [
          60.13227513227511,
          29.629629629629626
        ],
        [
          72.83068783068782,
          71.42857142857143
        ],
        [
          91.87830687830686,
          67.72486772486772
        ],
        [
          97.16931216931215,
          57.67195767195767
        ],
        [
          99.28571428571428,
          27.513227513227513
        ],
        [
          96.64021164021162,
          1.5873015873015872
        ]
      ],
      "group_id": null,
      "shape_type": "polygon",
      "flags": {}
    },
    {
      "label": "fabric03",
      "points": [
        [
          149.021164021164,
          347.0899470899471
        ],
        [
          152.1957671957672,
          375.66137566137564
        ],
        [
          181.2962962962963,
          371.95767195767195
        ],
        [
          175.47619047619048,
          344.97354497354496
        ]
      ],
      "group_id": null,
      "shape_type": "polygon",
      "flags": {}
    },
    {
      "label": "plastic02",
      "points": [
        [
          150.07936507936506,
          389.9470899470899
        ],
        [
          169.65608465608466,
          392.06349206349205
        ],
        [
          189.2328042328042,
          385.18518518518516
        ],
        [
          198.75661375661372,
          364.5502645502645
        ],
        [
          210.92592592592592,
          283.5978835978836
        ],
        [
          202.4603174603174,
          282.01058201058197
        ],
        [
          185.0,
          352.9100529100529
        ],
        [
          183.41269841269838,
          377.77777777777777
        ],
        [
          150.07936507936506,
          374.0740740740741
        ]
      ],
      "group_id": null,
      "shape_type": "polygon",
      "flags": {}
    }
  ],
  "imagePath": "32.jpg",
  "imageData": "",
  "imageHeight": 512,
  "imageWidth": 512
}
