{
  "version": "3.20.1",
  "flags": {},
  "shapes": [
    {
      "label": "fabric01",
      "line_color": null,
      "fill_color": null,
      "points": [
        [
          14.521739130434781,
          475.54347826086956
        ],
        [
          2.565217391304344,
          510.86956521739125
        ],
        [
          511,
          510
        ],
        [
          510.17391304347825,
          321.73913043478257
        ],
        [
          414.52173913043475,
          305.9782608695652
        ],
        [
          387.3478260869565,
          304.89130434782606
        ],
        [
          304.195652173913,
          298.9130434782609
        ],
        [
          282.45652173913044,
          305.4347826086956
        ],
        [
          190.06521739130432,
          366.8478260869565
        ],
        [
          56.36956521739128,
          442.39130434782606
        ],
        [
          12.891304347826093,
          480.9782608695652
        ]
      ],
      "shape_type": "polygon",
      "flags": {}
    },
    {
      "label": "fabric02",
      "line_color": null,
      "fill_color": null,
      "points": [
        [
          47.67391304347825,
          2.717391304347826
        ],
        [
          77.56521739130434,
          433.695652173913
        ],
        [
          131.3695652173913,
          399.45652173913044
        ],
        [
          120.5,
          278.2608695652174
        ],
        [
          101.47826086956519,
          67.93478260869566
        ],
        [
          97.67391304347825,
          2.1739130434782608
        ]
      ],
      "shape_type": "polygon",
      "flags": {}
    },
    {
      "label": "wood01",
      "line_color": null,
      "fill_color": null,
      "points": [
        [
          17.782608695652158,
          2.717391304347826
        ],
        [
          23.217391304347814,
          78.80434782608695
        ],
        [
          1.4782608695652186,
          79.34782608695652
        ],
        [
          0.9347826086956559,
          88.04347826086956
        ],
        [
          24.847826086956502,
          89.13043478260869
        ],
        [
          30.282608695652158,
          166.30434782608694
        ],
        [
          4.739130434782595,
          170.1086956521739
        ],
        [
          3.108695652173907,
          180.97826086956522
        ],
        [
          29.739130434782595,
          176.08695652173913
        ],
        [
          35.717391304347814,
          252.17391304347825
        ],
        [
          11.80434782608694,
          257.0652173913043
        ],
        [
          2.0217391304347814,
          164.67391304347825
        ],
        [
          2.0217391304347814,
          298.3695652173913
        ],
        [
          69.41304347826085,
          277.7173913043478
        ],
        [
          63.97826086956522,
          245.1086956521739
        ],
        [
          43.86956521739128,
          248.91304347826085
        ],
        [
          36.80434782608694,
          172.82608695652172
        ],
        [
          52.02173913043478,
          171.19565217391303
        ],
        [
          58.54347826086956,
          250.54347826086956
        ],
        [
          64.52173913043478,
          250.0
        ],
        [
          53.65217391304347,
          91.84782608695652
        ],
        [
          46.586956521739125,
          91.84782608695652
        ],
        [
          50.391304347826065,
          164.67391304347825
        ],
        [
          35.717391304347814,
          165.2173913043478
        ],
        [
          32.45652173913044,
          90.21739130434783
        ],
        [
          49.8478260869565,
          90.21739130434783
        ],
        [
          53.10869565217391,
          93.47826086956522
        ],
        [
          49.30434782608694,
          1.6304347826086956
        ],
        [
          42.239130434782595,
          0.5434782608695652
        ],
        [
          46.586956521739125,
          81.52173913043478
        ],
        [
          29.195652173913032,
          78.26086956521739
        ],
        [
          24.847826086956502,
          3.260869565217391
        ]
      ],
      "shape_type": "polygon",
      "flags": {}
    }
  ],
  "lineColor": [
    0,
    255,
    0,
    128
  ],
  "fillColor": [
    255,
    0,
    0,
    128
  ],
  "imagePath": "..\\pic\\372.jpg",
  "imageData": "",
  "imageHeight": 512,
  "imageWidth": 512
}
