{
  "version": "4.5.6",
  "flags": {},
  "shapes": [
    {
      "label": "fabric01",
      "points": [
        [
          1.4021164021163912,
          410.5820105820106
        ],
        [
          93.99470899470899,
          365.07936507936506
        ],
        [
          89.76190476190476,
          357.67195767195767
        ],
        [
          107.75132275132273,
          340.2116402116402
        ],
        [
          111.45502645502643,
          328.042328042328
        ],
        [
          122.56613756613754,
          326.4550264550264
        ],
        [
          123.6243386243386,
          314.8148148148148
        ],
        [
          106.16402116402114,
          285.18518518518516
        ],
        [
          92.93650793650792,
          281.48148148148147
        ],
        [
          64.36507936507937,
          281.48148148148147
        ],
        [
          51.66666666666666,
          292.06349206349205
        ],
        [
          36.322751322751316,
          301.58730158730157
        ],
        [
          49.021164021164,
          342.32804232804233
        ],
        [
          40.55555555555554,
          340.2116402116402
        ],
        [
          0,
          355
        ]
      ],
      "group_id": null,
      "shape_type": "polygon",
      "flags": {}
    },
    {
      "label": "fabric02",
      "points": [
        [
          4.047619047619037,
          438.0952380952381
        ],
        [
          64.89417989417987,
          451.3227513227513
        ],
        [
          78.12169312169311,
          440.7407407407407
        ],
        [
          252.1957671957672,
          501.058201058201
        ],
        [
          268.5978835978836,
          421.69312169312167
        ],
        [
          276.5343915343915,
          412.16931216931215
        ],
        [
          279.1798941798942,
          402.11640211640207
        ],
        [
          295.5820105820106,
          389.4179894179894
        ],
        [
          303.5185185185185,
          395.2380952380952
        ],
        [
          326.79894179894177,
          340.7407407407407
        ],
        [
          281.8253968253968,
          322.22222222222223
        ],
        [
          244.78835978835974,
          329.6296296296296
        ],
        [
          243.73015873015873,
          323.28042328042324
        ],
        [
          213.57142857142856,
          325.9259259259259
        ],
        [
          190.29100529100526,
          331.2169312169312
        ],
        [
          185.0,
          322.75132275132273
        ],
        [
          150.60846560846556,
          314.8148148148148
        ],
        [
          131.56084656084656,
          323.28042328042324
        ],
        [
          111.98412698412696,
          331.74603174603175
        ],
        [
          90.29100529100529,
          358.2010582010582
        ],
        [
          93.99470899470899,
          368.25396825396825
        ],
        [
          0,
          415
        ]
      ],
      "group_id": null,
      "shape_type": "polygon",
      "flags": {}
    },
    {
      "label": "fabric03",
      "points": [
        [
          65.4232804232804,
          451.3227513227513
        ],
        [
          70.18518518518516,
          475.66137566137564
        ],
        [
          154.31216931216932,
          507.9365079365079
        ],
        [
          276.005291005291,
          510.05291005291
        ],
        [
          280.76719576719574,
          470.8994708994709
        ],
        [
          325.2116402116402,
          355.55555555555554
        ],
        [
          329.97354497354496,
          355.026455026455
        ],
        [
          333.1481481481481,
          344.97354497354496
        ],
        [
          328.38624338624334,
          340.7407407407407
        ],
        [
          301.9312169312169,
          394.7089947089947
        ],
        [
          297.69841269841265,
          388.35978835978835
        ],
        [
          280.76719576719574,
          402.64550264550263
        ],
        [
          277.59259259259255,
          412.16931216931215
        ],
        [
          269.65608465608466,
          419.04761904761904
        ],
        [
          252.1957671957672,
          502.64550264550263
        ],
        [
          190.29100529100526,
          484.6560846560846
        ],
        [
          125.2116402116402,
          459.78835978835974
        ],
        [
          76.00529100529099,
          439.15343915343914
        ]
      ],
      "group_id": null,
      "shape_type": "polygon",
      "flags": {}
    },
    {
      "label": "fabric04",
      "points": [
        [
          2.989417989417987,
          268.25396825396825
        ],
        [
          77.59259259259258,
          259.7883597883598
        ],
        [
          93.46560846560845,
          268.25396825396825
        ],
        [
          93.46560846560845,
          280.9523809523809
        ],
        [
          58.544973544973544,
          282.53968253968253
        ],
        [
          54.84126984126982,
          293.1216931216931
        ],
        [
          35.793650793650784,
          303.17460317460313
        ],
        [
          51.137566137566125,
          339.68253968253964
        ],
        [
          39.49735449735448,
          338.0952380952381
        ],
        [
          0,
          353
        ],
        [
          0,
          275
        ]
      ],
      "group_id": null,
      "shape_type": "polygon",
      "flags": {}
    },
    {
      "label": "fabric05",
      "points": [
        [
          2.989417989417987,
          439.15343915343914
        ],
        [
          65.95238095238093,
          451.3227513227513
        ],
        [
          71.24338624338623,
          474.6031746031746
        ],
        [
          156.4285714285714,
          509.5238095238095
        ],
        [
          1.9312169312169232,
          510.5820105820105
        ]
      ],
      "group_id": null,
      "shape_type": "polygon",
      "flags": {}
    },
    {
      "label": "fabric06",
      "points": [
        [
          179.70899470899468,
          121.16402116402115
        ],
        [
          180.76719576719574,
          320.6349206349206
        ],
        [
          196.64021164021165,
          328.042328042328
        ],
        [
          193.46560846560845,
          240.74074074074073
        ],
        [
          198.75661375661372,
          237.56613756613754
        ],
        [
          205.6349206349206,
          265.07936507936506
        ],
        [
          209.3386243386243,
          273.5449735449735
        ],
        [
          220.97883597883595,
          268.78306878306876
        ],
        [
          217.27513227513225,
          116.93121693121692
        ]
      ],
      "group_id": null,
      "shape_type": "polygon",
      "flags": {}
    },
    {
      "label": "fabric07",
      "points": [
        [
          193.46560846560845,
          244.97354497354496
        ],
        [
          197.69841269841265,
          328.57142857142856
        ],
        [
          246.90476190476187,
          323.28042328042324
        ],
        [
          249.5502645502645,
          328.57142857142856
        ],
        [
          282.3544973544973,
          321.69312169312167
        ],
        [
          311.4550264550264,
          331.74603174603175
        ],
        [
          304.57671957671954,
          317.989417989418
        ],
        [
          277.06349206349205,
          301.05820105820106
        ],
        [
          269.1269841269841,
          288.35978835978835
        ],
        [
          247.43386243386243,
          291.5343915343915
        ],
        [
          233.67724867724866,
          293.6507936507936
        ],
        [
          225.2116402116402,
          268.78306878306876
        ],
        [
          207.75132275132273,
          272.48677248677245
        ],
        [
          198.75661375661372,
          237.037037037037
        ]
      ],
      "group_id": null,
      "shape_type": "polygon",
      "flags": {}
    },
    {
      "label": "glass01",
      "points": [
        [
          236.85185185185185,
          120.1058201058201
        ],
        [
          238.96825396825392,
          243.38624338624336
        ],
        [
          316.7460317460317,
          243.38624338624336
        ],
        [
          313.57142857142856,
          108.99470899470899
        ]
      ],
      "group_id": null,
      "shape_type": "polygon",
      "flags": {}
    },
    {
      "label": "glass02",
      "points": [
        [
          326.26984126984127,
          110.05291005291005
        ],
        [
          327.3280423280423,
          241.79894179894177
        ],
        [
          353.78306878306876,
          241.79894179894177
        ],
        [
          352.1957671957672,
          105.82010582010581
        ]
      ],
      "group_id": null,
      "shape_type": "polygon",
      "flags": {}
    },
    {
      "label": "glass03",
      "points": [
        [
          238.96825396825392,
          262.43386243386243
        ],
        [
          315.6878306878307,
          260.8465608465608
        ],
        [
          315.6878306878307,
          300.0
        ],
        [
          277.59259259259255,
          299.47089947089944
        ],
        [
          270.71428571428567,
          289.9470899470899
        ],
        [
          240.55555555555554,
          291.5343915343915
        ]
      ],
      "group_id": null,
      "shape_type": "polygon",
      "flags": {}
    },
    {
      "label": "glass04",
      "points": [
        [
          323.0952380952381,
          262.96296296296293
        ],
        [
          324.15343915343914,
          300.5291005291005
        ],
        [
          360.1322751322751,
          299.47089947089944
        ],
        [
          358.015873015873,
          259.7883597883598
        ]
      ],
      "group_id": null,
      "shape_type": "polygon",
      "flags": {}
    },
    {
      "label": "glass05",
      "points": [
        [
          396.1111111111111,
          129.1005291005291
        ],
        [
          398.7566137566138,
          363.4920634920635
        ],
        [
          447.4338624338624,
          369.8412698412698
        ],
        [
          445.31746031746025,
          122.75132275132275
        ]
      ],
      "group_id": null,
      "shape_type": "polygon",
      "flags": {}
    },
    {
      "label": "glass06",
      "points": [
        [
          477.5925925925926,
          78.3068783068783
        ],
        [
          474.41798941798936,
          361.37566137566137
        ],
        [
          499.8148148148148,
          396.29629629629625
        ],
        [
          501.9312169312169,
          41.7989417989418
        ]
      ],
      "group_id": null,
      "shape_type": "polygon",
      "flags": {}
    }
  ],
  "imagePath": "22.jpg",
  "imageData": "",
  "imageHeight": 512,
  "imageWidth": 512
}
