{
  "version": "3.20.1",
  "flags": {},
  "shapes": [
    {
      "label": "fabric01",
      "line_color": null,
      "fill_color": null,
      "points": [
        [
          23.217391304347814,
          295.65217391304344
        ],
        [
          28.65217391304347,
          301.0869565217391
        ],
        [
          30.282608695652158,
          309.7826086956522
        ],
        [
          65.06521739130434,
          318.4782608695652
        ],
        [
          81.91304347826085,
          315.7608695652174
        ],
        [
          131.3695652173913,
          313.04347826086956
        ],
        [
          175.39130434782606,
          306.52173913043475
        ],
        [
          170.5,
          295.1086956521739
        ],
        [
          129.73913043478262,
          288.5869565217391
        ],
        [
          116.695652173913,
          290.7608695652174
        ],
        [
          111.26086956521738,
          285.32608695652175
        ],
        [
          38.434782608695656,
          290.7608695652174
        ]
      ],
      "shape_type": "polygon",
      "flags": {}
    },
    {
      "label": "glass01",
      "line_color": null,
      "fill_color": null,
      "points": [
        [
          316.695652173913,
          92.39130434782608
        ],
        [
          318.86956521739125,
          167.3913043478261
        ],
        [
          371.5869565217391,
          167.93478260869566
        ],
        [
          373.21739130434776,
          88.58695652173913
        ]
      ],
      "shape_type": "polygon",
      "flags": {}
    },
    {
      "label": "glass02",
      "line_color": null,
      "fill_color": null,
      "points": [
        [
          393.86956521739125,
          90.21739130434783
        ],
        [
          392.78260869565213,
          165.76086956521738
        ],
        [
          416.695652173913,
          167.93478260869566
        ],
        [
          416.695652173913,
          158.69565217391303
        ],
        [
          417.78260869565213,
          153.80434782608694
        ],
        [
          422.67391304347825,
          153.26086956521738
        ],
        [
          424.3043478260869,
          165.2173913043478
        ],
        [
          429.7391304347826,
          169.56521739130434
        ],
        [
          429.7391304347826,
          159.78260869565216
        ],
        [
          432.4565217391304,
          153.80434782608694
        ],
        [
          436.2608695652174,
          155.97826086956522
        ],
        [
          436.2608695652174,
          166.30434782608694
        ],
        [
          444.4130434782609,
          162.5
        ],
        [
          445.5,
          154.8913043478261
        ],
        [
          450.9347826086956,
          153.26086956521738
        ],
        [
          450.9347826086956,
          85.8695652173913
        ]
      ],
      "shape_type": "polygon",
      "flags": {}
    },
    {
      "label": "glass03",
      "line_color": null,
      "fill_color": null,
      "points": [
        [
          510.71739130434776,
          86.95652173913044
        ],
        [
          486.8043478260869,
          92.39130434782608
        ],
        [
          488.4347826086956,
          161.95652173913044
        ],
        [
          500.9347826086956,
          165.76086956521738
        ],
        [
          510.71739130434776,
          165.2173913043478
        ]
      ],
      "shape_type": "polygon",
      "flags": {}
    },
    {
      "label": "glass04",
      "line_color": null,
      "fill_color": null,
      "points": [
        [
          174.30434782608694,
          101.08695652173913
        ],
        [
          174.30434782608694,
          199.45652173913044
        ],
        [
          184.08695652173913,
          206.52173913043478
        ],
        [
          199.30434782608694,
          258.695652173913
        ],
        [
          201.4782608695652,
          258.695652173913
        ],
        [
          203.10869565217388,
          253.26086956521738
        ],
        [
          202.56521739130432,
          242.93478260869563
        ],
        [
          216.695652173913,
          245.1086956521739
        ],
        [
          223.2173913043478,
          239.67391304347825
        ],
        [
          222.67391304347825,
          95.1086956521739
        ]
      ],
      "shape_type": "polygon",
      "flags": {}
    },
    {
      "label": "glass05",
      "line_color": null,
      "fill_color": null,
      "points": [
        [
          71.58695652173913,
          85.8695652173913
        ],
        [
          71.58695652173913,
          216.8478260869565
        ],
        [
          80.28260869565216,
          230.43478260869566
        ],
        [
          89.52173913043475,
          267.39130434782606
        ],
        [
          94.95652173913044,
          280.4347826086956
        ],
        [
          102.02173913043475,
          280.4347826086956
        ],
        [
          100.39130434782606,
          88.58695652173913
        ]
      ],
      "shape_type": "polygon",
      "flags": {}
    },
    {
      "label": "fabric02",
      "line_color": null,
      "fill_color": null,
      "points": [
        [
          269.95652173913044,
          376.6304347826087
        ],
        [
          271.04347826086956,
          407.6086956521739
        ],
        [
          419.4130434782609,
          422.28260869565213
        ],
        [
          440.0652173913044,
          354.3478260869565
        ],
        [
          324.30434782608694,
          347.2826086956522
        ],
        [
          315.0652173913043,
          346.195652173913
        ]
      ],
      "shape_type": "polygon",
      "flags": {}
    },
    {
      "label": "fabric03",
      "line_color": null,
      "fill_color": null,
      "points": [
        [
          392.78260869565213,
          301.6304347826087
        ],
        [
          363.4347826086956,
          320.65217391304344
        ],
        [
          361.2608695652174,
          325.54347826086956
        ],
        [
          361.2608695652174,
          335.8695652173913
        ],
        [
          440.6086956521739,
          340.7608695652174
        ],
        [
          447.13043478260863,
          325.54347826086956
        ],
        [
          452.02173913043475,
          301.6304347826087
        ]
      ],
      "shape_type": "polygon",
      "flags": {}
    },
    {
      "label": "fabric04",
      "line_color": null,
      "fill_color": null,
      "points": [
        [
          74.30434782608694,
          341.30434782608694
        ],
        [
          41.69565217391303,
          354.3478260869565
        ],
        [
          49.8478260869565,
          388.5869565217391
        ],
        [
          92.23913043478262,
          391.8478260869565
        ],
        [
          90.06521739130432,
          344.5652173913043
        ]
      ],
      "shape_type": "polygon",
      "flags": {}
    },
    {
      "label": "fabric05",
      "line_color": null,
      "fill_color": null,
      "points": [
        [
          127.56521739130432,
          347.2826086956522
        ],
        [
          127.56521739130432,
          398.3695652173913
        ],
        [
          153.65217391304344,
          398.9130434782609
        ],
        [
          221.58695652173913,
          357.6086956521739
        ],
        [
          219.41304347826087,
          351.0869565217391
        ]
      ],
      "shape_type": "polygon",
      "flags": {}
    },
    {
      "label": "fabric06",
      "line_color": null,
      "fill_color": null,
      "points": [
        [
          20.5,
          430.9782608695652
        ],
        [
          8.543478260869563,
          433.15217391304344
        ],
        [
          25.391304347826065,
          497.8260869565217
        ],
        [
          34.086956521739125,
          492.9347826086956
        ]
      ],
      "shape_type": "polygon",
      "flags": {}
    },
    {
      "label": "fabric07",
      "line_color": null,
      "fill_color": null,
      "points": [
        [
          56.913043478260846,
          423.3695652173913
        ],
        [
          68.86956521739128,
          473.3695652173913
        ],
        [
          140.06521739130432,
          437.5
        ]
      ],
      "shape_type": "polygon",
      "flags": {}
    },
    {
      "label": "fabric08",
      "line_color": null,
      "fill_color": null,
      "points": [
        [
          67.2391304347826,
          510.86956521739125
        ],
        [
          138.43478260869563,
          466.8478260869565
        ],
        [
          187.89130434782606,
          472.8260869565217
        ],
        [
          202.02173913043475,
          480.4347826086956
        ],
        [
          218.8695652173913,
          500.0
        ],
        [
          205.82608695652175,
          509.78260869565213
        ]
      ],
      "shape_type": "polygon",
      "flags": {}
    },
    {
      "label": "fabric09",
      "line_color": null,
      "fill_color": null,
      "points": [
        [
          298.7608695652174,
          432.0652173913043
        ],
        [
          273.2173913043478,
          453.80434782608694
        ],
        [
          273.7608695652174,
          486.4130434782609
        ],
        [
          433.5434782608695,
          510.86956521739125
        ],
        [
          446.5869565217391,
          508.695652173913
        ],
        [
          447.67391304347825,
          458.695652173913
        ],
        [
          398.7608695652174,
          451.6304347826087
        ],
        [
          368.86956521739125,
          500.54347826086956
        ],
        [
          353.1086956521739,
          497.28260869565213
        ],
        [
          385.71739130434776,
          450.54347826086956
        ],
        [
          324.8478260869565,
          445.1086956521739
        ],
        [
          325.9347826086956,
          459.23913043478257
        ],
        [
          323.2173913043478,
          465.2173913043478
        ],
        [
          307.45652173913044,
          462.5
        ],
        [
          309.6304347826087,
          430.9782608695652
        ]
      ],
      "shape_type": "polygon",
      "flags": {}
    },
    {
      "label": "wood01",
      "line_color": null,
      "fill_color": null,
      "points": [
        [
          95.5,
          281.52173913043475
        ],
        [
          86.80434782608694,
          260.32608695652175
        ],
        [
          77.56521739130434,
          225.54347826086956
        ],
        [
          69.95652173913044,
          216.30434782608694
        ],
        [
          52.02173913043478,
          209.2391304347826
        ],
        [
          31.369565217391283,
          204.3478260869565
        ],
        [
          13.434782608695656,
          204.89130434782606
        ],
        [
          0.39130434782609314,
          211.95652173913044
        ],
        [
          0,
          259
        ],
        [
          1.4782608695652186,
          289.1304347826087
        ],
        [
          1.4782608695652186,
          510.86956521739125
        ],
        [
          64.52173913043478,
          509.23913043478257
        ],
        [
          141.15217391304344,
          468.4782608695652
        ],
        [
          141.695652173913,
          464.1304347826087
        ],
        [
          172.1304347826087,
          461.4130434782609
        ],
        [
          193.8695652173913,
          446.195652173913
        ],
        [
          197.1304347826087,
          471.195652173913
        ],
        [
          198.76086956521738,
          476.6304347826087
        ],
        [
          205.82608695652175,
          479.89130434782606
        ],
        [
          212.3478260869565,
          483.695652173913
        ],
        [
          217.78260869565213,
          497.28260869565213
        ],
        [
          206.91304347826087,
          508.15217391304344
        ],
        [
          250.93478260869563,
          508.695652173913
        ],
        [
          248.76086956521738,
          474.45652173913044
        ],
        [
          234.08695652173913,
          470.1086956521739
        ],
        [
          219.95652173913044,
          454.3478260869565
        ],
        [
          215.06521739130432,
          434.23913043478257
        ],
        [
          232.45652173913044,
          420.65217391304344
        ],
        [
          231.91304347826087,
          409.78260869565213
        ],
        [
          226.4782608695652,
          403.80434782608694
        ],
        [
          208.54347826086956,
          401.0869565217391
        ],
        [
          69.41304347826085,
          473.9130434782609
        ],
        [
          25.934782608695656,
          497.8260869565217
        ],
        [
          2.0217391304347814,
          415.7608695652174
        ],
        [
          5.282608695652158,
          366.30434782608694
        ],
        [
          39.52173913043478,
          496.73913043478257
        ],
        [
          70.5,
          483.695652173913
        ],
        [
          24.847826086956502,
          296.7391304347826
        ],
        [
          39.52173913043478,
          290.7608695652174
        ]
      ],
      "shape_type": "polygon",
      "flags": {}
    },
    {
      "label": "wood02",
      "line_color": null,
      "fill_color": null,
      "points": [
        [
          184.08695652173913,
          209.2391304347826
        ],
        [
          174.8478260869565,
          202.7173913043478
        ],
        [
          161.80434782608694,
          198.36956521739128
        ],
        [
          145.5,
          198.36956521739128
        ],
        [
          131.91304347826087,
          206.52173913043478
        ],
        [
          127.02173913043475,
          216.30434782608694
        ],
        [
          133.0,
          243.47826086956522
        ],
        [
          143.32608695652175,
          273.9130434782609
        ],
        [
          199.8478260869565,
          261.4130434782609
        ]
      ],
      "shape_type": "polygon",
      "flags": {}
    },
    {
      "label": "wood03",
      "line_color": null,
      "fill_color": null,
      "points": [
        [
          342.23913043478257,
          234.2391304347826
        ],
        [
          428.6521739130435,
          236.95652173913044
        ],
        [
          431.36956521739125,
          205.97826086956522
        ],
        [
          413.4347826086956,
          196.19565217391303
        ],
        [
          390.6086956521739,
          192.39130434782606
        ],
        [
          344.4130434782609,
          200.54347826086956
        ]
      ],
      "shape_type": "polygon",
      "flags": {}
    },
    {
      "label": "wood04",
      "line_color": null,
      "fill_color": null,
      "points": [
        [
          502.5652173913044,
          208.69565217391303
        ],
        [
          487.3478260869565,
          211.41304347826087
        ],
        [
          467.78260869565213,
          236.95652173913044
        ],
        [
          444.4130434782609,
          342.39130434782606
        ],
        [
          358.0,
          338.5869565217391
        ],
        [
          358.5434782608695,
          347.82608695652175
        ],
        [
          439.52173913043475,
          353.80434782608694
        ],
        [
          419.9565217391304,
          422.28260869565213
        ],
        [
          271.5869565217391,
          408.15217391304344
        ],
        [
          271.04347826086956,
          421.73913043478257
        ],
        [
          309.6304347826087,
          428.2608695652174
        ],
        [
          309.0869565217391,
          461.4130434782609
        ],
        [
          324.8478260869565,
          465.7608695652174
        ],
        [
          324.30434782608694,
          443.4782608695652
        ],
        [
          386.8043478260869,
          450.0
        ],
        [
          351.47826086956525,
          496.73913043478257
        ],
        [
          274.8478260869565,
          488.5869565217391
        ],
        [
          273.7608695652174,
          501.6304347826087
        ],
        [
          299.8478260869565,
          507.6086956521739
        ],
        [
          434.0869565217391,
          510.86956521739125
        ],
        [
          369.4130434782609,
          500.0
        ],
        [
          397.13043478260863,
          454.89130434782606
        ],
        [
          448.21739130434776,
          459.23913043478257
        ],
        [
          447.67391304347825,
          507.0652173913043
        ],
        [
          470.5,
          507.6086956521739
        ],
        [
          467.2391304347826,
          458.15217391304344
        ],
        [
          471.0434782608695,
          484.23913043478257
        ],
        [
          478.6521739130435,
          484.78260869565213
        ],
        [
          487.891304347826,
          478.2608695652174
        ],
        [
          486.8043478260869,
          415.2173913043478
        ],
        [
          494.4130434782609,
          415.2173913043478
        ],
        [
          494.4130434782609,
          434.23913043478257
        ],
        [
          511,
          433
        ],
        [
          511,
          217
        ],
        [
          488.4347826086956,
          296.7391304347826
        ],
        [
          486.2608695652174,
          284.7826086956522
        ],
        [
          493.32608695652175,
          254.89130434782606
        ]
      ],
      "shape_type": "polygon",
      "flags": {}
    },
    {
      "label": "wood05",
      "line_color": null,
      "fill_color": null,
      "points": [
        [
          340.0652173913043,
          234.78260869565216
        ],
        [
          458.0,
          236.41304347826085
        ],
        [
          456.9130434782609,
          242.93478260869563
        ],
        [
          434.63043478260863,
          261.95652173913044
        ],
        [
          436.8043478260869,
          301.0869565217391
        ],
        [
          396.5869565217391,
          301.0869565217391
        ],
        [
          395.5,
          281.52173913043475
        ],
        [
          329.73913043478257,
          325.54347826086956
        ],
        [
          329.73913043478257,
          345.65217391304344
        ],
        [
          310.7173913043478,
          345.1086956521739
        ],
        [
          310.7173913043478,
          336.95652173913044
        ],
        [
          296.04347826086956,
          342.39130434782606
        ],
        [
          298.2173913043478,
          353.80434782608694
        ],
        [
          288.9782608695652,
          363.04347826086956
        ],
        [
          288.9782608695652,
          348.3695652173913
        ],
        [
          284.0869565217391,
          354.89130434782606
        ],
        [
          269.95652173913044,
          353.80434782608694
        ],
        [
          272.67391304347825,
          509.78260869565213
        ],
        [
          250.39130434782606,
          509.23913043478257
        ],
        [
          248.76086956521738,
          475.0
        ],
        [
          235.17391304347825,
          470.1086956521739
        ],
        [
          234.6304347826087,
          352.7173913043478
        ],
        [
          126.47826086956519,
          345.65217391304344
        ],
        [
          129.195652173913,
          434.78260869565213
        ],
        [
          90.60869565217388,
          427.7173913043478
        ],
        [
          90.06521739130432,
          342.39130434782606
        ],
        [
          34.63043478260869,
          336.95652173913044
        ],
        [
          31.913043478260875,
          310.32608695652175
        ],
        [
          63.97826086956522,
          320.65217391304344
        ],
        [
          84.08695652173913,
          316.30434782608694
        ],
        [
          132.45652173913044,
          313.04347826086956
        ],
        [
          174.8478260869565,
          307.6086956521739
        ],
        [
          169.95652173913044,
          293.4782608695652
        ],
        [
          127.02173913043475,
          286.95652173913044
        ],
        [
          116.695652173913,
          290.7608695652174
        ],
        [
          110.17391304347825,
          283.695652173913
        ],
        [
          203.10869565217388,
          259.2391304347826
        ],
        [
          204.73913043478257,
          269.02173913043475
        ],
        [
          187.3478260869565,
          271.7391304347826
        ],
        [
          186.80434782608694,
          276.6304347826087
        ],
        [
          162.3478260869565,
          279.3478260869565
        ],
        [
          165.06521739130432,
          289.67391304347825
        ],
        [
          175.39130434782606,
          286.4130434782609
        ],
        [
          183.54347826086956,
          302.7173913043478
        ],
        [
          204.73913043478257,
          300.0
        ],
        [
          206.91304347826087,
          291.8478260869565
        ],
        [
          225.93478260869563,
          284.2391304347826
        ],
        [
          233.0,
          289.67391304347825
        ],
        [
          267.23913043478257,
          289.1304347826087
        ],
        [
          280.28260869565213,
          301.0869565217391
        ],
        [
          298.7608695652174,
          301.0869565217391
        ],
        [
          304.73913043478257,
          298.3695652173913
        ],
        [
          306.3695652173913,
          282.6086956521739
        ],
        [
          287.89130434782606,
          277.7173913043478
        ],
        [
          284.6304347826087,
          270.65217391304344
        ],
        [
          258.0,
          270.65217391304344
        ],
        [
          260.7173913043478,
          264.67391304347825
        ],
        [
          266.695652173913,
          262.5
        ],
        [
          268.8695652173913,
          244.56521739130434
        ],
        [
          290.6086956521739,
          240.2173913043478
        ],
        [
          302.02173913043475,
          265.2173913043478
        ],
        [
          326.4782608695652,
          265.2173913043478
        ],
        [
          336.2608695652174,
          244.02173913043478
        ]
      ],
      "shape_type": "polygon",
      "flags": {}
    }
  ],
  "lineColor": [
    0,
    255,
    0,
    128
  ],
  "fillColor": [
    255,
    0,
    0,
    128
  ],
  "imagePath": "..\\pic\\196.jpg",
  "imageData": "",
  "imageHeight": 512,
  "imageWidth": 512
}
