{
  "version": "3.20.1",
  "flags": {},
  "shapes": [
    {
      "label": "glass01",
      "line_color": null,
      "fill_color": null,
      "points": [
        [
          216.27513227513225,
          121.69312169312168
        ],
        [
          218.92063492063488,
          256.08465608465605
        ],
        [
          282.94179894179894,
          256.08465608465605
        ],
        [
          284.0,
          120.1058201058201
        ]
      ],
      "shape_type": "polygon",
      "flags": {}
    },
    {
      "label": "fabric01",
      "line_color": null,
      "fill_color": null,
      "points": [
        [
          286.11640211640207,
          112.16931216931216
        ],
        [
          286.11640211640207,
          265.07936507936506
        ],
        [
          313.10052910052906,
          264.55026455026456
        ],
        [
          313.10052910052906,
          114.28571428571428
        ]
      ],
      "shape_type": "polygon",
      "flags": {}
    },
    {
      "label": "fabric02",
      "line_color": null,
      "fill_color": null,
      "points": [
        [
          16.27513227513228,
          153.96825396825395
        ],
        [
          60.190476190476176,
          153.43915343915342
        ],
        [
          67.5978835978836,
          301.05820105820106
        ],
        [
          29.502645502645493,
          300.0
        ],
        [
          29.502645502645493,
          284.1269841269841
        ],
        [
          26.32804232804233,
          281.48148148148147
        ],
        [
          25.798941798941797,
          206.34920634920633
        ],
        [
          14.687830687830683,
          160.3174603174603
        ]
      ],
      "shape_type": "polygon",
      "flags": {}
    },
    {
      "label": "fabric03",
      "line_color": null,
      "fill_color": null,
      "points": [
        [
          99.34391534391534,
          167.72486772486772
        ],
        [
          106.75132275132273,
          238.09523809523807
        ],
        [
          117.33333333333331,
          237.037037037037
        ],
        [
          128.44444444444443,
          241.79894179894177
        ],
        [
          126.3280423280423,
          164.55026455026453
        ]
      ],
      "shape_type": "polygon",
      "flags": {}
    },
    {
      "label": "fabric04",
      "line_color": null,
      "fill_color": null,
      "points": [
        [
          397.7566137566138,
          157.67195767195767
        ],
        [
          395.1111111111111,
          244.44444444444443
        ],
        [
          397.2275132275132,
          244.97354497354496
        ],
        [
          407.80952380952374,
          237.56613756613754
        ],
        [
          418.92063492063494,
          236.5079365079365
        ],
        [
          425.2698412698412,
          239.68253968253967
        ],
        [
          427.38624338624334,
          158.7301587301587
        ]
      ],
      "shape_type": "polygon",
      "flags": {}
    },
    {
      "label": "fabric05",
      "line_color": null,
      "fill_color": null,
      "points": [
        [
          462.83597883597884,
          143.9153439153439
        ],
        [
          460.7195767195767,
          264.55026455026456
        ],
        [
          472.8888888888888,
          260.8465608465608
        ],
        [
          485.058201058201,
          260.3174603174603
        ],
        [
          506.75132275132273,
          274.6031746031746
        ],
        [
          510.4550264550264,
          145.5026455026455
        ]
      ],
      "shape_type": "polygon",
      "flags": {}
    },
    {
      "label": "fabric06",
      "line_color": null,
      "fill_color": null,
      "points": [
        [
          3.5767195767195687,
          399.47089947089944
        ],
        [
          99.34391534391534,
          402.64550264550263
        ],
        [
          103.57671957671957,
          419.57671957671954
        ],
        [
          100.40211640211638,
          428.57142857142856
        ],
        [
          55.95767195767195,
          477.77777777777777
        ],
        [
          49,
          511
        ],
        [
          1,
          511
        ],
        [
          0,
          416
        ],
        [
          0,
          401
        ]
      ],
      "shape_type": "polygon",
      "flags": {}
    },
    {
      "label": "fabric07",
      "line_color": null,
      "fill_color": null,
      "points": [
        [
          96.16931216931215,
          390.4761904761904
        ],
        [
          149.07936507936506,
          391.5343915343915
        ],
        [
          153.31216931216932,
          385.71428571428567
        ],
        [
          151.1957671957672,
          343.38624338624334
        ],
        [
          168.1269841269841,
          321.69312169312167
        ],
        [
          166.01058201058197,
          308.46560846560845
        ],
        [
          34.793650793650784,
          301.58730158730157
        ],
        [
          34.793650793650784,
          313.7566137566137
        ],
        [
          88.76190476190476,
          315.34391534391534
        ],
        [
          90.34920634920633,
          363.4920634920635
        ],
        [
          95.11111111111109,
          368.25396825396825
        ],
        [
          94.05291005291005,
          377.77777777777777
        ]
      ],
      "shape_type": "polygon",
      "flags": {}
    },
    {
      "label": "fabric08",
      "line_color": null,
      "fill_color": null,
      "points": [
        [
          112.04232804232802,
          260.8465608465608
        ],
        [
          128.44444444444443,
          248.14814814814812
        ],
        [
          173.41798941798942,
          249.2063492063492
        ],
        [
          203.04761904761904,
          250.79365079365078
        ],
        [
          208.3386243386243,
          252.91005291005288
        ],
        [
          208.3386243386243,
          260.8465608465608
        ],
        [
          203.04761904761904,
          268.25396825396825
        ],
        [
          202.51851851851848,
          281.48148148148147
        ],
        [
          200.9312169312169,
          301.05820105820106
        ],
        [
          150.66666666666663,
          301.05820105820106
        ],
        [
          151.1957671957672,
          266.66666666666663
        ]
      ],
      "shape_type": "polygon",
      "flags": {}
    },
    {
      "label": "fabric09",
      "line_color": null,
      "fill_color": null,
      "points": [
        [
          317.8624338624338,
          249.2063492063492
        ],
        [
          325.79894179894177,
          261.37566137566137
        ],
        [
          326.3280423280423,
          292.59259259259255
        ],
        [
          331.0899470899471,
          292.59259259259255
        ],
        [
          331.6190476190476,
          286.77248677248673
        ],
        [
          339.55555555555554,
          300.5291005291005
        ],
        [
          337.4391534391534,
          355.026455026455
        ],
        [
          344.3174603174603,
          366.1375661375661
        ],
        [
          348.021164021164,
          355.55555555555554
        ],
        [
          442.7301587301587,
          355.026455026455
        ],
        [
          461.24867724867715,
          354.4973544973545
        ],
        [
          484.52910052910045,
          355.026455026455
        ],
        [
          484.52910052910045,
          333.3333333333333
        ],
        [
          463.89417989417984,
          333.3333333333333
        ],
        [
          445.37566137566137,
          314.8148148148148
        ],
        [
          486.1164021164021,
          312.69841269841265
        ],
        [
          484.0,
          294.1798941798942
        ],
        [
          504.6349206349206,
          289.9470899470899
        ],
        [
          511,
          286
        ],
        [
          509.3968253968253,
          278.83597883597884
        ],
        [
          488.7619047619047,
          265.60846560846556
        ],
        [
          475.0052910052909,
          265.07936507936506
        ],
        [
          460.19047619047615,
          266.66666666666663
        ],
        [
          454.3703703703703,
          273.015873015873
        ],
        [
          369.18518518518516,
          277.2486772486772
        ],
        [
          369.18518518518516,
          263.4920634920635
        ],
        [
          407.80952380952374,
          262.43386243386243
        ],
        [
          407.80952380952374,
          240.2116402116402
        ],
        [
          416.27513227513225,
          239.68253968253967
        ],
        [
          427.9153439153439,
          246.03174603174602
        ],
        [
          430.56084656084647,
          259.25925925925924
        ],
        [
          436.91005291005285,
          257.1428571428571
        ],
        [
          437.968253968254,
          249.73544973544972
        ],
        [
          435.85185185185185,
          242.85714285714283
        ],
        [
          423.68253968253964,
          239.68253968253967
        ],
        [
          414.1587301587301,
          239.68253968253967
        ],
        [
          403.5767195767196,
          239.68253968253967
        ],
        [
          399.34391534391534,
          244.97354497354496
        ]
      ],
      "shape_type": "polygon",
      "flags": {}
    },
    {
      "label": "fabric10",
      "line_color": null,
      "fill_color": null,
      "points": [
        [
          510.4550264550264,
          379.36507936507934
        ],
        [
          418.3915343915344,
          375.1322751322751
        ],
        [
          409.3968253968253,
          380.4232804232804
        ],
        [
          398.2857142857142,
          395.2380952380952
        ],
        [
          397.2275132275132,
          405.29100529100526
        ],
        [
          408.3386243386243,
          402.64550264550263
        ],
        [
          425.2698412698412,
          434.3915343915344
        ],
        [
          435.85185185185185,
          447.0899470899471
        ],
        [
          443.25925925925924,
          457.6719576719576
        ],
        [
          451.72486772486764,
          484.6560846560846
        ],
        [
          450,
          511
        ],
        [
          509,
          511
        ]
      ],
      "shape_type": "polygon",
      "flags": {}
    },
    {
      "label": "metal01",
      "line_color": null,
      "fill_color": null,
      "points": [
        [
          1.989417989417987,
          39.15343915343915
        ],
        [
          215.74603174603175,
          155.55555555555554
        ],
        [
          209.39682539682536,
          156.08465608465607
        ],
        [
          191.9365079365079,
          148.67724867724866
        ],
        [
          66.53968253968253,
          153.96825396825395
        ],
        [
          64.4232804232804,
          150.26455026455025
        ],
        [
          182.41269841269838,
          144.97354497354496
        ],
        [
          144.3174603174603,
          124.33862433862433
        ],
        [
          0,
          125
        ],
        [
          0.4021164021163912,
          117.98941798941799
        ],
        [
          128.44444444444443,
          115.87301587301586
        ],
        [
          1.989417989417987,
          55.55555555555555
        ]
      ],
      "shape_type": "polygon",
      "flags": {}
    },
    {
      "label": "metal02",
      "line_color": null,
      "fill_color": null,
      "points": [
        [
          509.92592592592587,
          47.61904761904761
        ],
        [
          314.1587301587301,
          148.14814814814815
        ],
        [
          310.4550264550264,
          152.38095238095238
        ],
        [
          318.3915343915344,
          153.43915343915342
        ],
        [
          333.20634920634916,
          144.97354497354496
        ],
        [
          511,
          143
        ],
        [
          510.984126984127,
          138.09523809523807
        ],
        [
          345.37566137566137,
          140.74074074074073
        ],
        [
          387.17460317460313,
          120.1058201058201
        ],
        [
          510.984126984127,
          118.5185185185185
        ],
        [
          509.3968253968253,
          110.05291005291005
        ],
        [
          405.16402116402116,
          109.52380952380952
        ],
        [
          510.4550264550264,
          57.14285714285714
        ]
      ],
      "shape_type": "polygon",
      "flags": {}
    }
  ],
  "lineColor": [
    0,
    255,
    0,
    128
  ],
  "fillColor": [
    255,
    0,
    0,
    128
  ],
  "imagePath": "..\\pic\\963.jpg",
  "imageData": "",
  "imageHeight": 512,
  "imageWidth": 512
}
