{
  "version": "4.5.6",
  "flags": {},
  "shapes": [
    {
      "label": "fabric01",
      "points": [
        [
          22.037037037037038,
          155.55555555555554
        ],
        [
          19.39153439153438,
          324.3386243386243
        ],
        [
          27.32804232804233,
          319.57671957671954
        ],
        [
          27.32804232804233,
          332.27513227513225
        ],
        [
          120.97883597883597,
          331.74603174603175
        ],
        [
          127.3280423280423,
          143.9153439153439
        ],
        [
          97.16931216931215,
          141.26984126984127
        ],
        [
          78.12169312169311,
          158.7301587301587
        ],
        [
          45.846560846560834,
          164.021164021164
        ]
      ],
      "group_id": null,
      "shape_type": "polygon",
      "flags": {}
    },
    {
      "label": "fabric02",
      "points": [
        [
          162.2486772486772,
          144.44444444444443
        ],
        [
          160.66137566137564,
          330.1587301587301
        ],
        [
          170.18518518518516,
          330.1587301587301
        ],
        [
          174.94708994708992,
          336.5079365079365
        ],
        [
          185.0,
          335.97883597883595
        ],
        [
          186.05820105820106,
          344.4444444444444
        ],
        [
          218.86243386243382,
          382.53968253968253
        ],
        [
          223.09523809523807,
          398.94179894179894
        ],
        [
          188.7037037037037,
          406.3492063492063
        ],
        [
          187.64550264550263,
          420.6349206349206
        ],
        [
          221.5079365079365,
          428.042328042328
        ],
        [
          235.26455026455022,
          398.4126984126984
        ],
        [
          221.5079365079365,
          380.4232804232804
        ],
        [
          209.86772486772486,
          347.0899470899471
        ],
        [
          213.57142857142856,
          343.9153439153439
        ],
        [
          238.43915343915342,
          353.9682539682539
        ],
        [
          234.73544973544972,
          123.8095238095238
        ],
        [
          226.79894179894177,
          123.28042328042328
        ]
      ],
      "group_id": null,
      "shape_type": "polygon",
      "flags": {}
    },
    {
      "label": "fabric03",
      "points": [
        [
          417.8042328042328,
          509.5238095238095
        ],
        [
          173.35978835978835,
          428.042328042328
        ],
        [
          171.77248677248673,
          436.5079365079365
        ],
        [
          158.54497354497352,
          438.0952380952381
        ],
        [
          159.07407407407408,
          431.7460317460317
        ],
        [
          72.83068783068782,
          438.0952380952381
        ],
        [
          34.73544973544972,
          435.97883597883595
        ],
        [
          1.4021164021163912,
          441.26984126984127
        ],
        [
          1,
          511
        ]
      ],
      "group_id": null,
      "shape_type": "polygon",
      "flags": {}
    },
    {
      "label": "fabric04",
      "points": [
        [
          0.0,
          410.0
        ],
        [
          53.783068783068785,
          402.11640211640207
        ],
        [
          60.661375661375644,
          394.7089947089947
        ],
        [
          54.31216931216929,
          388.88888888888886
        ],
        [
          58.01587301587301,
          387.3015873015873
        ],
        [
          68.5978835978836,
          387.3015873015873
        ],
        [
          82.88359788359787,
          377.77777777777777
        ],
        [
          88.17460317460316,
          380.9523809523809
        ],
        [
          74.94708994708992,
          389.4179894179894
        ],
        [
          81.82539682539681,
          400.0
        ],
        [
          106.69312169312167,
          396.29629629629625
        ],
        [
          160.66137566137564,
          400.0
        ],
        [
          186.05820105820106,
          406.87830687830683
        ],
        [
          221.5079365079365,
          399.47089947089944
        ],
        [
          217.27513227513225,
          379.36507936507934
        ],
        [
          186.05820105820106,
          344.4444444444444
        ],
        [
          186.05820105820106,
          336.5079365079365
        ],
        [
          176.00529100529099,
          337.037037037037
        ],
        [
          170.18518518518516,
          330.1587301587301
        ],
        [
          28.386243386243365,
          332.27513227513225
        ],
        [
          28.915343915343897,
          320.1058201058201
        ],
        [
          0.3439153439153415,
          336.5079365079365
        ]
      ],
      "group_id": null,
      "shape_type": "polygon",
      "flags": {}
    },
    {
      "label": "glass01",
      "points": [
        [
          129.97354497354496,
          188.88888888888889
        ],
        [
          128.9153439153439,
          238.09523809523807
        ],
        [
          151.13756613756613,
          237.037037037037
        ],
        [
          150.60846560846556,
          187.83068783068782
        ]
      ],
      "group_id": null,
      "shape_type": "polygon",
      "flags": {}
    },
    {
      "label": "glass02",
      "points": [
        [
          128.9153439153439,
          242.85714285714283
        ],
        [
          128.9153439153439,
          289.9470899470899
        ],
        [
          151.13756613756613,
          288.88888888888886
        ],
        [
          150.07936507936506,
          242.3280423280423
        ]
      ],
      "group_id": null,
      "shape_type": "polygon",
      "flags": {}
    },
    {
      "label": "glass03",
      "points": [
        [
          128.9153439153439,
          296.8253968253968
        ],
        [
          128.9153439153439,
          327.5132275132275
        ],
        [
          151.13756613756613,
          328.042328042328
        ],
        [
          150.60846560846556,
          294.7089947089947
        ]
      ],
      "group_id": null,
      "shape_type": "polygon",
      "flags": {}
    },
    {
      "label": "glass04",
      "points": [
        [
          1.9312169312169232,
          180.4232804232804
        ],
        [
          20.978835978835974,
          182.53968253968253
        ],
        [
          20.449735449735442,
          233.86243386243385
        ],
        [
          0.8730158730158593,
          232.27513227513225
        ]
      ],
      "group_id": null,
      "shape_type": "polygon",
      "flags": {}
    },
    {
      "label": "glass05",
      "points": [
        [
          1.9312169312169232,
          237.56613756613754
        ],
        [
          20.978835978835974,
          238.09523809523807
        ],
        [
          20.449735449735442,
          287.3015873015873
        ],
        [
          0,
          287
        ]
      ],
      "group_id": null,
      "shape_type": "polygon",
      "flags": {}
    },
    {
      "label": "glass06",
      "points": [
        [
          1.9312169312169232,
          293.1216931216931
        ],
        [
          20.449735449735442,
          292.06349206349205
        ],
        [
          18.862433862433846,
          322.75132275132273
        ],
        [
          1.4021164021163912,
          336.5079365079365
        ]
      ],
      "group_id": null,
      "shape_type": "polygon",
      "flags": {}
    }
  ],
  "imagePath": "1010.jpg",
  "imageData": "",
  "imageHeight": 512,
  "imageWidth": 512
}
