{
  "version": "4.5.6",
  "flags": {},
  "shapes": [
    {
      "label": "fabric01",
      "points": [
        [
          141.6137566137566,
          90.47619047619047
        ],
        [
          174.94708994708992,
          89.41798941798942
        ],
        [
          165.9523809523809,
          180.4232804232804
        ],
        [
          153.78306878306876,
          178.83597883597884
        ],
        [
          144.25925925925924,
          130.68783068783068
        ]
      ],
      "group_id": null,
      "shape_type": "polygon",
      "flags": {}
    },
    {
      "label": "fabric02",
      "points": [
        [
          329.97354497354496,
          94.17989417989418
        ],
        [
          336.3227513227513,
          89.94708994708994
        ],
        [
          363.8359788359788,
          90.47619047619047
        ],
        [
          363.3068783068783,
          279.8941798941799
        ],
        [
          358.5449735449735,
          286.77248677248673
        ],
        [
          326.79894179894177,
          293.6507936507936
        ]
      ],
      "group_id": null,
      "shape_type": "polygon",
      "flags": {}
    },
    {
      "label": "plastic01",
      "points": [
        [
          141.6137566137566,
          183.5978835978836
        ],
        [
          151.13756613756613,
          179.89417989417987
        ],
        [
          182.3544973544973,
          181.48148148148147
        ],
        [
          186.58730158730157,
          351.85185185185185
        ],
        [
          182.3544973544973,
          351.3227513227513
        ],
        [
          180.76719576719574,
          297.8835978835979
        ],
        [
          141.08465608465605,
          298.4126984126984
        ]
      ],
      "group_id": null,
      "shape_type": "polygon",
      "flags": {}
    },
    {
      "label": "fabric03",
      "points": [
        [
          354.31216931216926,
          310.5820105820106
        ],
        [
          409.3386243386243,
          347.6190476190476
        ],
        [
          447.96296296296293,
          335.44973544973544
        ],
        [
          452.1957671957672,
          312.16931216931215
        ],
        [
          449.02116402116394,
          305.8201058201058
        ],
        [
          436.3227513227513,
          302.64550264550263
        ],
        [
          422.03703703703695,
          294.1798941798942
        ],
        [
          407.75132275132273,
          287.8306878306878
        ],
        [
          397.69841269841265,
          281.48148148148147
        ],
        [
          387.11640211640207,
          282.53968253968253
        ],
        [
          371.2433862433862,
          275.13227513227514
        ],
        [
          364.89417989417984,
          277.77777777777777
        ]
      ],
      "group_id": null,
      "shape_type": "polygon",
      "flags": {}
    },
    {
      "label": "fabric04",
      "points": [
        [
          415.1587301587301,
          275.66137566137564
        ],
        [
          407.75132275132273,
          287.3015873015873
        ],
        [
          460.6613756613756,
          312.16931216931215
        ],
        [
          471.7724867724868,
          310.5820105820106
        ],
        [
          474.41798941798936,
          300.5291005291005
        ],
        [
          469.1269841269841,
          291.5343915343915
        ],
        [
          440.55555555555554,
          280.4232804232804
        ],
        [
          435.7936507936507,
          284.1269841269841
        ]
      ],
      "group_id": null,
      "shape_type": "polygon",
      "flags": {}
    },
    {
      "label": "fabric05",
      "points": [
        [
          299.8148148148148,
          294.7089947089947
        ],
        [
          301.40211640211635,
          309.5238095238095
        ],
        [
          354.31216931216926,
          312.16931216931215
        ],
        [
          360.1322751322751,
          286.2433862433862
        ],
        [
          326.26984126984127,
          294.1798941798942
        ]
      ],
      "group_id": null,
      "shape_type": "polygon",
      "flags": {}
    },
    {
      "label": "fabric06",
      "points": [
        [
          375.4761904761904,
          358.73015873015873
        ],
        [
          376.005291005291,
          374.0740740740741
        ],
        [
          387.64550264550263,
          388.35978835978835
        ],
        [
          451.13756613756607,
          384.65608465608466
        ],
        [
          451.13756613756607,
          367.1957671957672
        ],
        [
          491.87830687830683,
          362.43386243386243
        ],
        [
          491.34920634920627,
          331.2169312169312
        ],
        [
          469.65608465608466,
          316.9312169312169
        ],
        [
          453.2539682539682,
          320.1058201058201
        ],
        [
          450.07936507936506,
          335.97883597883595
        ]
      ],
      "group_id": null,
      "shape_type": "polygon",
      "flags": {}
    },
    {
      "label": "fabric07",
      "points": [
        [
          280.2380952380952,
          317.989417989418
        ],
        [
          281.29629629629625,
          342.32804232804233
        ],
        [
          293.99470899470896,
          372.48677248677245
        ],
        [
          333.1481481481481,
          370.3703703703703
        ],
        [
          384.47089947089944,
          440.2116402116402
        ],
        [
          420.4497354497354,
          439.15343915343914
        ],
        [
          420.97883597883595,
          416.40211640211635
        ],
        [
          451.13756613756607,
          414.8148148148148
        ],
        [
          450.6084656084656,
          386.2433862433862
        ],
        [
          388.7037037037037,
          388.88888888888886
        ],
        [
          374.41798941798936,
          375.1322751322751
        ],
        [
          374.9470899470899,
          358.2010582010582
        ],
        [
          410.92592592592587,
          348.14814814814815
        ],
        [
          353.78306878306876,
          310.5820105820106
        ]
      ],
      "group_id": null,
      "shape_type": "polygon",
      "flags": {}
    },
    {
      "label": "wood01",
      "points": [
        [
          70.18518518518516,
          258.2010582010582
        ],
        [
          140.026455026455,
          257.67195767195767
        ],
        [
          147.43386243386243,
          453.9682539682539
        ],
        [
          123.6243386243386,
          508.99470899470896
        ],
        [
          118.33333333333331,
          509.5238095238095
        ],
        [
          114.10052910052909,
          413.2275132275132
        ],
        [
          35.793650793650784,
          413.7566137566137
        ],
        [
          33.14814814814815,
          272.48677248677245
        ]
      ],
      "group_id": null,
      "shape_type": "polygon",
      "flags": {}
    },
    {
      "label": "wood02",
      "points": [
        [
          140.55555555555554,
          300.0
        ],
        [
          179.17989417989418,
          298.94179894179894
        ],
        [
          181.2962962962963,
          361.90476190476187
        ],
        [
          173.88888888888886,
          367.1957671957672
        ],
        [
          146.90476190476187,
          430.6878306878307
        ]
      ],
      "group_id": null,
      "shape_type": "polygon",
      "flags": {}
    },
    {
      "label": "glass01",
      "points": [
        [
          197.69841269841265,
          142.32804232804233
        ],
        [
          199.81481481481478,
          295.23809523809524
        ],
        [
          217.80423280423275,
          294.7089947089947
        ],
        [
          217.27513227513225,
          141.7989417989418
        ]
      ],
      "group_id": null,
      "shape_type": "polygon",
      "flags": {}
    },
    {
      "label": "glass02",
      "points": [
        [
          232.0899470899471,
          143.9153439153439
        ],
        [
          234.73544973544972,
          294.7089947089947
        ],
        [
          254.31216931216926,
          294.1798941798942
        ],
        [
          253.78306878306876,
          144.97354497354496
        ]
      ],
      "group_id": null,
      "shape_type": "polygon",
      "flags": {}
    },
    {
      "label": "glass03",
      "points": [
        [
          307.75132275132273,
          140.74074074074073
        ],
        [
          309.3386243386243,
          294.1798941798942
        ],
        [
          326.79894179894177,
          293.6507936507936
        ],
        [
          327.3280423280423,
          141.7989417989418
        ]
      ],
      "group_id": null,
      "shape_type": "polygon",
      "flags": {}
    },
    {
      "label": "glass04",
      "points": [
        [
          268.5978835978836,
          134.39153439153438
        ],
        [
          271.77248677248673,
          307.9365079365079
        ],
        [
          299.8148148148148,
          306.87830687830683
        ],
        [
          297.69841269841265,
          134.39153439153438
        ]
      ],
      "group_id": null,
      "shape_type": "polygon",
      "flags": {}
    },
    {
      "label": "wood03",
      "points": [
        [
          186.05820105820106,
          115.34391534391534
        ],
        [
          189.2328042328042,
          346.5608465608465
        ],
        [
          228.38624338624334,
          344.4444444444444
        ],
        [
          262.2486772486772,
          337.037037037037
        ],
        [
          262.77777777777777,
          293.1216931216931
        ],
        [
          199.81481481481478,
          297.8835978835979
        ],
        [
          198.2275132275132,
          141.26984126984127
        ],
        [
          253.78306878306876,
          143.38624338624336
        ],
        [
          260.1322751322751,
          143.38624338624336
        ],
        [
          260.66137566137564,
          129.1005291005291
        ],
        [
          240.55555555555554,
          124.86772486772486
        ],
        [
          296.6402116402116,
          123.28042328042328
        ],
        [
          300.34391534391534,
          294.1798941798942
        ],
        [
          309.3386243386243,
          293.6507936507936
        ],
        [
          306.16402116402116,
          140.2116402116402
        ],
        [
          327.3280423280423,
          142.32804232804233
        ],
        [
          328.38624338624334,
          113.75661375661375
        ]
      ],
      "group_id": null,
      "shape_type": "polygon",
      "flags": {}
    }
  ],
  "imagePath": "1.jpg",
  "imageData": "",
  "imageHeight": 512,
  "imageWidth": 512
}
