{
  "version": "3.20.1",
  "flags": {},
  "shapes": [
    {
      "label": "fabric01",
      "line_color": null,
      "fill_color": null,
      "points": [
        [
          87.83597883597884,
          174.60317460317458
        ],
        [
          110.05820105820106,
          170.89947089947088
        ],
        [
          108.47089947089944,
          340.2116402116402
        ],
        [
          81.48677248677245,
          334.3915343915344
        ],
        [
          83.07407407407408,
          230.15873015873015
        ],
        [
          84.13227513227514,
          192.59259259259258
        ]
      ],
      "shape_type": "polygon",
      "flags": {}
    },
    {
      "label": "fabric02",
      "line_color": null,
      "fill_color": null,
      "points": [
        [
          156.6190476190476,
          162.96296296296296
        ],
        [
          155.03174603174602,
          214.8148148148148
        ],
        [
          150.79894179894177,
          350.2645502645502
        ],
        [
          179.37037037037032,
          354.4973544973545
        ],
        [
          180.4285714285714,
          325.39682539682536
        ],
        [
          187.30687830687827,
          319.04761904761904
        ],
        [
          207.41269841269838,
          318.5185185185185
        ],
        [
          224.87301587301585,
          320.1058201058201
        ],
        [
          229.6349206349206,
          323.8095238095238
        ],
        [
          229.6349206349206,
          329.6296296296296
        ],
        [
          236.5132275132275,
          326.984126984127
        ],
        [
          250.26984126984127,
          328.042328042328
        ],
        [
          250.79894179894177,
          301.58730158730157
        ],
        [
          231.75132275132273,
          300.0
        ],
        [
          250.79894179894177,
          274.0740740740741
        ],
        [
          251.32804232804227,
          172.48677248677248
        ],
        [
          209.0,
          157.67195767195767
        ],
        [
          198.41798941798942,
          157.67195767195767
        ],
        [
          188.36507936507934,
          156.08465608465607
        ],
        [
          163.49735449735448,
          162.43386243386243
        ]
      ],
      "shape_type": "polygon",
      "flags": {}
    },
    {
      "label": "fabric03",
      "line_color": null,
      "fill_color": null,
      "points": [
        [
          392.068783068783,
          124.86772486772486
        ],
        [
          386.24867724867715,
          330.6878306878307
        ],
        [
          406.3544973544973,
          333.3333333333333
        ],
        [
          414.29100529100526,
          338.6243386243386
        ],
        [
          418.5238095238095,
          341.79894179894177
        ],
        [
          416.93650793650795,
          393.1216931216931
        ],
        [
          422.75661375661366,
          377.77777777777777
        ],
        [
          428.04761904761904,
          305.29100529100526
        ],
        [
          430.6931216931216,
          301.05820105820106
        ],
        [
          455.031746031746,
          300.5291005291005
        ],
        [
          492.59788359788354,
          303.7037037037037
        ],
        [
          493.65608465608466,
          102.11640211640211
        ]
      ],
      "shape_type": "polygon",
      "flags": {}
    },
    {
      "label": "fabric04",
      "line_color": null,
      "fill_color": null,
      "points": [
        [
          27.518518518518505,
          507.9365079365079
        ],
        [
          44.978835978835974,
          492.59259259259255
        ],
        [
          74.07936507936506,
          478.8359788359788
        ],
        [
          81.48677248677245,
          491.005291005291
        ],
        [
          97.88888888888886,
          468.2539682539682
        ],
        [
          114.82010582010582,
          473.015873015873
        ],
        [
          116.9365079365079,
          485.71428571428567
        ],
        [
          128.04761904761904,
          484.6560846560846
        ],
        [
          129.1058201058201,
          473.015873015873
        ],
        [
          120.11111111111109,
          462.43386243386243
        ],
        [
          120.64021164021165,
          451.3227513227513
        ],
        [
          132.8095238095238,
          446.5608465608465
        ],
        [
          154.50264550264546,
          458.7301587301587
        ],
        [
          168.78835978835974,
          438.6243386243386
        ],
        [
          175.66666666666663,
          425.39682539682536
        ],
        [
          193.1269841269841,
          422.2222222222222
        ],
        [
          174.60846560846556,
          384.1269841269841
        ],
        [
          166.1428571428571,
          373.5449735449735
        ],
        [
          152.9153439153439,
          365.07936507936506
        ],
        [
          139.15873015873012,
          360.8465608465608
        ],
        [
          114.29100529100526,
          358.2010582010582
        ],
        [
          101.59259259259255,
          355.026455026455
        ],
        [
          79.37037037037038,
          345.50264550264546
        ],
        [
          64.55555555555554,
          340.7407407407407
        ],
        [
          59.26455026455025,
          339.15343915343914
        ],
        [
          56.08994708994706,
          333.8624338624338
        ],
        [
          45.507936507936506,
          328.042328042328
        ],
        [
          37.04232804232802,
          326.4550264550264
        ],
        [
          29.1058201058201,
          319.57671957671954
        ],
        [
          14.820105820105795,
          314.8148148148148
        ],
        [
          20.111111111111086,
          321.69312169312167
        ],
        [
          22.756613756613746,
          334.3915343915344
        ],
        [
          37.571428571428555,
          334.3915343915344
        ],
        [
          49.74074074074073,
          343.9153439153439
        ],
        [
          51.3280423280423,
          357.1428571428571
        ],
        [
          71.43386243386243,
          357.67195767195767
        ],
        [
          109.5291005291005,
          369.31216931216926
        ],
        [
          134.92592592592592,
          369.31216931216926
        ],
        [
          148.68253968253964,
          377.2486772486772
        ],
        [
          152.9153439153439,
          391.005291005291
        ],
        [
          152.9153439153439,
          404.2328042328042
        ],
        [
          141.27513227513225,
          423.28042328042324
        ],
        [
          124.87301587301585,
          432.80423280423275
        ],
        [
          114.82010582010582,
          437.037037037037
        ],
        [
          101.59259259259255,
          454.4973544973545
        ],
        [
          93.65608465608466,
          455.55555555555554
        ],
        [
          93.65608465608466,
          446.5608465608465
        ],
        [
          92.06878306878303,
          433.3333333333333
        ],
        [
          83.07407407407408,
          430.6878306878307
        ],
        [
          77.78306878306876,
          415.87301587301585
        ],
        [
          63.49735449735448,
          403.7037037037037
        ],
        [
          40.216931216931215,
          395.2380952380952
        ],
        [
          29.1058201058201,
          389.4179894179894
        ],
        [
          16.40740740740739,
          377.77777777777777
        ],
        [
          15.349206349206327,
          371.95767195767195
        ],
        [
          2.650793650793645,
          377.2486772486772
        ],
        [
          0,
          375
        ],
        [
          0,
          510
        ]
      ],
      "shape_type": "polygon",
      "flags": {}
    },
    {
      "label": "fabric05",
      "line_color": null,
      "fill_color": null,
      "points": [
        [
          252.9153439153439,
          171.42857142857142
        ],
        [
          253.4444444444444,
          269.3121693121693
        ],
        [
          275.66666666666663,
          269.3121693121693
        ],
        [
          302.6507936507936,
          296.8253968253968
        ],
        [
          278.31216931216926,
          301.05820105820106
        ],
        [
          278.8412698412698,
          302.64550264550263
        ],
        [
          287.3068783068783,
          310.05291005291
        ],
        [
          287.8359788359788,
          320.1058201058201
        ],
        [
          282.015873015873,
          325.39682539682536
        ],
        [
          343.3915343915344,
          333.8624338624338
        ],
        [
          327.5185185185185,
          350.7936507936508
        ],
        [
          350.79894179894177,
          353.9682539682539
        ],
        [
          357.14814814814815,
          349.7354497354497
        ],
        [
          355.031746031746,
          340.2116402116402
        ],
        [
          358.20634920634916,
          337.037037037037
        ],
        [
          368.25925925925924,
          336.5079365079365
        ],
        [
          374.6084656084656,
          332.80423280423275
        ],
        [
          378.84126984126976,
          335.44973544973544
        ],
        [
          386.7777777777777,
          331.2169312169312
        ],
        [
          390.4814814814814,
          144.44444444444443
        ]
      ],
      "shape_type": "polygon",
      "flags": {}
    },
    {
      "label": "wood01",
      "line_color": null,
      "fill_color": null,
      "points": [
        [
          510.58730158730157,
          397.8835978835979
        ],
        [
          502.6507936507936,
          405.29100529100526
        ],
        [
          465.084656084656,
          402.11640211640207
        ],
        [
          450.79894179894177,
          397.8835978835979
        ],
        [
          451.32804232804233,
          386.2433862433862
        ],
        [
          437.57142857142856,
          380.9523809523809
        ],
        [
          423.2857142857142,
          380.9523809523809
        ],
        [
          396.8306878306878,
          449.7354497354497
        ],
        [
          369.31746031746025,
          508.46560846560845
        ],
        [
          510.058201058201,
          510.05291005291
        ],
        [
          510.58730158730157,
          501.58730158730157
        ],
        [
          423.2857142857142,
          467.1957671957672
        ],
        [
          422.75661375661366,
          457.6719576719576
        ],
        [
          443.9206349206348,
          444.97354497354496
        ],
        [
          511,
          469
        ]
      ],
      "shape_type": "polygon",
      "flags": {}
    },
    {
      "label": "wood02",
      "line_color": null,
      "fill_color": null,
      "points": [
        [
          394.71428571428567,
          450.7936507936508
        ],
        [
          370.37566137566137,
          437.5661375661375
        ],
        [
          355.031746031746,
          425.9259259259259
        ],
        [
          340.7460317460317,
          415.87301587301585
        ],
        [
          310.058201058201,
          388.88888888888886
        ],
        [
          285.7195767195767,
          380.4232804232804
        ],
        [
          273.5502645502645,
          379.36507936507934
        ],
        [
          257.67724867724866,
          385.71428571428567
        ],
        [
          250.79894179894177,
          401.058201058201
        ],
        [
          249.7407407407407,
          415.87301587301585
        ],
        [
          256.6190476190476,
          424.3386243386243
        ],
        [
          252.9153439153439,
          510.5820105820105
        ],
        [
          279.3703703703703,
          510.5820105820105
        ],
        [
          267.7301587301587,
          503.7037037037037
        ],
        [
          266.6719576719576,
          439.68253968253964
        ],
        [
          288.89417989417984,
          468.2539682539682
        ],
        [
          317.46560846560845,
          489.41798941798936
        ],
        [
          342.8624338624338,
          506.87830687830683
        ],
        [
          356,
          511
        ],
        [
          367.2010582010581,
          508.99470899470896
        ],
        [
          341.8042328042328,
          497.8835978835979
        ],
        [
          318.5238095238095,
          483.06878306878303
        ],
        [
          285.7195767195767,
          453.9682539682539
        ],
        [
          269.8465608465608,
          425.9259259259259
        ],
        [
          258.20634920634916,
          408.46560846560845
        ],
        [
          260.3227513227513,
          392.59259259259255
        ],
        [
          280.4285714285714,
          387.3015873015873
        ],
        [
          308.99999999999994,
          400.5291005291005
        ],
        [
          326.9894179894179,
          415.87301587301585
        ],
        [
          325.40211640211635,
          457.6719576719576
        ],
        [
          329.6349206349206,
          458.2010582010582
        ],
        [
          331.75132275132273,
          417.4603174603174
        ],
        [
          362.4391534391534,
          442.3280423280423
        ],
        [
          376.1957671957672,
          449.7354497354497
        ],
        [
          392.59788359788354,
          456.08465608465605
        ]
      ],
      "shape_type": "polygon",
      "flags": {}
    },
    {
      "label": "wood03",
      "line_color": null,
      "fill_color": null,
      "points": [
        [
          1.063492063492049,
          302.64550264550263
        ],
        [
          43.92063492063491,
          297.3544973544973
        ],
        [
          73.021164021164,
          301.05820105820106
        ],
        [
          69.3174603174603,
          303.7037037037037
        ],
        [
          68.7883597883598,
          330.1587301587301
        ],
        [
          57.677248677248656,
          327.5132275132275
        ],
        [
          44.44973544973544,
          324.3386243386243
        ],
        [
          34.925925925925924,
          320.6349206349206
        ],
        [
          21.69841269841268,
          313.7566137566137
        ],
        [
          12.703703703703695,
          313.2275132275132
        ],
        [
          7.412698412698404,
          315.34391534391534
        ],
        [
          2.121693121693113,
          318.5185185185185
        ]
      ],
      "shape_type": "polygon",
      "flags": {}
    },
    {
      "label": "wood04",
      "line_color": null,
      "fill_color": null,
      "points": [
        [
          257.67724867724866,
          329.6296296296296
        ],
        [
          240.2169312169312,
          328.57142857142856
        ],
        [
          230.69312169312167,
          328.042328042328
        ],
        [
          215.87830687830683,
          333.8624338624338
        ],
        [
          215.87830687830683,
          325.9259259259259
        ],
        [
          194.18518518518516,
          326.984126984127
        ],
        [
          186.2486772486772,
          330.1587301587301
        ],
        [
          187.30687830687827,
          362.43386243386243
        ],
        [
          184.66137566137564,
          407.9365079365079
        ],
        [
          191.01058201058197,
          377.2486772486772
        ],
        [
          197.35978835978835,
          377.2486772486772
        ],
        [
          199.47619047619042,
          424.3386243386243
        ],
        [
          203.17989417989418,
          382.01058201058197
        ],
        [
          221.16931216931215,
          383.06878306878303
        ],
        [
          222.2275132275132,
          403.17460317460313
        ],
        [
          227.51851851851848,
          383.06878306878303
        ],
        [
          237.57142857142856,
          387.8306878306878
        ],
        [
          244.97883597883595,
          386.77248677248673
        ],
        [
          243.92063492063488,
          411.6402116402116
        ],
        [
          234.92592592592592,
          419.04761904761904
        ],
        [
          233.86772486772486,
          427.5132275132275
        ],
        [
          255.56084656084653,
          432.80423280423275
        ],
        [
          256.0899470899471,
          424.3386243386243
        ],
        [
          250.26984126984127,
          416.9312169312169
        ],
        [
          248.68253968253964,
          373.015873015873
        ],
        [
          247.09523809523807,
          366.1375661375661
        ],
        [
          230.69312169312167,
          357.1428571428571
        ],
        [
          230.69312169312167,
          351.3227513227513
        ],
        [
          307.94179894179894,
          360.8465608465608
        ],
        [
          340.21693121693113,
          335.44973544973544
        ],
        [
          283.074074074074,
          329.6296296296296
        ],
        [
          278.8412698412698,
          334.3915343915344
        ],
        [
          276.7248677248677,
          342.85714285714283
        ],
        [
          258.7354497354497,
          343.9153439153439
        ]
      ],
      "shape_type": "polygon",
      "flags": {}
    }
  ],
  "lineColor": [
    0,
    255,
    0,
    128
  ],
  "fillColor": [
    255,
    0,
    0,
    128
  ],
  "imagePath": "..\\pic\\869.jpg",
  "imageData": "",
  "imageHeight": 512,
  "imageWidth": 512
}
