{
  "version": "3.20.1",
  "flags": {},
  "shapes": [
    {
      "label": "fabric01",
      "line_color": null,
      "fill_color": null,
      "points": [
        [
          4.021739130434781,
          38.04347826086956
        ],
        [
          15.978260869565219,
          12.5
        ],
        [
          25.217391304347814,
          18.478260869565215
        ],
        [
          89.89130434782606,
          108.15217391304347
        ],
        [
          136.08695652173913,
          155.97826086956522
        ],
        [
          135.0,
          236.95652173913044
        ],
        [
          136.08695652173913,
          267.39130434782606
        ],
        [
          145.8695652173913,
          267.9347826086956
        ],
        [
          156.195652173913,
          278.2608695652174
        ],
        [
          176.30434782608694,
          291.30434782608694
        ],
        [
          169.23913043478257,
          195.1086956521739
        ],
        [
          157.82608695652175,
          149.45652173913044
        ],
        [
          158.3695652173913,
          3.260869565217391
        ],
        [
          1.3043478260869392,
          0.0
        ],
        [
          0,
          32
        ]
      ],
      "shape_type": "polygon",
      "flags": {}
    },
    {
      "label": "glass01",
      "line_color": null,
      "fill_color": null,
      "points": [
        [
          1.3043478260869392,
          297.82608695652175
        ],
        [
          64.3478260869565,
          283.695652173913
        ],
        [
          53.47826086956522,
          58.69565217391304
        ],
        [
          26.30434782608694,
          16.304347826086957
        ],
        [
          14.347826086956502,
          11.956521739130434
        ],
        [
          4.565217391304344,
          38.04347826086956
        ],
        [
          0.7608695652173765,
          31.52173913043478
        ]
      ],
      "shape_type": "polygon",
      "flags": {}
    },
    {
      "label": "glass02",
      "line_color": null,
      "fill_color": null,
      "points": [
        [
          88.26086956521738,
          112.5
        ],
        [
          90.97826086956522,
          189.67391304347825
        ],
        [
          125.21739130434781,
          184.78260869565216
        ],
        [
          121.41304347826087,
          141.8478260869565
        ]
      ],
      "shape_type": "polygon",
      "flags": {}
    },
    {
      "label": "glass03",
      "line_color": null,
      "fill_color": null,
      "points": [
        [
          92.60869565217388,
          221.19565217391303
        ],
        [
          94.23913043478262,
          276.0869565217391
        ],
        [
          127.93478260869563,
          270.65217391304344
        ],
        [
          126.8478260869565,
          220.65217391304347
        ]
      ],
      "shape_type": "polygon",
      "flags": {}
    },
    {
      "label": "fabric02",
      "line_color": null,
      "fill_color": null,
      "points": [
        [
          7.282608695652158,
          354.3478260869565
        ],
        [
          8.369565217391283,
          391.8478260869565
        ],
        [
          305.1086956521739,
          463.04347826086956
        ],
        [
          356.7391304347826,
          458.695652173913
        ],
        [
          501.3043478260869,
          353.80434782608694
        ],
        [
          511,
          344
        ],
        [
          508.9130434782609,
          265.7608695652174
        ],
        [
          330.1086956521739,
          245.65217391304347
        ],
        [
          305.1086956521739,
          244.56521739130434
        ],
        [
          253.4782608695652,
          278.2608695652174
        ]
      ],
      "shape_type": "polygon",
      "flags": {}
    },
    {
      "label": "plastic01",
      "line_color": null,
      "fill_color": null,
      "points": [
        [
          219.23913043478257,
          185.32608695652172
        ],
        [
          279.5652173913043,
          179.8913043478261
        ],
        [
          261.0869565217391,
          153.80434782608694
        ],
        [
          232.82608695652175,
          152.7173913043478
        ]
      ],
      "shape_type": "polygon",
      "flags": {}
    },
    {
      "label": "wood01",
      "line_color": null,
      "fill_color": null,
      "points": [
        [
          509.4565217391304,
          222.28260869565216
        ],
        [
          224.67391304347825,
          209.78260869565216
        ],
        [
          228.4782608695652,
          257.6086956521739
        ],
        [
          201.30434782608694,
          257.6086956521739
        ],
        [
          201.30434782608694,
          265.7608695652174
        ],
        [
          227.93478260869563,
          269.5652173913043
        ],
        [
          230.10869565217388,
          280.9782608695652
        ],
        [
          251.30434782608694,
          277.17391304347825
        ],
        [
          299.1304347826087,
          244.02173913043478
        ],
        [
          329.02173913043475,
          243.47826086956522
        ],
        [
          511,
          264
        ]
      ],
      "shape_type": "polygon",
      "flags": {}
    },
    {
      "label": "wood02",
      "line_color": null,
      "fill_color": null,
      "points": [
        [
          1.847826086956502,
          391.8478260869565
        ],
        [
          1.847826086956502,
          423.3695652173913
        ],
        [
          50.217391304347814,
          441.30434782608694
        ],
        [
          50.217391304347814,
          486.4130434782609
        ],
        [
          108.91304347826087,
          510.86956521739125
        ],
        [
          403.47826086956525,
          509.23913043478257
        ],
        [
          506.195652173913,
          414.67391304347825
        ],
        [
          510.0,
          352.7173913043478
        ],
        [
          362.71739130434776,
          458.695652173913
        ],
        [
          308.9130434782609,
          461.4130434782609
        ]
      ],
      "shape_type": "polygon",
      "flags": {}
    }
  ],
  "lineColor": [
    0,
    255,
    0,
    128
  ],
  "fillColor": [
    255,
    0,
    0,
    128
  ],
  "imagePath": "..\\pic\\599.jpg",
  "imageData": "",
  "imageHeight": 512,
  "imageWidth": 512
}
