{
  "version": "4.5.6",
  "flags": {},
  "shapes": [
    {
      "label": "glass01",
      "points": [
        [
          106.16402116402114,
          183.06878306878306
        ],
        [
          140.026455026455,
          184.65608465608463
        ],
        [
          143.20105820105817,
          300.0
        ],
        [
          141.6137566137566,
          308.46560846560845
        ],
        [
          136.32275132275132,
          298.94179894179894
        ],
        [
          109.86772486772486,
          302.11640211640207
        ],
        [
          107.75132275132273,
          275.13227513227514
        ],
        [
          113.57142857142856,
          270.3703703703704
        ],
        [
          108.28042328042326,
          258.73015873015873
        ],
        [
          111.98412698412696,
          247.6190476190476
        ],
        [
          108.28042328042326,
          249.73544973544972
        ]
      ],
      "group_id": null,
      "shape_type": "polygon",
      "flags": {}
    },
    {
      "label": "glass02",
      "points": [
        [
          149.55026455026456,
          186.24338624338623
        ],
        [
          178.65079365079362,
          187.83068783068782
        ],
        [
          181.2962962962963,
          313.2275132275132
        ],
        [
          176.00529100529099,
          314.8148148148148
        ],
        [
          176.5343915343915,
          304.76190476190476
        ],
        [
          168.06878306878303,
          295.76719576719574
        ],
        [
          164.8941798941799,
          297.8835978835979
        ],
        [
          159.07407407407408,
          294.1798941798942
        ],
        [
          150.60846560846556,
          257.1428571428571
        ]
      ],
      "group_id": null,
      "shape_type": "polygon",
      "flags": {}
    },
    {
      "label": "glass03",
      "points": [
        [
          188.7037037037037,
          187.83068783068782
        ],
        [
          214.62962962962962,
          189.94708994708992
        ],
        [
          216.2169312169312,
          307.4074074074074
        ],
        [
          190.29100529100526,
          310.05291005291
        ]
      ],
      "group_id": null,
      "shape_type": "polygon",
      "flags": {}
    },
    {
      "label": "glass04",
      "points": [
        [
          222.56613756613757,
          191.00529100529099
        ],
        [
          246.37566137566137,
          192.06349206349205
        ],
        [
          246.90476190476187,
          305.29100529100526
        ],
        [
          225.2116402116402,
          308.46560846560845
        ]
      ],
      "group_id": null,
      "shape_type": "polygon",
      "flags": {}
    },
    {
      "label": "glass05",
      "points": [
        [
          254.31216931216926,
          192.59259259259258
        ],
        [
          274.9470899470899,
          194.17989417989418
        ],
        [
          276.5343915343915,
          277.2486772486772
        ],
        [
          264.89417989417984,
          268.78306878306876
        ],
        [
          260.1322751322751,
          271.95767195767195
        ],
        [
          263.3068783068783,
          303.7037037037037
        ],
        [
          255.37037037037032,
          304.2328042328042
        ]
      ],
      "group_id": null,
      "shape_type": "polygon",
      "flags": {}
    },
    {
      "label": "glass06",
      "points": [
        [
          282.8835978835979,
          194.17989417989418
        ],
        [
          300.87301587301585,
          195.2380952380952
        ],
        [
          301.40211640211635,
          296.2962962962963
        ],
        [
          290.29100529100526,
          297.8835978835979
        ],
        [
          287.11640211640207,
          290.4761904761905
        ],
        [
          287.64550264550263,
          284.1269841269841
        ],
        [
          284.47089947089944,
          278.3068783068783
        ]
      ],
      "group_id": null,
      "shape_type": "polygon",
      "flags": {}
    },
    {
      "label": "wood01",
      "points": [
        [
          40.02645502645501,
          308.46560846560845
        ],
        [
          87.64550264550263,
          303.17460317460313
        ],
        [
          88.17460317460316,
          308.99470899470896
        ],
        [
          68.5978835978836,
          312.16931216931215
        ],
        [
          71.77248677248676,
          357.67195767195767
        ],
        [
          72.30158730158729,
          387.8306878306878
        ],
        [
          4.576719576719569,
          402.64550264550263
        ],
        [
          2.989417989417987,
          387.8306878306878
        ]
      ],
      "group_id": null,
      "shape_type": "polygon",
      "flags": {}
    },
    {
      "label": "wood02",
      "points": [
        [
          141.08465608465605,
          375.66137566137564
        ],
        [
          181.2962962962963,
          367.1957671957672
        ],
        [
          180.23809523809524,
          352.38095238095235
        ],
        [
          136.32275132275132,
          301.05820105820106
        ],
        [
          102.98941798941797,
          302.11640211640207
        ],
        [
          102.98941798941797,
          311.1111111111111
        ],
        [
          108.28042328042326,
          308.46560846560845
        ],
        [
          124.68253968253967,
          332.80423280423275
        ],
        [
          136.85185185185185,
          331.74603174603175
        ]
      ],
      "group_id": null,
      "shape_type": "polygon",
      "flags": {}
    },
    {
      "label": "wood03",
      "points": [
        [
          59.074074074074076,
          392.59259259259255
        ],
        [
          60.661375661375644,
          500.5291005291005
        ],
        [
          87.64550264550263,
          492.59259259259255
        ],
        [
          79.70899470899471,
          461.90476190476187
        ],
        [
          72.83068783068782,
          460.3174603174603
        ],
        [
          68.5978835978836,
          419.04761904761904
        ],
        [
          70.7142857142857,
          415.87301587301585
        ],
        [
          72.30158730158729,
          388.88888888888886
        ]
      ],
      "group_id": null,
      "shape_type": "polygon",
      "flags": {}
    },
    {
      "label": "metal01",
      "points": [
        [
          292.9365079365079,
          346.031746031746
        ],
        [
          281.29629629629625,
          346.031746031746
        ],
        [
          274.4179894179894,
          351.3227513227513
        ],
        [
          278.6507936507936,
          359.25925925925924
        ],
        [
          293.99470899470896,
          362.96296296296293
        ],
        [
          313.042328042328,
          357.67195767195767
        ],
        [
          314.6296296296296,
          352.9100529100529
        ],
        [
          300.34391534391534,
          347.0899470899471
        ]
      ],
      "group_id": null,
      "shape_type": "polygon",
      "flags": {}
    },
    {
      "label": "metal02",
      "points": [
        [
          351.1375661375661,
          375.66137566137564
        ],
        [
          336.85185185185185,
          377.2486772486772
        ],
        [
          330.50264550264546,
          386.2433862433862
        ],
        [
          336.85185185185185,
          396.29629629629625
        ],
        [
          358.015873015873,
          402.11640211640207
        ],
        [
          377.06349206349205,
          400.0
        ],
        [
          384.47089947089944,
          391.005291005291
        ],
        [
          376.005291005291,
          382.53968253968253
        ],
        [
          365.4232804232804,
          378.3068783068783
        ]
      ],
      "group_id": null,
      "shape_type": "polygon",
      "flags": {}
    },
    {
      "label": "fabric01",
      "points": [
        [
          509.86772486772486,
          400.0
        ],
        [
          481.2962962962963,
          416.40211640211635
        ],
        [
          511,
          433
        ],
        [
          511,
          398
        ]
      ],
      "group_id": null,
      "shape_type": "polygon",
      "flags": {}
    },
    {
      "label": "wood04",
      "points": [
        [
          397.1693121693121,
          311.64021164021165
        ],
        [
          397.1693121693121,
          319.04761904761904
        ],
        [
          410.3968253968253,
          321.69312169312167
        ],
        [
          410.3968253968253,
          333.8624338624338
        ],
        [
          398.2275132275132,
          331.74603174603175
        ],
        [
          398.2275132275132,
          340.7407407407407
        ],
        [
          411.984126984127,
          343.9153439153439
        ],
        [
          411.4550264550264,
          353.4391534391534
        ],
        [
          431.031746031746,
          352.9100529100529
        ],
        [
          434.20634920634916,
          325.39682539682536
        ],
        [
          449.5502645502645,
          317.4603174603174
        ],
        [
          450.07936507936506,
          311.1111111111111
        ],
        [
          406.6931216931216,
          300.5291005291005
        ],
        [
          406.6931216931216,
          305.29100529100526
        ]
      ],
      "group_id": null,
      "shape_type": "polygon",
      "flags": {}
    },
    {
      "label": "fabric02",
      "points": [
        [
          372.8306878306878,
          284.1269841269841
        ],
        [
          395.5820105820105,
          286.2433862433862
        ],
        [
          400.34391534391534,
          289.4179894179894
        ],
        [
          409.86772486772486,
          275.13227513227514
        ],
        [
          389.2328042328042,
          260.3174603174603
        ]
      ],
      "group_id": null,
      "shape_type": "polygon",
      "flags": {}
    },
    {
      "label": "fabric03",
      "points": [
        [
          411.4550264550264,
          285.7142857142857
        ],
        [
          416.21693121693113,
          299.47089947089944
        ],
        [
          437.3809523809523,
          300.5291005291005
        ],
        [
          446.37566137566137,
          290.4761904761905
        ],
        [
          431.56084656084647,
          260.3174603174603
        ]
      ],
      "group_id": null,
      "shape_type": "polygon",
      "flags": {}
    },
    {
      "label": "fabric04",
      "points": [
        [
          451.13756613756607,
          284.1269841269841
        ],
        [
          457.48677248677245,
          304.2328042328042
        ],
        [
          490.8201058201058,
          294.1798941798942
        ],
        [
          474.9470899470899,
          265.07936507936506
        ]
      ],
      "group_id": null,
      "shape_type": "polygon",
      "flags": {}
    },
    {
      "label": "wood05",
      "points": [
        [
          309.3386243386243,
          266.1375661375661
        ],
        [
          309.3386243386243,
          301.05820105820106
        ],
        [
          331.031746031746,
          296.8253968253968
        ],
        [
          336.85185185185185,
          284.65608465608466
        ],
        [
          358.015873015873,
          284.1269841269841
        ],
        [
          358.015873015873,
          266.66666666666663
        ]
      ],
      "group_id": null,
      "shape_type": "polygon",
      "flags": {}
    }
  ],
  "imagePath": "10.jpg",
  "imageData": "",
  "imageHeight": 512,
  "imageWidth": 512
}
