{
  "version": "4.5.6",
  "flags": {},
  "shapes": [
    {
      "label": "fabric01",
      "points": [
        [
          1.9312169312169232,
          69.3121693121693
        ],
        [
          33.14814814814815,
          71.95767195767195
        ],
        [
          37.38095238095238,
          243.38624338624336
        ],
        [
          0.8730158730158593,
          245.5026455026455
        ]
      ],
      "group_id": null,
      "shape_type": "polygon",
      "flags": {}
    },
    {
      "label": "fabric02",
      "points": [
        [
          35.26455026455025,
          73.54497354497354
        ],
        [
          145.3174603174603,
          83.06878306878306
        ],
        [
          149.021164021164,
          233.33333333333331
        ],
        [
          36.85185185185185,
          244.44444444444443
        ]
      ],
      "group_id": null,
      "shape_type": "polygon",
      "flags": {}
    },
    {
      "label": "fabric03",
      "points": [
        [
          146.90476190476187,
          82.53968253968253
        ],
        [
          185.0,
          82.53968253968253
        ],
        [
          189.2328042328042,
          231.21693121693121
        ],
        [
          149.55026455026456,
          235.44973544973544
        ]
      ],
      "group_id": null,
      "shape_type": "polygon",
      "flags": {}
    },
    {
      "label": "fabric04",
      "points": [
        [
          69.65608465608463,
          322.22222222222223
        ],
        [
          81.82539682539681,
          322.75132275132273
        ],
        [
          143.20105820105817,
          379.36507936507934
        ],
        [
          136.85185185185185,
          396.8253968253968
        ],
        [
          168.5978835978836,
          432.80423280423275
        ],
        [
          168.06878306878303,
          403.17460317460313
        ],
        [
          177.59259259259255,
          389.9470899470899
        ],
        [
          220.44973544973544,
          377.77777777777777
        ],
        [
          249.5502645502645,
          377.2486772486772
        ],
        [
          249.5502645502645,
          365.07936507936506
        ],
        [
          249.021164021164,
          330.6878306878307
        ],
        [
          245.8465608465608,
          311.1111111111111
        ],
        [
          235.79365079365078,
          294.7089947089947
        ],
        [
          219.92063492063488,
          283.5978835978836
        ],
        [
          168.5978835978836,
          270.3703703703704
        ],
        [
          154.84126984126982,
          260.8465608465608
        ],
        [
          103.5185185185185,
          267.7248677248677
        ],
        [
          81.82539682539681,
          277.77777777777777
        ]
      ],
      "group_id": null,
      "shape_type": "polygon",
      "flags": {}
    },
    {
      "label": "fabric07",
      "points": [
        [
          253.25396825396825,
          203.7037037037037
        ],
        [
          249.021164021164,
          216.9312169312169
        ],
        [
          238.96825396825392,
          253.43915343915342
        ],
        [
          240.55555555555554,
          260.8465608465608
        ],
        [
          237.38095238095235,
          265.07936507936506
        ],
        [
          302.4603174603174,
          280.4232804232804
        ],
        [
          296.1111111111111,
          269.3121693121693
        ],
        [
          310.9259259259259,
          213.2275132275132
        ],
        [
          283.4126984126984,
          211.64021164021162
        ]
      ],
      "group_id": null,
      "shape_type": "polygon",
      "flags": {}
    },
    {
      "label": "fabric08",
      "points": [
        [
          303.5185185185185,
          207.93650793650792
        ],
        [
          336.3227513227513,
          220.63492063492063
        ],
        [
          370.18518518518516,
          217.46031746031744
        ],
        [
          360.1322751322751,
          230.68783068783068
        ],
        [
          349.021164021164,
          258.73015873015873
        ],
        [
          347.43386243386243,
          277.77777777777777
        ],
        [
          347.43386243386243,
          286.2433862433862
        ],
        [
          305.6349206349206,
          278.3068783068783
        ],
        [
          294.5238095238095,
          267.7248677248677
        ],
        [
          310.39682539682536,
          211.1111111111111
        ]
      ],
      "group_id": null,
      "shape_type": "polygon",
      "flags": {}
    },
    {
      "label": "fabric09",
      "points": [
        [
          253.78306878306876,
          352.38095238095235
        ],
        [
          347.96296296296293,
          328.042328042328
        ],
        [
          352.1957671957672,
          305.29100529100526
        ],
        [
          347.96296296296293,
          301.05820105820106
        ],
        [
          373.88888888888886,
          292.06349206349205
        ],
        [
          362.2486772486772,
          277.77777777777777
        ],
        [
          350.07936507936506,
          277.2486772486772
        ],
        [
          349.5502645502645,
          288.35978835978835
        ],
        [
          306.16402116402116,
          277.77777777777777
        ],
        [
          303.5185185185185,
          279.8941798941799
        ],
        [
          233.14814814814815,
          264.55026455026456
        ],
        [
          240.02645502645498,
          252.91005291005288
        ],
        [
          223.09523809523807,
          252.38095238095235
        ],
        [
          199.81481481481478,
          260.3174603174603
        ],
        [
          160.13227513227514,
          260.3174603174603
        ],
        [
          169.1269841269841,
          270.3703703703704
        ],
        [
          222.56613756613757,
          284.1269841269841
        ],
        [
          238.43915343915342,
          294.7089947089947
        ],
        [
          248.4920634920635,
          310.5820105820106
        ],
        [
          249.5502645502645,
          328.57142857142856
        ]
      ],
      "group_id": null,
      "shape_type": "polygon",
      "flags": {}
    },
    {
      "label": "fabric10",
      "points": [
        [
          350.60846560846556,
          217.4603174603174
        ],
        [
          356.4285714285714,
          212.16931216931212
        ],
        [
          359.074074074074,
          220.6349206349206
        ],
        [
          356.95767195767195,
          228.57142857142853
        ],
        [
          346.90476190476187,
          268.78306878306864
        ],
        [
          333.67724867724866,
          267.7248677248675
        ],
        [
          334.7354497354497,
          250.26455026455022
        ]
      ],
      "group_id": null,
      "shape_type": "polygon",
      "flags": {}
    },
    {
      "label": "fabric11",
      "points": [
        [
          393.99470899470896,
          323.28042328042324
        ],
        [
          430.50264550264546,
          318.5185185185185
        ],
        [
          456.9576719576719,
          303.17460317460313
        ],
        [
          469.65608465608466,
          275.66137566137564
        ],
        [
          480.76719576719574,
          279.36507936507934
        ],
        [
          510.92592592592587,
          290.4761904761905
        ],
        [
          511.0,
          317.0
        ],
        [
          511.0,
          483.0
        ],
        [
          486.58730158730157,
          468.78306878306876
        ],
        [
          487.1164021164021,
          444.4444444444444
        ],
        [
          472.8306878306878,
          426.4550264550264
        ],
        [
          395.05291005291,
          387.3015873015873
        ]
      ],
      "group_id": null,
      "shape_type": "polygon",
      "flags": {}
    },
    {
      "label": "wood01",
      "points": [
        [
          257.48677248677245,
          175.66137566137564
        ],
        [
          369.1269841269841,
          184.65608465608463
        ],
        [
          359.074074074074,
          211.64021164021162
        ],
        [
          381.8253968253968,
          216.9312169312169
        ],
        [
          382.8835978835979,
          224.86772486772486
        ],
        [
          376.005291005291,
          230.68783068783068
        ],
        [
          369.6560846560846,
          216.9312169312169
        ],
        [
          336.3227513227513,
          220.63492063492063
        ],
        [
          303.5185185185185,
          206.87830687830686
        ],
        [
          282.8835978835979,
          210.58201058201058
        ],
        [
          258.5449735449735,
          203.7037037037037
        ]
      ],
      "group_id": null,
      "shape_type": "polygon",
      "flags": {}
    },
    {
      "label": "wood02",
      "points": [
        [
          352.1957671957672,
          302.11640211640207
        ],
        [
          379.1798941798941,
          291.5343915343915
        ],
        [
          379.1798941798941,
          298.4126984126984
        ],
        [
          395.5820105820105,
          301.58730158730157
        ],
        [
          400.34391534391534,
          294.7089947089947
        ],
        [
          413.042328042328,
          296.2962962962963
        ],
        [
          413.042328042328,
          303.17460317460313
        ],
        [
          432.08994708994703,
          307.9365079365079
        ],
        [
          437.3809523809523,
          304.76190476190476
        ],
        [
          445.31746031746025,
          306.87830687830683
        ],
        [
          438.4391534391534,
          312.16931216931215
        ],
        [
          426.79894179894177,
          321.16402116402116
        ],
        [
          392.4074074074074,
          323.8095238095238
        ],
        [
          386.058201058201,
          328.57142857142856
        ],
        [
          384.47089947089944,
          378.3068783068783
        ],
        [
          376.005291005291,
          371.95767195767195
        ],
        [
          381.29629629629625,
          328.57142857142856
        ],
        [
          361.7195767195767,
          317.989417989418
        ],
        [
          356.4285714285714,
          326.984126984127
        ],
        [
          349.5502645502645,
          328.57142857142856
        ]
      ],
      "group_id": null,
      "shape_type": "polygon",
      "flags": {}
    },
    {
      "label": "plastic01",
      "points": [
        [
          196.64021164021165,
          192.59259259259258
        ],
        [
          236.3227513227513,
          189.41798941798942
        ],
        [
          226.26984126984127,
          163.4920634920635
        ],
        [
          204.57671957671954,
          163.4920634920635
        ]
      ],
      "group_id": null,
      "shape_type": "polygon",
      "flags": {}
    },
    {
      "label": "plastic02",
      "points": [
        [
          372.8306878306878,
          170.89947089947088
        ],
        [
          359.074074074074,
          208.994708994709
        ],
        [
          388.17460317460313,
          215.87301587301585
        ],
        [
          425.2116402116402,
          216.40211640211638
        ],
        [
          408.80952380952374,
          172.48677248677248
        ]
      ],
      "group_id": null,
      "shape_type": "polygon",
      "flags": {}
    },
    {
      "label": "wood04",
      "points": [
        [
          208.28042328042324,
          199.47089947089947
        ],
        [
          208.8095238095238,
          220.63492063492063
        ],
        [
          212.5132275132275,
          233.86243386243385
        ],
        [
          209.3386243386243,
          246.03174603174602
        ],
        [
          221.5079365079365,
          248.67724867724866
        ],
        [
          219.92063492063488,
          231.21693121693121
        ],
        [
          224.68253968253964,
          209.52380952380952
        ],
        [
          223.09523809523807,
          199.47089947089947
        ]
      ],
      "group_id": null,
      "shape_type": "polygon",
      "flags": {}
    },
    {
      "label": "wood05",
      "points": [
        [
          380.76719576719574,
          231.21693121693121
        ],
        [
          398.7566137566138,
          231.74603174603172
        ],
        [
          401.9312169312169,
          249.73544973544972
        ],
        [
          391.87830687830683,
          275.13227513227514
        ],
        [
          397.1693121693121,
          296.8253968253968
        ],
        [
          391.87830687830683,
          301.58730158730157
        ],
        [
          381.29629629629625,
          297.3544973544973
        ],
        [
          379.1798941798941,
          282.01058201058197
        ],
        [
          381.29629629629625,
          271.4285714285714
        ],
        [
          376.005291005291,
          258.2010582010582
        ],
        [
          376.5343915343915,
          243.9153439153439
        ]
      ],
      "group_id": null,
      "shape_type": "polygon",
      "flags": {}
    },
    {
      "label": "glass01",
      "points": [
        [
          405.10582010582004,
          393.6507936507936
        ],
        [
          365.9523809523809,
          408.46560846560845
        ],
        [
          360.66137566137564,
          414.8148148148148
        ],
        [
          353.2539682539682,
          421.69312169312167
        ],
        [
          384.47089947089944,
          441.79894179894177
        ],
        [
          394.5238095238095,
          435.44973544973544
        ],
        [
          424.68253968253964,
          426.4550264550264
        ],
        [
          431.56084656084647,
          415.87301587301585
        ],
        [
          398.7566137566138,
          398.4126984126984
        ],
        [
          404.04761904761904,
          393.6507936507936
        ],
        [
          473.35978835978835,
          428.042328042328
        ],
        [
          481.82539682539675,
          441.79894179894177
        ],
        [
          485.0,
          452.91005291005285
        ],
        [
          472.8306878306878,
          467.1957671957672
        ],
        [
          445.31746031746025,
          475.1322751322751
        ],
        [
          415.1587301587301,
          474.074074074074
        ],
        [
          389.7619047619047,
          471.4285714285714
        ],
        [
          362.77777777777777,
          458.7301587301587
        ],
        [
          305.1058201058201,
          417.989417989418
        ],
        [
          301.40211640211635,
          403.7037037037037
        ],
        [
          316.7460317460317,
          388.88888888888886
        ],
        [
          338.9682539682539,
          381.48148148148147
        ],
        [
          364.36507936507934,
          381.48148148148147
        ],
        [
          387.64550264550263,
          384.65608465608466
        ]
      ],
      "group_id": null,
      "shape_type": "polygon",
      "flags": {}
    },
    {
      "label": "metal01",
      "points": [
        [
          45.846560846560834,
          271.4285714285714
        ],
        [
          46.375661375661366,
          315.87301587301585
        ],
        [
          56.428571428571416,
          320.1058201058201
        ],
        [
          68.06878306878306,
          317.989417989418
        ],
        [
          81.82539682539681,
          276.7195767195767
        ],
        [
          132.6190476190476,
          261.37566137566137
        ]
      ],
      "group_id": null,
      "shape_type": "polygon",
      "flags": {}
    },
    {
      "label": "fabric05",
      "points": [
        [
          72.83068783068782,
          325.9259259259259
        ],
        [
          76.53439153439152,
          332.80423280423275
        ],
        [
          72.30158730158729,
          348.67724867724866
        ],
        [
          155.37037037037038,
          430.6878306878307
        ],
        [
          169.65608465608466,
          437.5661375661375
        ],
        [
          268.06878306878303,
          412.16931216931215
        ],
        [
          293.46560846560845,
          402.64550264550263
        ],
        [
          314.6296296296296,
          388.35978835978835
        ],
        [
          373.35978835978835,
          364.021164021164
        ],
        [
          369.6560846560846,
          324.3386243386243
        ],
        [
          250.07936507936506,
          351.85185185185185
        ],
        [
          249.021164021164,
          379.36507936507934
        ],
        [
          221.5079365079365,
          377.77777777777777
        ],
        [
          180.23809523809524,
          388.35978835978835
        ],
        [
          168.06878306878303,
          401.058201058201
        ],
        [
          168.5978835978836,
          431.2169312169312
        ],
        [
          135.79365079365078,
          397.3544973544973
        ],
        [
          142.67195767195767,
          378.83597883597884
        ],
        [
          83.94179894179894,
          324.86772486772486
        ]
      ],
      "group_id": null,
      "shape_type": "polygon",
      "flags": {}
    }
  ],
  "imagePath": "63add44.jpg",
  "imageData": "",
  "imageHeight": 512,
  "imageWidth": 512
}
