{
  "version": "4.5.6",
  "flags": {},
  "shapes": [
    {
      "label": "fabric01",
      "points": [
        [
          123.09523809523807,
          95.76719576719576
        ],
        [
          179.17989417989418,
          94.70899470899471
        ],
        [
          177.59259259259255,
          320.6349206349206
        ],
        [
          161.7195767195767,
          321.16402116402116
        ],
        [
          154.84126984126982,
          302.64550264550263
        ],
        [
          140.55555555555554,
          300.0
        ],
        [
          133.14814814814812,
          288.88888888888886
        ],
        [
          120.44973544973544,
          288.35978835978835
        ],
        [
          120.97883597883597,
          224.86772486772486
        ],
        [
          128.9153439153439,
          224.33862433862433
        ],
        [
          134.2063492063492,
          219.57671957671957
        ],
        [
          134.73544973544972,
          193.65079365079364
        ],
        [
          121.5079365079365,
          192.06349206349205
        ]
      ],
      "group_id": null,
      "shape_type": "polygon",
      "flags": {}
    },
    {
      "label": "fabric02",
      "points": [
        [
          321.5079365079365,
          93.65079365079364
        ],
        [
          317.80423280423275,
          283.06878306878303
        ],
        [
          321.5079365079365,
          287.3015873015873
        ],
        [
          322.037037037037,
          293.6507936507936
        ],
        [
          318.8624338624338,
          295.76719576719574
        ],
        [
          320.44973544973544,
          308.46560846560845
        ],
        [
          329.4444444444444,
          314.2857142857143
        ],
        [
          334.7354497354497,
          313.7566137566137
        ],
        [
          334.7354497354497,
          305.8201058201058
        ],
        [
          382.8835978835979,
          306.3492063492063
        ],
        [
          382.8835978835979,
          238.09523809523807
        ],
        [
          350.60846560846556,
          238.09523809523807
        ],
        [
          350.07936507936506,
          203.17460317460316
        ],
        [
          383.4126984126984,
          201.58730158730157
        ],
        [
          380.76719576719574,
          95.23809523809523
        ]
      ],
      "group_id": null,
      "shape_type": "polygon",
      "flags": {}
    },
    {
      "label": "fabric03",
      "points": [
        [
          96.64021164021162,
          304.76190476190476
        ],
        [
          85.0,
          321.16402116402116
        ],
        [
          86.58730158730157,
          350.2645502645502
        ],
        [
          90.29100529100529,
          364.021164021164
        ],
        [
          130.5026455026455,
          365.07936507936506
        ],
        [
          120.97883597883597,
          338.0952380952381
        ],
        [
          110.39682539682539,
          315.87301587301585
        ]
      ],
      "group_id": null,
      "shape_type": "polygon",
      "flags": {}
    },
    {
      "label": "fabric04",
      "points": [
        [
          132.6190476190476,
          301.05820105820106
        ],
        [
          141.08465608465605,
          317.989417989418
        ],
        [
          141.6137566137566,
          341.79894179894177
        ],
        [
          147.43386243386243,
          346.5608465608465
        ],
        [
          161.7195767195767,
          343.38624338624334
        ],
        [
          163.30687830687827,
          329.10052910052906
        ],
        [
          153.78306878306876,
          304.76190476190476
        ]
      ],
      "group_id": null,
      "shape_type": "polygon",
      "flags": {}
    },
    {
      "label": "fabric05",
      "points": [
        [
          304.57671957671954,
          342.85714285714283
        ],
        [
          304.57671957671954,
          355.55555555555554
        ],
        [
          338.4391534391534,
          353.4391534391534
        ],
        [
          337.38095238095235,
          344.4444444444444
        ],
        [
          326.26984126984127,
          337.56613756613757
        ]
      ],
      "group_id": null,
      "shape_type": "polygon",
      "flags": {}
    },
    {
      "label": "fabric06",
      "points": [
        [
          132.6190476190476,
          289.9470899470899
        ],
        [
          101.93121693121691,
          293.6507936507936
        ],
        [
          37.91005291005291,
          321.16402116402116
        ],
        [
          49.021164021164,
          362.43386243386243
        ],
        [
          29.44444444444443,
          363.4920634920635
        ],
        [
          14.629629629629619,
          378.3068783068783
        ],
        [
          15.687830687830683,
          405.29100529100526
        ],
        [
          22.56613756613757,
          411.1111111111111
        ],
        [
          20.449735449735442,
          486.77248677248673
        ],
        [
          158.54497354497352,
          482.53968253968253
        ],
        [
          193.46560846560845,
          388.88888888888886
        ],
        [
          200.87301587301585,
          387.3015873015873
        ],
        [
          200.87301587301585,
          320.6349206349206
        ],
        [
          164.36507936507934,
          321.69312169312167
        ],
        [
          164.8941798941799,
          330.1587301587301
        ],
        [
          162.77777777777777,
          343.38624338624334
        ],
        [
          147.43386243386243,
          347.6190476190476
        ],
        [
          140.55555555555554,
          342.32804232804233
        ],
        [
          141.08465608465605,
          317.4603174603174
        ],
        [
          131.56084656084656,
          301.58730158730157
        ],
        [
          139.49735449735448,
          301.58730158730157
        ]
      ],
      "group_id": null,
      "shape_type": "polygon",
      "flags": {}
    },
    {
      "label": "fabric07",
      "points": [
        [
          133.14814814814812,
          482.53968253968253
        ],
        [
          128.38624338624336,
          492.06349206349205
        ],
        [
          353.78306878306876,
          492.59259259259255
        ],
        [
          307.75132275132273,
          382.53968253968253
        ],
        [
          202.98941798941797,
          382.01058201058197
        ],
        [
          201.4021164021164,
          387.8306878306878
        ],
        [
          194.52380952380952,
          388.88888888888886
        ],
        [
          158.015873015873,
          483.06878306878303
        ]
      ],
      "group_id": null,
      "shape_type": "polygon",
      "flags": {}
    },
    {
      "label": "plastic01",
      "points": [
        [
          410.92592592592587,
          264.55026455026456
        ],
        [
          410.3968253968253,
          303.17460317460313
        ],
        [
          453.78306878306876,
          304.76190476190476
        ],
        [
          453.78306878306876,
          264.55026455026456
        ]
      ],
      "group_id": null,
      "shape_type": "polygon",
      "flags": {}
    },
    {
      "label": "plastic02",
      "points": [
        [
          350.60846560846556,
          206.34920634920633
        ],
        [
          352.1957671957672,
          237.56613756613754
        ],
        [
          389.2328042328042,
          237.56613756613754
        ],
        [
          388.17460317460313,
          205.2910052910053
        ]
      ],
      "group_id": null,
      "shape_type": "polygon",
      "flags": {}
    },
    {
      "label": "wood01",
      "points": [
        [
          337.38095238095235,
          310.05291005291
        ],
        [
          383.94179894179894,
          341.79894179894177
        ],
        [
          465.95238095238096,
          340.7407407407407
        ],
        [
          466.4814814814814,
          474.6031746031746
        ],
        [
          460.13227513227514,
          475.1322751322751
        ],
        [
          455.3703703703703,
          391.5343915343915
        ],
        [
          393.46560846560845,
          392.06349206349205
        ],
        [
          389.2328042328042,
          475.1322751322751
        ],
        [
          383.4126984126984,
          475.1322751322751
        ],
        [
          382.3544973544973,
          390.4761904761904
        ],
        [
          366.48148148148147,
          372.48677248677245
        ],
        [
          366.48148148148147,
          351.85185185185185
        ],
        [
          346.90476190476187,
          350.7936507936508
        ],
        [
          337.38095238095235,
          341.26984126984127
        ]
      ],
      "group_id": null,
      "shape_type": "polygon",
      "flags": {}
    },
    {
      "label": "glass01",
      "points": [
        [
          291.87830687830683,
          144.44444444444443
        ],
        [
          292.4074074074074,
          283.06878306878303
        ],
        [
          306.16402116402116,
          283.06878306878303
        ],
        [
          305.6349206349206,
          146.03174603174602
        ]
      ],
      "group_id": null,
      "shape_type": "polygon",
      "flags": {}
    },
    {
      "label": "glass02",
      "points": [
        [
          258.015873015873,
          150.26455026455025
        ],
        [
          258.5449735449735,
          362.43386243386243
        ],
        [
          279.1798941798942,
          363.4920634920635
        ],
        [
          279.1798941798942,
          150.26455026455025
        ]
      ],
      "group_id": null,
      "shape_type": "polygon",
      "flags": {}
    },
    {
      "label": "glass03",
      "points": [
        [
          224.68253968253964,
          149.2063492063492
        ],
        [
          224.68253968253964,
          363.4920634920635
        ],
        [
          244.78835978835974,
          362.96296296296293
        ],
        [
          244.25925925925924,
          149.2063492063492
        ]
      ],
      "group_id": null,
      "shape_type": "polygon",
      "flags": {}
    },
    {
      "label": "glass04",
      "points": [
        [
          197.69841269841265,
          146.03174603174602
        ],
        [
          197.69841269841265,
          320.1058201058201
        ],
        [
          202.98941798941797,
          320.1058201058201
        ],
        [
          202.98941798941797,
          365.07936507936506
        ],
        [
          212.5132275132275,
          364.021164021164
        ],
        [
          213.042328042328,
          146.03174603174602
        ]
      ],
      "group_id": null,
      "shape_type": "polygon",
      "flags": {}
    }
  ],
  "imagePath": "28.jpg",
  "imageData": "",
  "imageHeight": 512,
  "imageWidth": 512
}
