{
  "version": "3.20.1",
  "flags": {},
  "shapes": [
    {
      "label": "fabric01",
      "line_color": null,
      "fill_color": null,
      "points": [
        [
          2.518518518518505,
          325.9259259259259
        ],
        [
          27.386243386243365,
          308.46560846560845
        ],
        [
          64.95238095238093,
          272.48677248677245
        ],
        [
          84.5291005291005,
          269.3121693121693
        ],
        [
          121.03703703703701,
          273.5449735449735
        ],
        [
          163.8941798941799,
          279.8941798941799
        ],
        [
          188.76190476190476,
          282.53968253968253
        ],
        [
          207.8095238095238,
          291.005291005291
        ],
        [
          219.44973544973544,
          312.16931216931215
        ],
        [
          232.67724867724866,
          361.90476190476187
        ],
        [
          235.85185185185185,
          410.5820105820106
        ],
        [
          235.85185185185185,
          422.2222222222222
        ],
        [
          226.32804232804233,
          429.10052910052906
        ],
        [
          200.9312169312169,
          432.80423280423275
        ],
        [
          194.58201058201058,
          464.021164021164
        ],
        [
          184.5291005291005,
          473.015873015873
        ],
        [
          183.47089947089944,
          484.6560846560846
        ],
        [
          165.48148148148147,
          509.5238095238095
        ],
        [
          0.4021164021163912,
          508.46560846560845
        ]
      ],
      "shape_type": "polygon",
      "flags": {}
    },
    {
      "label": "fabric02",
      "line_color": null,
      "fill_color": null,
      "points": [
        [
          294.05291005291,
          509.5238095238095
        ],
        [
          312.042328042328,
          442.85714285714283
        ],
        [
          305.69312169312167,
          438.6243386243386
        ],
        [
          327.9153439153439,
          357.67195767195767
        ],
        [
          341.6719576719576,
          336.5079365079365
        ],
        [
          347.49206349206344,
          316.9312169312169
        ],
        [
          369.18518518518516,
          308.99470899470896
        ],
        [
          401.46031746031747,
          304.2328042328042
        ],
        [
          445.37566137566137,
          304.2328042328042
        ],
        [
          465.4814814814814,
          317.989417989418
        ],
        [
          488.7619047619047,
          344.97354497354496
        ],
        [
          496.69841269841265,
          357.67195767195767
        ],
        [
          496.69841269841265,
          370.8994708994709
        ],
        [
          511,
          411
        ],
        [
          509.92592592592587,
          510.5820105820105
        ]
      ],
      "shape_type": "polygon",
      "flags": {}
    },
    {
      "label": "plastic01",
      "line_color": null,
      "fill_color": null,
      "points": [
        [
          250.13756613756613,
          219.57671957671957
        ],
        [
          262.83597883597884,
          223.28042328042326
        ],
        [
          289.29100529100526,
          225.3968253968254
        ],
        [
          309.39682539682536,
          223.8095238095238
        ],
        [
          315.2169312169312,
          221.16402116402114
        ],
        [
          302.5185185185185,
          156.6137566137566
        ],
        [
          288.2328042328042,
          155.55555555555554
        ],
        [
          268.65608465608466,
          155.55555555555554
        ],
        [
          265.48148148148147,
          155.55555555555554
        ]
      ],
      "shape_type": "polygon",
      "flags": {}
    },
    {
      "label": "wood01",
      "line_color": null,
      "fill_color": null,
      "points": [
        [
          54.899470899470884,
          238.6243386243386
        ],
        [
          238.49735449735448,
          252.91005291005288
        ],
        [
          239.55555555555554,
          321.16402116402116
        ],
        [
          220.5079365079365,
          321.16402116402116
        ],
        [
          218.92063492063488,
          301.58730158730157
        ],
        [
          206.22222222222223,
          288.35978835978835
        ],
        [
          191.9365079365079,
          280.9523809523809
        ],
        [
          170.24338624338623,
          278.83597883597884
        ],
        [
          133.2063492063492,
          274.6031746031746
        ],
        [
          109.39682539682539,
          271.4285714285714
        ],
        [
          79.76719576719574,
          266.66666666666663
        ],
        [
          60.71957671957671,
          274.6031746031746
        ],
        [
          53.31216931216929,
          280.4232804232804
        ],
        [
          54.37037037037035,
          265.60846560846556
        ],
        [
          50.66666666666666,
          261.90476190476187
        ],
        [
          49.07936507936506,
          240.2116402116402
        ]
      ],
      "shape_type": "polygon",
      "flags": {}
    },
    {
      "label": "wood02",
      "line_color": null,
      "fill_color": null,
      "points": [
        [
          328.4444444444444,
          258.73015873015873
        ],
        [
          326.85714285714283,
          265.60846560846556
        ],
        [
          324.2116402116402,
          332.80423280423275
        ],
        [
          341.6719576719576,
          332.80423280423275
        ],
        [
          348.021164021164,
          318.5185185185185
        ],
        [
          357.5449735449735,
          310.5820105820106
        ],
        [
          390.3492063492063,
          306.3492063492063
        ],
        [
          421.03703703703695,
          303.7037037037037
        ],
        [
          457.015873015873,
          311.1111111111111
        ],
        [
          474.4761904761905,
          328.042328042328
        ],
        [
          498.8148148148148,
          355.55555555555554
        ],
        [
          501.9894179894179,
          266.66666666666663
        ]
      ],
      "shape_type": "polygon",
      "flags": {}
    }
  ],
  "lineColor": [
    0,
    255,
    0,
    128
  ],
  "fillColor": [
    255,
    0,
    0,
    128
  ],
  "imagePath": "..\\pic\\905.jpg",
  "imageData": "",
  "imageHeight": 512,
  "imageWidth": 512
}
