{
  "version": "3.20.1",
  "flags": {},
  "shapes": [
    {
      "label": "fabric01",
      "line_color": null,
      "fill_color": null,
      "points": [
        [
          72.13043478260869,
          1.0869565217391304
        ],
        [
          1.4782608695652186,
          0.5434782608695652
        ],
        [
          0,
          171
        ],
        [
          2.565217391304344,
          185.86956521739128
        ],
        [
          20.5,
          141.8478260869565
        ],
        [
          42.239130434782595,
          93.47826086956522
        ],
        [
          56.913043478260846,
          55.97826086956521
        ],
        [
          72.13043478260869,
          15.217391304347826
        ]
      ],
      "shape_type": "polygon",
      "flags": {}
    },
    {
      "label": "fabric02",
      "line_color": null,
      "fill_color": null,
      "points": [
        [
          270.5,
          64.13043478260869
        ],
        [
          281.3695652173913,
          103.80434782608695
        ],
        [
          308.54347826086956,
          163.58695652173913
        ],
        [
          328.65217391304344,
          202.17391304347825
        ],
        [
          347.13043478260863,
          228.26086956521738
        ],
        [
          340.6086956521739,
          260.8695652173913
        ],
        [
          352.5652173913044,
          265.2173913043478
        ],
        [
          361.2608695652174,
          270.1086956521739
        ],
        [
          377.5652173913044,
          277.17391304347825
        ],
        [
          384.63043478260863,
          279.89130434782606
        ],
        [
          376.47826086956525,
          238.58695652173913
        ],
        [
          375.9347826086956,
          208.15217391304347
        ],
        [
          380.28260869565213,
          165.76086956521738
        ],
        [
          383.0,
          76.63043478260869
        ],
        [
          382.4565217391304,
          8.695652173913043
        ],
        [
          369.4130434782609,
          7.608695652173913
        ],
        [
          369.4130434782609,
          16.84782608695652
        ],
        [
          359.63043478260863,
          22.282608695652172
        ],
        [
          357.4565217391304,
          29.891304347826086
        ],
        [
          354.7391304347826,
          36.95652173913043
        ],
        [
          352.5652173913044,
          53.80434782608695
        ],
        [
          344.4130434782609,
          60.326086956521735
        ],
        [
          340.6086956521739,
          59.78260869565217
        ],
        [
          329.73913043478257,
          60.326086956521735
        ],
        [
          325.9347826086956,
          70.65217391304347
        ],
        [
          322.1304347826087,
          74.45652173913044
        ],
        [
          311.2608695652174,
          69.02173913043478
        ],
        [
          301.4782608695652,
          62.5
        ],
        [
          294.95652173913044,
          73.91304347826086
        ],
        [
          288.4347826086956,
          68.47826086956522
        ],
        [
          288.4347826086956,
          61.41304347826087
        ],
        [
          282.45652173913044,
          67.39130434782608
        ]
      ],
      "shape_type": "polygon",
      "flags": {}
    },
    {
      "label": "fabric03",
      "line_color": null,
      "fill_color": null,
      "points": [
        [
          414.52173913043475,
          15.76086956521739
        ],
        [
          409.63043478260863,
          75.0
        ],
        [
          403.6521739130435,
          107.6086956521739
        ],
        [
          407.4565217391304,
          154.3478260869565
        ],
        [
          406.9130434782609,
          210.32608695652172
        ],
        [
          406.9130434782609,
          232.06521739130434
        ],
        [
          419.4130434782609,
          218.47826086956522
        ],
        [
          418.86956521739125,
          235.86956521739128
        ],
        [
          433.0,
          224.45652173913044
        ],
        [
          443.86956521739125,
          206.52173913043478
        ],
        [
          454.195652173913,
          208.15217391304347
        ],
        [
          476.47826086956513,
          157.6086956521739
        ],
        [
          486.8043478260869,
          95.65217391304347
        ],
        [
          494.9565217391304,
          26.630434782608695
        ],
        [
          498.21739130434776,
          0.5434782608695652
        ],
        [
          434.0869565217391,
          1.0869565217391304
        ]
      ],
      "shape_type": "polygon",
      "flags": {}
    },
    {
      "label": "glass01",
      "line_color": null,
      "fill_color": null,
      "points": [
        [
          68.86956521739128,
          40.76086956521739
        ],
        [
          63.97826086956522,
          164.1304347826087
        ],
        [
          16.15217391304347,
          163.58695652173913
        ],
        [
          23.760869565217376,
          146.7391304347826
        ],
        [
          43.86956521739128,
          95.1086956521739
        ],
        [
          58.54347826086956,
          53.80434782608695
        ]
      ],
      "shape_type": "polygon",
      "flags": {}
    },
    {
      "label": "glass02",
      "line_color": null,
      "fill_color": null,
      "points": [
        [
          249.8478260869565,
          58.69565217391304
        ],
        [
          252.02173913043475,
          153.26086956521738
        ],
        [
          268.8695652173913,
          151.6304347826087
        ],
        [
          279.195652173913,
          146.7391304347826
        ],
        [
          285.17391304347825,
          161.41304347826087
        ],
        [
          303.65217391304344,
          159.78260869565216
        ],
        [
          272.1304347826087,
          64.67391304347825
        ],
        [
          263.9782608695652,
          58.15217391304348
        ]
      ],
      "shape_type": "polygon",
      "flags": {}
    },
    {
      "label": "glass03",
      "line_color": null,
      "fill_color": null,
      "points": [
        [
          502.02173913043475,
          30.434782608695652
        ],
        [
          499.3043478260869,
          232.06521739130434
        ],
        [
          477.02173913043475,
          231.52173913043478
        ],
        [
          478.1086956521739,
          219.02173913043478
        ],
        [
          468.86956521739125,
          214.1304347826087
        ],
        [
          461.2608695652174,
          213.58695652173913
        ],
        [
          460.17391304347825,
          207.6086956521739
        ],
        [
          481.36956521739125,
          156.52173913043478
        ],
        [
          488.4347826086956,
          95.65217391304347
        ],
        [
          495.5,
          29.891304347826086
        ]
      ],
      "shape_type": "polygon",
      "flags": {}
    },
    {
      "label": "fabric04",
      "line_color": null,
      "fill_color": null,
      "points": [
        [
          34.63043478260869,
          250.0
        ],
        [
          5.282608695652158,
          251.6304347826087
        ],
        [
          12.891304347826093,
          290.2173913043478
        ],
        [
          1.4782608695652186,
          290.7608695652174
        ],
        [
          5.826086956521721,
          356.52173913043475
        ],
        [
          15.608695652173907,
          420.1086956521739
        ],
        [
          14.521739130434781,
          486.95652173913044
        ],
        [
          11.260869565217376,
          510.3260869565217
        ],
        [
          157.45652173913044,
          508.695652173913
        ],
        [
          172.67391304347825,
          508.695652173913
        ],
        [
          176.4782608695652,
          473.9130434782609
        ],
        [
          165.60869565217388,
          423.9130434782609
        ],
        [
          160.7173913043478,
          384.23913043478257
        ],
        [
          161.80434782608694,
          364.1304347826087
        ],
        [
          138.9782608695652,
          347.82608695652175
        ],
        [
          130.82608695652175,
          334.7826086956522
        ],
        [
          126.47826086956519,
          317.39130434782606
        ],
        [
          49.8478260869565,
          314.1304347826087
        ],
        [
          43.32608695652172,
          276.6304347826087
        ]
      ],
      "shape_type": "polygon",
      "flags": {}
    },
    {
      "label": "fabric05",
      "line_color": null,
      "fill_color": null,
      "points": [
        [
          508.5434782608695,
          334.23913043478257
        ],
        [
          410.17391304347825,
          338.5869565217391
        ],
        [
          386.8043478260869,
          444.02173913043475
        ],
        [
          368.86956521739125,
          451.0869565217391
        ],
        [
          284.0869565217391,
          417.39130434782606
        ],
        [
          264.52173913043475,
          424.45652173913044
        ],
        [
          266.15217391304344,
          450.54347826086956
        ],
        [
          257.45652173913044,
          459.23913043478257
        ],
        [
          249.30434782608694,
          462.5
        ],
        [
          241.15217391304344,
          459.78260869565213
        ],
        [
          233.0,
          509.78260869565213
        ],
        [
          477.5652173913044,
          510.3260869565217
        ],
        [
          481.36956521739125,
          485.3260869565217
        ],
        [
          510.17391304347825,
          377.17391304347825
        ]
      ],
      "shape_type": "polygon",
      "flags": {}
    },
    {
      "label": "metal01",
      "line_color": null,
      "fill_color": null,
      "points": [
        [
          211.26086956521738,
          373.9130434782609
        ],
        [
          213.43478260869563,
          391.8478260869565
        ],
        [
          202.56521739130432,
          409.78260869565213
        ],
        [
          198.76086956521738,
          419.02173913043475
        ],
        [
          199.8478260869565,
          446.73913043478257
        ],
        [
          198.76086956521738,
          481.52173913043475
        ],
        [
          203.10869565217388,
          506.52173913043475
        ],
        [
          230.28260869565213,
          508.15217391304344
        ],
        [
          219.41304347826087,
          489.67391304347825
        ],
        [
          215.60869565217388,
          454.89130434782606
        ],
        [
          216.695652173913,
          420.65217391304344
        ],
        [
          222.67391304347825,
          405.4347826086956
        ],
        [
          233.0,
          416.30434782608694
        ],
        [
          258.0,
          418.4782608695652
        ],
        [
          288.4347826086956,
          396.195652173913
        ],
        [
          316.695652173913,
          371.73913043478257
        ],
        [
          316.695652173913,
          391.30434782608694
        ],
        [
          321.5869565217391,
          403.2608695652174
        ],
        [
          341.695652173913,
          406.52173913043475
        ],
        [
          356.36956521739125,
          392.9347826086956
        ],
        [
          360.17391304347825,
          383.15217391304344
        ],
        [
          369.4130434782609,
          397.82608695652175
        ],
        [
          382.4565217391304,
          400.54347826086956
        ],
        [
          397.67391304347825,
          398.3695652173913
        ],
        [
          413.4347826086956,
          344.5652173913043
        ],
        [
          408.5434782608695,
          344.5652173913043
        ],
        [
          405.28260869565213,
          361.95652173913044
        ],
        [
          396.5869565217391,
          359.23913043478257
        ],
        [
          381.9130434782609,
          360.8695652173913
        ],
        [
          379.195652173913,
          374.45652173913044
        ],
        [
          385.71739130434776,
          383.695652173913
        ],
        [
          398.21739130434776,
          380.9782608695652
        ],
        [
          394.9565217391304,
          371.195652173913
        ],
        [
          386.8043478260869,
          377.7173913043478
        ],
        [
          383.5434782608695,
          375.0
        ],
        [
          390.0652173913044,
          366.30434782608694
        ],
        [
          397.13043478260863,
          366.8478260869565
        ],
        [
          395.5,
          389.67391304347825
        ],
        [
          387.891304347826,
          393.4782608695652
        ],
        [
          378.6521739130435,
          394.02173913043475
        ],
        [
          369.4130434782609,
          378.2608695652174
        ],
        [
          366.1521739130435,
          367.9347826086956
        ],
        [
          360.17391304347825,
          375.0
        ],
        [
          354.195652173913,
          386.95652173913044
        ],
        [
          342.23913043478257,
          396.73913043478257
        ],
        [
          333.54347826086956,
          398.9130434782609
        ],
        [
          323.2173913043478,
          396.73913043478257
        ],
        [
          322.1304347826087,
          382.6086956521739
        ],
        [
          327.02173913043475,
          371.73913043478257
        ],
        [
          334.6304347826087,
          371.195652173913
        ],
        [
          340.6086956521739,
          377.7173913043478
        ],
        [
          336.2608695652174,
          385.32608695652175
        ],
        [
          329.195652173913,
          383.15217391304344
        ],
        [
          334.6304347826087,
          380.4347826086956
        ],
        [
          334.6304347826087,
          375.54347826086956
        ],
        [
          327.02173913043475,
          384.23913043478257
        ],
        [
          337.89130434782606,
          387.5
        ],
        [
          343.86956521739125,
          372.28260869565213
        ],
        [
          335.17391304347825,
          362.5
        ],
        [
          318.3260869565217,
          363.5869565217391
        ],
        [
          267.23913043478257,
          407.0652173913043
        ],
        [
          248.76086956521738,
          409.78260869565213
        ],
        [
          234.08695652173913,
          407.6086956521739
        ],
        [
          224.30434782608694,
          395.1086956521739
        ],
        [
          226.4782608695652,
          384.78260869565213
        ],
        [
          236.80434782608694,
          373.9130434782609
        ],
        [
          249.30434782608694,
          374.45652173913044
        ],
        [
          255.28260869565213,
          377.7173913043478
        ],
        [
          255.82608695652175,
          386.4130434782609
        ],
        [
          252.02173913043475,
          392.39130434782606
        ],
        [
          242.78260869565213,
          394.02173913043475
        ],
        [
          242.78260869565213,
          388.5869565217391
        ],
        [
          247.1304347826087,
          390.2173913043478
        ],
        [
          250.39130434782606,
          382.6086956521739
        ],
        [
          242.23913043478257,
          383.695652173913
        ],
        [
          239.52173913043475,
          394.02173913043475
        ],
        [
          248.76086956521738,
          398.3695652173913
        ],
        [
          259.6304347826087,
          393.4782608695652
        ],
        [
          261.80434782608694,
          383.695652173913
        ],
        [
          260.17391304347825,
          373.3695652173913
        ],
        [
          255.28260869565213,
          369.02173913043475
        ],
        [
          245.5,
          365.7608695652174
        ],
        [
          225.93478260869563,
          376.6304347826087
        ],
        [
          224.8478260869565,
          371.195652173913
        ]
      ],
      "shape_type": "polygon",
      "flags": {}
    },
    {
      "label": "fabric06",
      "line_color": null,
      "fill_color": null,
      "points": [
        [
          406.36956521739125,
          241.30434782608694
        ],
        [
          385.17391304347825,
          282.0652173913043
        ],
        [
          391.695652173913,
          285.32608695652175
        ],
        [
          412.891304347826,
          284.7826086956522
        ],
        [
          408.0,
          296.195652173913
        ],
        [
          460.71739130434776,
          315.7608695652174
        ],
        [
          472.67391304347825,
          269.5652173913043
        ],
        [
          472.13043478260863,
          253.26086956521738
        ],
        [
          465.6086956521739,
          267.39130434782606
        ],
        [
          463.97826086956513,
          267.39130434782606
        ],
        [
          467.78260869565213,
          250.0
        ]
      ],
      "shape_type": "polygon",
      "flags": {}
    },
    {
      "label": "wood01",
      "line_color": null,
      "fill_color": null,
      "points": [
        [
          165.60869565217388,
          261.95652173913044
        ],
        [
          96.04347826086956,
          261.4130434782609
        ],
        [
          106.91304347826087,
          271.195652173913
        ],
        [
          112.3478260869565,
          282.6086956521739
        ],
        [
          117.23913043478262,
          300.0
        ],
        [
          140.60869565217388,
          322.2826086956522
        ],
        [
          158.0,
          334.7826086956522
        ],
        [
          178.65217391304344,
          353.2608695652174
        ],
        [
          182.45652173913044,
          369.02173913043475
        ],
        [
          204.195652173913,
          371.73913043478257
        ],
        [
          404.7391304347826,
          358.695652173913
        ],
        [
          407.4565217391304,
          344.02173913043475
        ],
        [
          404.7391304347826,
          332.0652173913043
        ],
        [
          400.391304347826,
          321.73913043478257
        ],
        [
          410.17391304347825,
          317.39130434782606
        ],
        [
          419.9565217391304,
          317.39130434782606
        ],
        [
          422.67391304347825,
          321.73913043478257
        ],
        [
          426.47826086956525,
          314.67391304347825
        ],
        [
          436.2608695652174,
          310.32608695652175
        ],
        [
          442.78260869565213,
          309.2391304347826
        ],
        [
          409.0869565217391,
          296.7391304347826
        ],
        [
          411.8043478260869,
          285.8695652173913
        ],
        [
          391.695652173913,
          287.5
        ],
        [
          342.23913043478257,
          261.4130434782609
        ],
        [
          314.52173913043475,
          261.4130434782609
        ],
        [
          323.2173913043478,
          270.65217391304344
        ],
        [
          350.9347826086956,
          271.195652173913
        ],
        [
          371.0434782608695,
          273.3695652173913
        ],
        [
          388.4347826086956,
          286.4130434782609
        ],
        [
          412.891304347826,
          285.8695652173913
        ],
        [
          410.17391304347825,
          296.195652173913
        ],
        [
          397.13043478260863,
          309.2391304347826
        ],
        [
          333.54347826086956,
          307.6086956521739
        ],
        [
          300.9347826086956,
          311.95652173913044
        ],
        [
          280.28260869565213,
          311.4130434782609
        ],
        [
          279.195652173913,
          317.39130434782606
        ],
        [
          302.02173913043475,
          329.89130434782606
        ],
        [
          302.5652173913043,
          317.39130434782606
        ],
        [
          365.6086956521739,
          316.8478260869565
        ],
        [
          393.86956521739125,
          324.45652173913044
        ],
        [
          393.32608695652175,
          334.7826086956522
        ],
        [
          386.2608695652174,
          339.67391304347825
        ],
        [
          367.2391304347826,
          342.39130434782606
        ],
        [
          336.80434782608694,
          341.8478260869565
        ],
        [
          341.15217391304344,
          350.54347826086956
        ],
        [
          330.28260869565213,
          353.2608695652174
        ],
        [
          318.86956521739125,
          350.0
        ],
        [
          301.4782608695652,
          364.67391304347825
        ],
        [
          271.5869565217391,
          344.02173913043475
        ],
        [
          262.3478260869565,
          342.9347826086956
        ],
        [
          258.0,
          345.65217391304344
        ],
        [
          257.45652173913044,
          335.32608695652175
        ],
        [
          263.4347826086956,
          321.73913043478257
        ],
        [
          275.39130434782606,
          317.9347826086956
        ],
        [
          276.4782608695652,
          305.4347826086956
        ],
        [
          270.5,
          294.5652173913043
        ],
        [
          265.6086956521739,
          292.9347826086956
        ],
        [
          242.23913043478257,
          295.1086956521739
        ],
        [
          242.23913043478257,
          305.4347826086956
        ],
        [
          223.76086956521738,
          305.9782608695652
        ],
        [
          216.695652173913,
          302.7173913043478
        ],
        [
          218.8695652173913,
          292.9347826086956
        ],
        [
          227.56521739130432,
          292.9347826086956
        ],
        [
          223.2173913043478,
          285.8695652173913
        ],
        [
          211.26086956521738,
          283.15217391304344
        ],
        [
          209.08695652173913,
          294.02173913043475
        ],
        [
          197.67391304347825,
          300.54347826086956
        ],
        [
          180.2826086956522,
          302.7173913043478
        ],
        [
          156.3695652173913,
          302.7173913043478
        ],
        [
          147.67391304347825,
          302.17391304347825
        ],
        [
          134.6304347826087,
          295.65217391304344
        ],
        [
          130.82608695652175,
          290.7608695652174
        ],
        [
          129.73913043478262,
          283.695652173913
        ],
        [
          142.7826086956522,
          280.9782608695652
        ],
        [
          154.195652173913,
          280.4347826086956
        ],
        [
          172.1304347826087,
          277.7173913043478
        ],
        [
          174.30434782608694,
          277.7173913043478
        ],
        [
          173.2173913043478,
          269.5652173913043
        ]
      ],
      "shape_type": "polygon",
      "flags": {}
    },
    {
      "label": "plastic01",
      "line_color": null,
      "fill_color": null,
      "points": [
        [
          168.8695652173913,
          135.32608695652172
        ],
        [
          143.8695652173913,
          127.17391304347825
        ],
        [
          133.0,
          114.67391304347825
        ],
        [
          131.91304347826087,
          97.28260869565217
        ],
        [
          137.89130434782606,
          79.34782608695652
        ],
        [
          151.4782608695652,
          67.39130434782608
        ],
        [
          175.93478260869563,
          65.21739130434783
        ],
        [
          192.23913043478257,
          72.82608695652173
        ],
        [
          208.54347826086956,
          89.67391304347825
        ],
        [
          209.08695652173913,
          98.3695652173913
        ],
        [
          206.91304347826087,
          111.95652173913042
        ],
        [
          198.76086956521738,
          128.80434782608694
        ]
      ],
      "shape_type": "polygon",
      "flags": {}
    }
  ],
  "lineColor": [
    0,
    255,
    0,
    128
  ],
  "fillColor": [
    255,
    0,
    0,
    128
  ],
  "imagePath": "..\\pic\\214.jpg",
  "imageData": "",
  "imageHeight": 512,
  "imageWidth": 512
}
