{
  "version": "4.5.6",
  "flags": {},
  "shapes": [
    {
      "label": "wood01",
      "points": [
        [
          280.7671957671957,
          121.16402116402114
        ],
        [
          280.7671957671957,
          359.78835978835974
        ],
        [
          318.8624338624338,
          367.19576719576713
        ],
        [
          337.91005291005285,
          377.7777777777777
        ],
        [
          342.6719576719576,
          392.063492063492
        ],
        [
          383.4126984126984,
          398.4126984126984
        ],
        [
          390.82010582010577,
          93.1216931216931
        ],
        [
          364.89417989417984,
          121.16402116402114
        ]
      ],
      "group_id": null,
      "shape_type": "polygon",
      "flags": {}
    },
    {
      "label": "wood02",
      "points": [
        [
          70.7142857142857,
          31.216931216931215
        ],
        [
          74.41798941798942,
          114.28571428571428
        ],
        [
          277.59259259259255,
          112.16931216931216
        ],
        [
          280.76719576719574,
          116.93121693121692
        ],
        [
          361.7195767195767,
          120.1058201058201
        ],
        [
          378.1216931216931,
          105.29100529100529
        ],
        [
          379.1798941798941,
          24.867724867724867
        ]
      ],
      "group_id": null,
      "shape_type": "polygon",
      "flags": {}
    },
    {
      "label": "glass01",
      "points": [
        [
          77.59259259259258,
          117.98941798941799
        ],
        [
          82.88359788359787,
          339.15343915343914
        ],
        [
          125.74074074074073,
          340.7407407407407
        ],
        [
          130.5026455026455,
          343.38624338624334
        ],
        [
          133.14814814814812,
          367.7248677248677
        ],
        [
          159.60317460317458,
          356.6137566137566
        ],
        [
          165.4232804232804,
          365.07936507936506
        ],
        [
          270.18518518518516,
          366.66666666666663
        ],
        [
          274.9470899470899,
          113.75661375661375
        ]
      ],
      "group_id": null,
      "shape_type": "polygon",
      "flags": {}
    },
    {
      "label": "wood03",
      "points": [
        [
          2.989417989417987,
          291.5343915343915
        ],
        [
          29.97354497354496,
          281.48148148148147
        ],
        [
          42.14285714285714,
          318.5185185185185
        ],
        [
          49.021164021164,
          361.90476190476187
        ],
        [
          35.793650793650784,
          375.66137566137564
        ],
        [
          0,
          363
        ]
      ],
      "group_id": null,
      "shape_type": "polygon",
      "flags": {}
    },
    {
      "label": "wood04",
      "points": [
        [
          53.783068783068785,
          363.4920634920635
        ],
        [
          82.35449735449734,
          360.8465608465608
        ],
        [
          109.86772486772486,
          367.7248677248677
        ],
        [
          134.73544973544972,
          369.31216931216926
        ],
        [
          128.38624338624336,
          341.79894179894177
        ],
        [
          94.52380952380952,
          340.7407407407407
        ],
        [
          80.23809523809521,
          353.9682539682539
        ],
        [
          65.95238095238093,
          353.4391534391534
        ]
      ],
      "group_id": null,
      "shape_type": "polygon",
      "flags": {}
    },
    {
      "label": "fabric01",
      "points": [
        [
          4.576719576719569,
          364.021164021164
        ],
        [
          31.560846560846556,
          379.36507936507934
        ],
        [
          59.074074074074076,
          365.60846560846556
        ],
        [
          96.64021164021162,
          364.5502645502645
        ],
        [
          123.6243386243386,
          368.25396825396825
        ],
        [
          136.32275132275132,
          368.25396825396825
        ],
        [
          157.48677248677245,
          358.2010582010582
        ],
        [
          171.24338624338623,
          371.4285714285714
        ],
        [
          211.984126984127,
          365.60846560846556
        ],
        [
          242.67195767195767,
          367.7248677248677
        ],
        [
          288.17460317460313,
          364.5502645502645
        ],
        [
          334.7354497354497,
          377.2486772486772
        ],
        [
          347.96296296296293,
          429.6296296296296
        ],
        [
          368.06878306878303,
          448.67724867724866
        ],
        [
          361.19047619047615,
          484.1269841269841
        ],
        [
          368,
          511
        ],
        [
          0,
          511
        ],
        [
          0,
          370
        ],
        [
          0,
          365
        ]
      ],
      "group_id": null,
      "shape_type": "polygon",
      "flags": {}
    },
    {
      "label": "plastic01",
      "points": [
        [
          411.984126984127,
          192.59259259259258
        ],
        [
          407.75132275132273,
          320.6349206349206
        ],
        [
          502.46031746031747,
          407.4074074074074
        ],
        [
          509.86772486772486,
          374.0740740740741
        ],
        [
          509.86772486772486,
          185.18518518518516
        ]
      ],
      "group_id": null,
      "shape_type": "polygon",
      "flags": {}
    }
  ],
  "imagePath": "26.jpg",
  "imageData": "",
  "imageHeight": 512,
  "imageWidth": 512
}
