{
  "version": "3.20.1",
  "flags": {},
  "shapes": [
    {
      "label": "fabric01",
      "line_color": null,
      "fill_color": null,
      "points": [
        [
          39.78260869565216,
          136.41304347826087
        ],
        [
          37.60869565217391,
          264.1304347826087
        ],
        [
          79.45652173913044,
          261.95652173913044
        ],
        [
          81.63043478260869,
          140.2173913043478
        ],
        [
          52.82608695652172,
          139.67391304347825
        ]
      ],
      "shape_type": "polygon",
      "flags": {}
    },
    {
      "label": "fabric02",
      "line_color": null,
      "fill_color": null,
      "points": [
        [
          351.195652173913,
          132.6086956521739
        ],
        [
          350.6521739130435,
          267.39130434782606
        ],
        [
          390.32608695652175,
          267.39130434782606
        ],
        [
          390.32608695652175,
          257.6086956521739
        ],
        [
          394.67391304347825,
          257.6086956521739
        ],
        [
          396.8478260869565,
          131.52173913043478
        ]
      ],
      "shape_type": "polygon",
      "flags": {}
    },
    {
      "label": "fabric03",
      "line_color": null,
      "fill_color": null,
      "points": [
        [
          466.9565217391304,
          128.80434782608694
        ],
        [
          470.21739130434776,
          260.8695652173913
        ],
        [
          491.9565217391304,
          264.1304347826087
        ],
        [
          494.67391304347825,
          128.80434782608694
        ]
      ],
      "shape_type": "polygon",
      "flags": {}
    },
    {
      "label": "fabric04",
      "line_color": null,
      "fill_color": null,
      "points": [
        [
          2.8260869565217206,
          100.0
        ],
        [
          16.413043478260875,
          107.06521739130434
        ],
        [
          24.02173913043478,
          272.82608695652175
        ],
        [
          22.391304347826065,
          284.2391304347826
        ],
        [
          1.1956521739130324,
          283.695652173913
        ],
        [
          0,
          202
        ]
      ],
      "shape_type": "polygon",
      "flags": {}
    },
    {
      "label": "glass01",
      "line_color": null,
      "fill_color": null,
      "points": [
        [
          87.60869565217388,
          141.30434782608694
        ],
        [
          88.695652173913,
          258.15217391304344
        ],
        [
          119.67391304347825,
          260.32608695652175
        ],
        [
          119.67391304347825,
          236.41304347826085
        ],
        [
          126.195652173913,
          238.58695652173913
        ],
        [
          128.91304347826087,
          252.7173913043478
        ],
        [
          128.91304347826087,
          259.7826086956522
        ],
        [
          134.89130434782606,
          260.32608695652175
        ],
        [
          153.3695652173913,
          254.3478260869565
        ],
        [
          160.9782608695652,
          259.7826086956522
        ],
        [
          346.3043478260869,
          263.04347826086956
        ],
        [
          344.67391304347825,
          133.69565217391303
        ]
      ],
      "shape_type": "polygon",
      "flags": {}
    },
    {
      "label": "wood01",
      "line_color": null,
      "fill_color": null,
      "points": [
        [
          3.9130434782608745,
          319.02173913043475
        ],
        [
          63.15217391304344,
          268.4782608695652
        ],
        [
          74.56521739130432,
          267.39130434782606
        ],
        [
          80.0,
          313.04347826086956
        ],
        [
          66.95652173913044,
          333.15217391304344
        ],
        [
          59.3478260869565,
          333.15217391304344
        ],
        [
          53.913043478260846,
          339.1304347826087
        ],
        [
          56.086956521739125,
          345.65217391304344
        ],
        [
          20.217391304347814,
          401.0869565217391
        ],
        [
          0,
          402
        ],
        [
          0,
          322
        ]
      ],
      "shape_type": "polygon",
      "flags": {}
    },
    {
      "label": "wood02",
      "line_color": null,
      "fill_color": null,
      "points": [
        [
          144.1304347826087,
          285.8695652173913
        ],
        [
          115.32608695652175,
          284.2391304347826
        ],
        [
          106.63043478260869,
          296.7391304347826
        ],
        [
          106.63043478260869,
          309.2391304347826
        ],
        [
          113.695652173913,
          309.2391304347826
        ],
        [
          111.52173913043475,
          358.695652173913
        ],
        [
          106.63043478260869,
          385.8695652173913
        ],
        [
          178.3695652173913,
          384.23913043478257
        ],
        [
          169.1304347826087,
          375.0
        ],
        [
          161.52173913043475,
          352.7173913043478
        ],
        [
          153.3695652173913,
          319.5652173913043
        ],
        [
          148.4782608695652,
          298.3695652173913
        ]
      ],
      "shape_type": "polygon",
      "flags": {}
    },
    {
      "label": "wood03",
      "line_color": null,
      "fill_color": null,
      "points": [
        [
          166.41304347826087,
          285.8695652173913
        ],
        [
          204.45652173913044,
          284.2391304347826
        ],
        [
          197.39130434782606,
          275.0
        ],
        [
          203.3695652173913,
          273.3695652173913
        ],
        [
          275.65217391304344,
          269.02173913043475
        ],
        [
          307.17391304347825,
          282.6086956521739
        ],
        [
          368.5869565217391,
          284.2391304347826
        ],
        [
          416.9565217391304,
          288.5869565217391
        ],
        [
          434.891304347826,
          293.4782608695652
        ],
        [
          443.0434782608695,
          299.45652173913044
        ],
        [
          431.0869565217391,
          301.6304347826087
        ],
        [
          414.2391304347826,
          305.4347826086956
        ],
        [
          404.4565217391304,
          314.1304347826087
        ],
        [
          430.5434782608695,
          325.0
        ],
        [
          443.5869565217391,
          333.695652173913
        ],
        [
          451.195652173913,
          341.8478260869565
        ],
        [
          449.02173913043475,
          358.15217391304344
        ],
        [
          445.7608695652174,
          449.45652173913044
        ],
        [
          450.1086956521739,
          460.8695652173913
        ],
        [
          449.02173913043475,
          465.2173913043478
        ],
        [
          432.17391304347825,
          476.6304347826087
        ],
        [
          408.8043478260869,
          484.23913043478257
        ],
        [
          380.0,
          488.04347826086956
        ],
        [
          351.195652173913,
          487.5
        ],
        [
          320.7608695652174,
          482.6086956521739
        ],
        [
          288.695652173913,
          473.9130434782609
        ],
        [
          260.4347826086956,
          464.1304347826087
        ],
        [
          249.56521739130432,
          448.9130434782609
        ],
        [
          244.1304347826087,
          438.5869565217391
        ],
        [
          250.10869565217388,
          438.04347826086956
        ],
        [
          250.65217391304344,
          354.3478260869565
        ],
        [
          245.76086956521738,
          346.195652173913
        ],
        [
          236.52173913043475,
          333.695652173913
        ],
        [
          224.02173913043475,
          323.9130434782609
        ],
        [
          212.06521739130432,
          318.4782608695652
        ],
        [
          188.15217391304344,
          320.65217391304344
        ],
        [
          176.73913043478257,
          320.65217391304344
        ],
        [
          164.7826086956522,
          302.7173913043478
        ]
      ],
      "shape_type": "polygon",
      "flags": {}
    }
  ],
  "lineColor": [
    0,
    255,
    0,
    128
  ],
  "fillColor": [
    255,
    0,
    0,
    128
  ],
  "imagePath": "..\\pic\\776.jpg",
  "imageData": "",
  "imageHeight": 512,
  "imageWidth": 512
}
