{
  "version": "3.20.1",
  "flags": {},
  "shapes": [
    {
      "label": "glass01",
      "line_color": null,
      "fill_color": null,
      "points": [
        [
          2.0217391304347814,
          27.717391304347824
        ],
        [
          2.0217391304347814,
          76.08695652173913
        ],
        [
          146.58695652173913,
          82.6086956521739
        ],
        [
          146.58695652173913,
          216.8478260869565
        ],
        [
          173.76086956521738,
          215.76086956521738
        ],
        [
          173.2173913043478,
          41.84782608695652
        ]
      ],
      "shape_type": "polygon",
      "flags": {}
    },
    {
      "label": "glass02",
      "line_color": null,
      "fill_color": null,
      "points": [
        [
          4.739130434782595,
          85.8695652173913
        ],
        [
          5.826086956521721,
          229.3478260869565
        ],
        [
          46.586956521739125,
          225.54347826086956
        ],
        [
          47.67391304347825,
          231.52173913043478
        ],
        [
          45.5,
          240.76086956521738
        ],
        [
          49.30434782608694,
          269.02173913043475
        ],
        [
          50.391304347826065,
          279.3478260869565
        ],
        [
          67.2391304347826,
          276.6304347826087
        ],
        [
          70.5,
          90.76086956521739
        ]
      ],
      "shape_type": "polygon",
      "flags": {}
    },
    {
      "label": "glass03",
      "line_color": null,
      "fill_color": null,
      "points": [
        [
          81.91304347826085,
          88.58695652173913
        ],
        [
          81.36956521739128,
          273.9130434782609
        ],
        [
          98.76086956521738,
          271.195652173913
        ],
        [
          116.15217391304344,
          269.02173913043475
        ],
        [
          128.65217391304344,
          266.8478260869565
        ],
        [
          127.02173913043475,
          217.39130434782606
        ],
        [
          138.9782608695652,
          216.30434782608694
        ],
        [
          137.3478260869565,
          92.39130434782608
        ]
      ],
      "shape_type": "polygon",
      "flags": {}
    },
    {
      "label": "glass04",
      "line_color": null,
      "fill_color": null,
      "points": [
        [
          213.43478260869563,
          44.565217391304344
        ],
        [
          211.80434782608694,
          243.47826086956522
        ],
        [
          220.5,
          244.56521739130434
        ],
        [
          233.54347826086956,
          245.65217391304347
        ],
        [
          246.04347826086956,
          248.91304347826085
        ],
        [
          249.30434782608694,
          249.45652173913044
        ],
        [
          250.93478260869563,
          169.56521739130434
        ],
        [
          250.93478260869563,
          42.391304347826086
        ]
      ],
      "shape_type": "polygon",
      "flags": {}
    },
    {
      "label": "glass05",
      "line_color": null,
      "fill_color": null,
      "points": [
        [
          305.28260869565213,
          46.73913043478261
        ],
        [
          306.3695652173913,
          196.19565217391303
        ],
        [
          348.7608695652174,
          195.65217391304347
        ],
        [
          348.7608695652174,
          45.108695652173914
        ]
      ],
      "shape_type": "polygon",
      "flags": {}
    },
    {
      "label": "glass06",
      "line_color": null,
      "fill_color": null,
      "points": [
        [
          368.86956521739125,
          44.565217391304344
        ],
        [
          369.9565217391304,
          195.65217391304347
        ],
        [
          413.97826086956525,
          197.28260869565216
        ],
        [
          413.4347826086956,
          44.02173913043478
        ]
      ],
      "shape_type": "polygon",
      "flags": {}
    },
    {
      "label": "wood01",
      "line_color": null,
      "fill_color": null,
      "points": [
        [
          2.0217391304347814,
          233.15217391304347
        ],
        [
          45.5,
          227.17391304347825
        ],
        [
          47.67391304347825,
          280.4347826086956
        ],
        [
          84.08695652173913,
          273.3695652173913
        ],
        [
          130.2826086956522,
          265.2173913043478
        ],
        [
          128.10869565217388,
          217.39130434782606
        ],
        [
          167.23913043478257,
          215.2173913043478
        ],
        [
          192.7826086956522,
          215.76086956521738
        ],
        [
          196.04347826086956,
          243.47826086956522
        ],
        [
          167.7826086956522,
          246.19565217391303
        ],
        [
          156.91304347826087,
          251.08695652173913
        ],
        [
          155.2826086956522,
          261.95652173913044
        ],
        [
          171.58695652173913,
          277.17391304347825
        ],
        [
          192.7826086956522,
          291.8478260869565
        ],
        [
          194.95652173913044,
          280.9782608695652
        ],
        [
          224.30434782608694,
          282.6086956521739
        ],
        [
          235.7173913043478,
          277.7173913043478
        ],
        [
          247.67391304347825,
          260.8695652173913
        ],
        [
          250.39130434782606,
          258.15217391304344
        ],
        [
          267.78260869565213,
          259.2391304347826
        ],
        [
          286.80434782608694,
          261.4130434782609
        ],
        [
          305.28260869565213,
          261.4130434782609
        ],
        [
          303.1086956521739,
          242.93478260869563
        ],
        [
          305.28260869565213,
          217.39130434782606
        ],
        [
          374.3043478260869,
          218.47826086956522
        ],
        [
          375.9347826086956,
          252.7173913043478
        ],
        [
          377.02173913043475,
          260.32608695652175
        ],
        [
          388.4347826086956,
          258.695652173913
        ],
        [
          408.0,
          252.7173913043478
        ],
        [
          408.5434782608695,
          243.47826086956522
        ],
        [
          419.4130434782609,
          241.8478260869565
        ],
        [
          405.82608695652175,
          380.4347826086956
        ],
        [
          414.52173913043475,
          408.695652173913
        ],
        [
          405.82608695652175,
          420.65217391304344
        ],
        [
          408.5434782608695,
          475.54347826086956
        ],
        [
          395.5,
          472.28260869565213
        ],
        [
          394.4130434782609,
          428.2608695652174
        ],
        [
          377.02173913043475,
          438.04347826086956
        ],
        [
          377.5652173913044,
          509.78260869565213
        ],
        [
          361.8043478260869,
          509.78260869565213
        ],
        [
          359.0869565217391,
          443.4782608695652
        ],
        [
          300.39130434782606,
          432.0652173913043
        ],
        [
          299.30434782608694,
          452.17391304347825
        ],
        [
          298,
          511
        ],
        [
          278,
          511
        ],
        [
          277.02173913043475,
          480.9782608695652
        ],
        [
          205.28260869565213,
          497.8260869565217
        ],
        [
          206.3695652173913,
          509.78260869565213
        ],
        [
          185.7173913043478,
          509.78260869565213
        ],
        [
          186.80434782608694,
          498.36956521739125
        ],
        [
          107.45652173913044,
          447.28260869565213
        ],
        [
          125.39130434782606,
          409.78260869565213
        ],
        [
          125.39130434782606,
          398.9130434782609
        ],
        [
          188.9782608695652,
          378.2608695652174
        ],
        [
          191.15217391304344,
          357.0652173913043
        ],
        [
          158.54347826086956,
          365.2173913043478
        ],
        [
          156.3695652173913,
          388.04347826086956
        ],
        [
          121.04347826086956,
          399.45652173913044
        ],
        [
          120.5,
          383.695652173913
        ],
        [
          107.45652173913044,
          387.5
        ],
        [
          106.36956521739131,
          506.52173913043475
        ],
        [
          84.63043478260869,
          507.0652173913043
        ],
        [
          84.08695652173913,
          461.95652173913044
        ],
        [
          55.82608695652172,
          466.30434782608694
        ],
        [
          56.36956521739128,
          479.89130434782606
        ],
        [
          38.97826086956522,
          479.89130434782606
        ],
        [
          38.97826086956522,
          469.5652173913043
        ],
        [
          0.9347826086956559,
          479.3478260869565
        ]
      ],
      "shape_type": "polygon",
      "flags": {}
    },
    {
      "label": "fabric01",
      "line_color": null,
      "fill_color": null,
      "points": [
        [
          18.869565217391283,
          336.4130434782609
        ],
        [
          0.39130434782609314,
          346.73913043478257
        ],
        [
          2.565217391304344,
          477.17391304347825
        ],
        [
          84.08695652173913,
          453.80434782608694
        ],
        [
          84.63043478260869,
          386.4130434782609
        ],
        [
          47.13043478260869,
          365.7608695652174
        ],
        [
          22.67391304347825,
          369.5652173913043
        ],
        [
          27.02173913043478,
          339.67391304347825
        ]
      ],
      "shape_type": "polygon",
      "flags": {}
    },
    {
      "label": "fabric02",
      "line_color": null,
      "fill_color": null,
      "points": [
        [
          190.06521739130432,
          378.2608695652174
        ],
        [
          125.93478260869563,
          396.73913043478257
        ],
        [
          125.39130434782606,
          410.32608695652175
        ],
        [
          109.08695652173913,
          445.1086956521739
        ],
        [
          114.52173913043475,
          447.8260869565217
        ],
        [
          121.04347826086956,
          456.52173913043475
        ],
        [
          185.7173913043478,
          502.7173913043478
        ],
        [
          189.52173913043475,
          477.17391304347825
        ],
        [
          183.54347826086956,
          460.3260869565217
        ]
      ],
      "shape_type": "polygon",
      "flags": {}
    },
    {
      "label": "fabric03",
      "line_color": null,
      "fill_color": null,
      "points": [
        [
          304.195652173913,
          324.45652173913044
        ],
        [
          299.30434782608694,
          429.89130434782606
        ],
        [
          354.7391304347826,
          441.8478260869565
        ],
        [
          358.5434782608695,
          424.45652173913044
        ],
        [
          359.63043478260863,
          403.2608695652174
        ],
        [
          365.6086956521739,
          354.89130434782606
        ],
        [
          335.17391304347825,
          345.65217391304344
        ],
        [
          333.0,
          328.80434782608694
        ],
        [
          334.0869565217391,
          310.32608695652175
        ],
        [
          322.1304347826087,
          318.4782608695652
        ]
      ],
      "shape_type": "polygon",
      "flags": {}
    },
    {
      "label": "fabric04",
      "line_color": null,
      "fill_color": null,
      "points": [
        [
          106.36956521739131,
          352.7173913043478
        ],
        [
          154.73913043478257,
          351.0869565217391
        ],
        [
          192.7826086956522,
          345.65217391304344
        ],
        [
          191.695652173913,
          355.9782608695652
        ],
        [
          161.26086956521738,
          364.67391304347825
        ],
        [
          148.2173913043478,
          364.67391304347825
        ],
        [
          136.26086956521738,
          361.4130434782609
        ],
        [
          138.43478260869563,
          371.73913043478257
        ],
        [
          122.67391304347825,
          380.9782608695652
        ],
        [
          106.36956521739131,
          386.4130434782609
        ]
      ],
      "shape_type": "polygon",
      "flags": {}
    },
    {
      "label": "fabric05",
      "line_color": null,
      "fill_color": null,
      "points": [
        [
          385.17391304347825,
          364.67391304347825
        ],
        [
          376.47826086956525,
          370.1086956521739
        ],
        [
          374.3043478260869,
          435.8695652173913
        ],
        [
          388.4347826086956,
          432.0652173913043
        ],
        [
          396.5869565217391,
          424.45652173913044
        ],
        [
          408.5434782608695,
          413.04347826086956
        ],
        [
          409.63043478260863,
          408.15217391304344
        ],
        [
          404.7391304347826,
          392.39130434782606
        ],
        [
          401.47826086956525,
          372.82608695652175
        ]
      ],
      "shape_type": "polygon",
      "flags": {}
    },
    {
      "label": "wood02",
      "line_color": null,
      "fill_color": null,
      "points": [
        [
          464.52173913043475,
          249.45652173913044
        ],
        [
          431.36956521739125,
          253.26086956521738
        ],
        [
          427.02173913043475,
          260.32608695652175
        ],
        [
          430.28260869565213,
          271.7391304347826
        ],
        [
          429.7391304347826,
          289.67391304347825
        ],
        [
          427.5652173913044,
          304.3478260869565
        ],
        [
          435.17391304347825,
          312.5
        ],
        [
          446.5869565217391,
          310.32608695652175
        ],
        [
          509.63043478260863,
          326.0869565217391
        ],
        [
          509.63043478260863,
          254.89130434782606
        ],
        [
          497.67391304347825,
          252.7173913043478
        ],
        [
          489.52173913043475,
          255.43478260869563
        ],
        [
          474.8478260869565,
          255.97826086956522
        ]
      ],
      "shape_type": "polygon",
      "flags": {}
    }
  ],
  "lineColor": [
    0,
    255,
    0,
    128
  ],
  "fillColor": [
    255,
    0,
    0,
    128
  ],
  "imagePath": "..\\pic\\171.jpg",
  "imageData": "",
  "imageHeight": 512,
  "imageWidth": 512
}
