{
  "version": "3.20.1",
  "flags": {},
  "shapes": [
    {
      "label": "glass01",
      "line_color": null,
      "fill_color": null,
      "points": [
        [
          403.1798941798942,
          198.94179894179894
        ],
        [
          403.1798941798942,
          297.3544973544973
        ],
        [
          451.32804232804233,
          300.0
        ],
        [
          453.44444444444446,
          195.76719576719574
        ]
      ],
      "shape_type": "polygon",
      "flags": {}
    },
    {
      "label": "glass02",
      "line_color": null,
      "fill_color": null,
      "points": [
        [
          465.61375661375655,
          194.17989417989418
        ],
        [
          466.1428571428571,
          301.58730158730157
        ],
        [
          511,
          304
        ],
        [
          511,
          189
        ]
      ],
      "shape_type": "polygon",
      "flags": {}
    },
    {
      "label": "plastic01",
      "line_color": null,
      "fill_color": null,
      "points": [
        [
          137.042328042328,
          183.06878306878306
        ],
        [
          142.33333333333331,
          183.06878306878306
        ],
        [
          139.68783068783068,
          176.7195767195767
        ],
        [
          175.66666666666663,
          178.83597883597884
        ],
        [
          166.1428571428571,
          197.88359788359787
        ],
        [
          158.73544973544972,
          200.0
        ],
        [
          146.037037037037,
          200.5291005291005
        ]
      ],
      "shape_type": "polygon",
      "flags": {}
    },
    {
      "label": "plastic02",
      "line_color": null,
      "fill_color": null,
      "points": [
        [
          185.7195767195767,
          183.06878306878306
        ],
        [
          197.35978835978835,
          204.23280423280423
        ],
        [
          207.94179894179894,
          204.23280423280423
        ],
        [
          220.1111111111111,
          184.12698412698413
        ],
        [
          212.17460317460313,
          182.010582010582
        ],
        [
          202.1216931216931,
          182.53968253968253
        ],
        [
          191.01058201058197,
          182.010582010582
        ]
      ],
      "shape_type": "polygon",
      "flags": {}
    },
    {
      "label": "plastic03",
      "line_color": null,
      "fill_color": null,
      "points": [
        [
          333.3386243386243,
          129.1005291005291
        ],
        [
          349.2116402116402,
          160.84656084656083
        ],
        [
          369.8465608465608,
          160.84656084656083
        ],
        [
          376.1957671957672,
          156.6137566137566
        ],
        [
          380.9576719576719,
          166.66666666666666
        ],
        [
          387.3068783068783,
          143.9153439153439
        ],
        [
          383.074074074074,
          143.38624338624336
        ],
        [
          388.89417989417984,
          131.74603174603175
        ],
        [
          386.7777777777777,
          126.45502645502644
        ],
        [
          372.4920634920635,
          125.39682539682539
        ],
        [
          356.6190476190476,
          124.33862433862433
        ],
        [
          341.27513227513225,
          124.86772486772486
        ]
      ],
      "shape_type": "polygon",
      "flags": {}
    },
    {
      "label": "plastic04",
      "line_color": null,
      "fill_color": null,
      "points": [
        [
          421.1693121693121,
          134.9206349206349
        ],
        [
          443.3915343915344,
          161.37566137566137
        ],
        [
          450.79894179894177,
          159.78835978835977
        ],
        [
          461.91005291005285,
          159.78835978835977
        ],
        [
          484.6613756613756,
          126.98412698412697
        ],
        [
          468.7883597883598,
          124.33862433862433
        ],
        [
          448.1534391534391,
          123.8095238095238
        ],
        [
          429.6349206349206,
          125.39682539682539
        ],
        [
          424.34391534391534,
          130.68783068783068
        ]
      ],
      "shape_type": "polygon",
      "flags": {}
    },
    {
      "label": "wood01",
      "line_color": null,
      "fill_color": null,
      "points": [
        [
          84.66137566137564,
          340.7407407407407
        ],
        [
          84.66137566137564,
          348.67724867724866
        ],
        [
          91.53968253968253,
          359.25925925925924
        ],
        [
          103.70899470899468,
          371.4285714285714
        ],
        [
          124.87301587301585,
          378.3068783068783
        ],
        [
          240.7460317460317,
          419.57671957671954
        ],
        [
          320.6402116402116,
          434.3915343915344
        ],
        [
          398.9470899470899,
          447.0899470899471
        ],
        [
          461.91005291005285,
          457.6719576719576
        ],
        [
          511,
          438
        ],
        [
          510.58730158730157,
          379.36507936507934
        ],
        [
          497.35978835978835,
          377.2486772486772
        ],
        [
          476.72486772486764,
          372.48677248677245
        ],
        [
          489.4232804232804,
          380.4232804232804
        ],
        [
          424.8730158730158,
          393.6507936507936
        ],
        [
          350.2698412698412,
          380.4232804232804
        ],
        [
          345.5079365079365,
          395.2380952380952
        ],
        [
          351.8571428571428,
          399.47089947089944
        ],
        [
          360.85185185185185,
          404.2328042328042
        ],
        [
          374.07936507936506,
          403.7037037037037
        ],
        [
          374.07936507936506,
          409.5238095238095
        ],
        [
          345.5079365079365,
          422.75132275132273
        ],
        [
          329.10582010582004,
          421.69312169312167
        ],
        [
          307.4126984126984,
          414.2857142857143
        ],
        [
          293.1269841269841,
          414.2857142857143
        ],
        [
          278.8412698412698,
          414.2857142857143
        ],
        [
          262.4391534391534,
          406.87830687830683
        ],
        [
          262.9682539682539,
          398.4126984126984
        ],
        [
          275.66666666666663,
          393.1216931216931
        ],
        [
          300.5343915343915,
          394.7089947089947
        ],
        [
          318.5238095238095,
          397.3544973544973
        ],
        [
          327.5185185185185,
          402.64550264550263
        ],
        [
          333.86772486772486,
          399.47089947089944
        ],
        [
          331.75132275132273,
          375.1322751322751
        ],
        [
          287.8359788359788,
          365.07936507936506
        ],
        [
          313.2328042328042,
          357.67195767195767
        ],
        [
          313.7619047619047,
          350.2645502645502
        ],
        [
          308.47089947089944,
          349.7354497354497
        ],
        [
          308.47089947089944,
          343.38624338624334
        ],
        [
          275.1375661375661,
          339.15343915343914
        ],
        [
          270.90476190476187,
          343.9153439153439
        ],
        [
          255.56084656084653,
          346.5608465608465
        ],
        [
          237.57142857142856,
          348.67724867724866
        ],
        [
          234.39682539682536,
          375.1322751322751
        ],
        [
          238.62962962962962,
          379.89417989417984
        ],
        [
          236.5132275132275,
          381.48148148148147
        ],
        [
          224.87301587301585,
          380.4232804232804
        ],
        [
          213.76190476190476,
          380.9523809523809
        ],
        [
          192.06878306878303,
          385.71428571428567
        ],
        [
          169.8465608465608,
          383.5978835978836
        ],
        [
          169.8465608465608,
          379.36507936507934
        ],
        [
          164.55555555555554,
          379.36507936507934
        ],
        [
          148.68253968253964,
          378.83597883597884
        ],
        [
          138.62962962962962,
          371.95767195767195
        ],
        [
          149.7407407407407,
          367.1957671957672
        ],
        [
          168.78835978835974,
          365.60846560846556
        ],
        [
          184.66137566137564,
          366.1375661375661
        ],
        [
          193.65608465608466,
          367.7248677248677
        ],
        [
          191.53968253968253,
          372.48677248677245
        ],
        [
          175.66666666666663,
          377.2486772486772
        ],
        [
          184.66137566137564,
          379.89417989417984
        ],
        [
          207.41269841269838,
          375.66137566137564
        ],
        [
          219.58201058201058,
          376.19047619047615
        ],
        [
          225.40211640211635,
          377.2486772486772
        ],
        [
          221.69841269841265,
          348.67724867724866
        ],
        [
          216.4074074074074,
          343.38624338624334
        ],
        [
          204.23809523809518,
          344.4444444444444
        ],
        [
          173.5502645502645,
          346.031746031746
        ],
        [
          163.49735449735448,
          343.9153439153439
        ],
        [
          162.96825396825392,
          350.2645502645502
        ],
        [
          162.96825396825392,
          355.55555555555554
        ],
        [
          153.97354497354496,
          359.25925925925924
        ],
        [
          152.38624338624334,
          356.08465608465605
        ],
        [
          152.38624338624334,
          342.85714285714283
        ],
        [
          135.45502645502643,
          361.90476190476187
        ],
        [
          116.40740740740739,
          361.37566137566137
        ],
        [
          107.41269841269838,
          357.67195767195767
        ],
        [
          103.70899470899468,
          350.7936507936508
        ],
        [
          109.0,
          345.50264550264546
        ],
        [
          125.93121693121691,
          344.97354497354496
        ],
        [
          139.15873015873012,
          346.031746031746
        ],
        [
          144.97883597883595,
          350.7936507936508
        ],
        [
          143.92063492063488,
          355.026455026455
        ],
        [
          151.32804232804233,
          342.32804232804233
        ],
        [
          143.92063492063488,
          341.79894179894177
        ]
      ],
      "shape_type": "polygon",
      "flags": {}
    },
    {
      "label": "metal01",
      "line_color": null,
      "fill_color": null,
      "points": [
        [
          30.164021164021136,
          324.3386243386243
        ],
        [
          32.280423280423264,
          505.29100529100526
        ],
        [
          37.571428571428555,
          504.7619047619047
        ],
        [
          34.39682539682539,
          328.042328042328
        ]
      ],
      "shape_type": "polygon",
      "flags": {}
    },
    {
      "label": "metal02",
      "line_color": null,
      "fill_color": null,
      "points": [
        [
          49.2116402116402,
          332.27513227513225
        ],
        [
          51.3280423280423,
          509.5238095238095
        ],
        [
          55.031746031746025,
          508.99470899470896
        ],
        [
          54.50264550264549,
          333.3333333333333
        ]
      ],
      "shape_type": "polygon",
      "flags": {}
    },
    {
      "label": "metal03",
      "line_color": null,
      "fill_color": null,
      "points": [
        [
          67.73015873015873,
          342.32804232804233
        ],
        [
          67.20105820105817,
          510.5820105820105
        ],
        [
          73.021164021164,
          510.5820105820105
        ],
        [
          74.60846560846556,
          347.6190476190476
        ]
      ],
      "shape_type": "polygon",
      "flags": {}
    },
    {
      "label": "metal04",
      "line_color": null,
      "fill_color": null,
      "points": [
        [
          97.35978835978835,
          355.55555555555554
        ],
        [
          99,
          511
        ],
        [
          104,
          511
        ],
        [
          103.70899470899468,
          356.08465608465605
        ]
      ],
      "shape_type": "polygon",
      "flags": {}
    },
    {
      "label": "metal05",
      "line_color": null,
      "fill_color": null,
      "points": [
        [
          124.34391534391534,
          434.9206349206349
        ],
        [
          123.28571428571428,
          510.05291005291
        ],
        [
          127.51851851851848,
          510.05291005291
        ],
        [
          130.69312169312167,
          429.10052910052906
        ]
      ],
      "shape_type": "polygon",
      "flags": {}
    },
    {
      "label": "metal06",
      "line_color": null,
      "fill_color": null,
      "points": [
        [
          162.43915343915342,
          391.005291005291
        ],
        [
          163.49735449735448,
          405.29100529100526
        ],
        [
          164,
          511
        ],
        [
          172,
          511
        ],
        [
          170.90476190476187,
          414.2857142857143
        ],
        [
          168.78835978835974,
          395.2380952380952
        ],
        [
          167.73015873015873,
          393.1216931216931
        ]
      ],
      "shape_type": "polygon",
      "flags": {}
    },
    {
      "label": "metal07",
      "line_color": null,
      "fill_color": null,
      "points": [
        [
          239.15873015873012,
          406.87830687830683
        ],
        [
          243.39153439153438,
          510.5820105820105
        ],
        [
          249.2116402116402,
          510.5820105820105
        ],
        [
          249.2116402116402,
          464.5502645502645
        ],
        [
          243.92063492063488,
          413.7566137566137
        ]
      ],
      "shape_type": "polygon",
      "flags": {}
    },
    {
      "label": "metal08",
      "line_color": null,
      "fill_color": null,
      "points": [
        [
          150.79894179894177,
          432.80423280423275
        ],
        [
          149.2116402116402,
          509.5238095238095
        ],
        [
          154.50264550264546,
          509.5238095238095
        ],
        [
          156.0899470899471,
          438.0952380952381
        ]
      ],
      "shape_type": "polygon",
      "flags": {}
    },
    {
      "label": "metal09",
      "line_color": null,
      "fill_color": null,
      "points": [
        [
          33.33862433862433,
          456.08465608465605
        ],
        [
          49.2116402116402,
          473.015873015873
        ],
        [
          122.22751322751321,
          463.49206349206344
        ],
        [
          125.4021164021164,
          458.2010582010582
        ],
        [
          104.23809523809524,
          437.037037037037
        ],
        [
          38.62962962962962,
          447.0899470899471
        ],
        [
          40.74603174603172,
          451.85185185185185
        ],
        [
          102.12169312169311,
          444.4444444444444
        ],
        [
          120.64021164021165,
          460.3174603174603
        ],
        [
          53.97354497354496,
          467.1957671957672
        ],
        [
          40.216931216931215,
          455.55555555555554
        ],
        [
          39.68783068783068,
          452.38095238095235
        ],
        [
          37.571428571428555,
          447.0899470899471
        ]
      ],
      "shape_type": "polygon",
      "flags": {}
    },
    {
      "label": "metal10",
      "line_color": null,
      "fill_color": null,
      "points": [
        [
          79.37037037037038,
          510.05291005291
        ],
        [
          74.07936507936506,
          502.64550264550263
        ],
        [
          78.84126984126982,
          495.76719576719574
        ],
        [
          152.38624338624334,
          484.6560846560846
        ],
        [
          190.48148148148147,
          508.46560846560845
        ],
        [
          182.54497354497352,
          508.99470899470896
        ],
        [
          155.56084656084653,
          489.9470899470899
        ],
        [
          85.19047619047615,
          501.058201058201
        ],
        [
          79.89947089947088,
          502.11640211640207
        ]
      ],
      "shape_type": "polygon",
      "flags": {}
    },
    {
      "label": "metal11",
      "line_color": null,
      "fill_color": null,
      "points": [
        [
          294.18518518518516,
          509.5238095238095
        ],
        [
          343.92063492063494,
          495.2380952380952
        ],
        [
          342.8624338624338,
          510.5820105820105
        ],
        [
          349.74074074074076,
          509.5238095238095
        ],
        [
          350.2698412698412,
          487.8306878306878
        ],
        [
          343.92063492063494,
          485.18518518518516
        ],
        [
          268.78835978835974,
          509.5238095238095
        ],
        [
          293,
          511
        ]
      ],
      "shape_type": "polygon",
      "flags": {}
    }
  ],
  "lineColor": [
    0,
    255,
    0,
    128
  ],
  "fillColor": [
    255,
    0,
    0,
    128
  ],
  "imagePath": "..\\pic\\850.jpg",
  "imageData": "",
  "imageHeight": 512,
  "imageWidth": 512
}
