{
  "version": "3.20.1",
  "flags": {},
  "shapes": [
    {
      "label": "fabric01",
      "line_color": null,
      "fill_color": null,
      "points": [
        [
          183.80434782608694,
          365.7608695652174
        ],
        [
          180.0,
          390.7608695652174
        ],
        [
          156.6304347826087,
          411.95652173913044
        ],
        [
          201.195652173913,
          447.8260869565217
        ],
        [
          216.41304347826087,
          448.3695652173913
        ],
        [
          219.67391304347825,
          426.0869565217391
        ],
        [
          240.8695652173913,
          408.15217391304344
        ],
        [
          225.10869565217388,
          398.3695652173913
        ],
        [
          206.6304347826087,
          380.9782608695652
        ]
      ],
      "shape_type": "polygon",
      "flags": {}
    },
    {
      "label": "fabric02",
      "line_color": null,
      "fill_color": null,
      "points": [
        [
          185.43478260869563,
          436.4130434782609
        ],
        [
          72.39130434782606,
          463.5869565217391
        ],
        [
          57.717391304347814,
          489.67391304347825
        ],
        [
          60.43478260869563,
          501.6304347826087
        ],
        [
          63.15217391304344,
          508.15217391304344
        ],
        [
          510.97826086956513,
          508.695652173913
        ],
        [
          510.97826086956513,
          479.89130434782606
        ],
        [
          286.52173913043475,
          402.17391304347825
        ],
        [
          225.10869565217388,
          423.3695652173913
        ],
        [
          221.30434782608694,
          437.5
        ],
        [
          216.95652173913044,
          448.3695652173913
        ],
        [
          202.82608695652175,
          448.3695652173913
        ]
      ],
      "shape_type": "polygon",
      "flags": {}
    },
    {
      "label": "glass01",
      "line_color": null,
      "fill_color": null,
      "points": [
        [
          151.73913043478257,
          175.0
        ],
        [
          232.7173913043478,
          173.36956521739128
        ],
        [
          240.3260869565217,
          166.8478260869565
        ],
        [
          247.93478260869563,
          172.82608695652172
        ],
        [
          325.6521739130435,
          177.17391304347825
        ],
        [
          321.3043478260869,
          146.19565217391303
        ],
        [
          298.4782608695652,
          113.58695652173913
        ],
        [
          274.5652173913043,
          100.0
        ],
        [
          242.5,
          94.02173913043478
        ],
        [
          209.3478260869565,
          97.82608695652173
        ],
        [
          182.17391304347825,
          113.04347826086956
        ],
        [
          155.0,
          141.30434782608694
        ]
      ],
      "shape_type": "polygon",
      "flags": {}
    },
    {
      "label": "glass02",
      "line_color": null,
      "fill_color": null,
      "points": [
        [
          166.41304347826087,
          189.1304347826087
        ],
        [
          156.08695652173913,
          205.43478260869566
        ],
        [
          154.45652173913044,
          238.04347826086956
        ],
        [
          169.1304347826087,
          224.45652173913044
        ],
        [
          190.8695652173913,
          241.30434782608694
        ],
        [
          186.52173913043475,
          252.7173913043478
        ],
        [
          164.7826086956522,
          259.7826086956522
        ],
        [
          157.17391304347825,
          263.04347826086956
        ],
        [
          156.6304347826087,
          307.6086956521739
        ],
        [
          180.0,
          290.2173913043478
        ],
        [
          230.0,
          286.4130434782609
        ],
        [
          230.54347826086956,
          192.39130434782606
        ]
      ],
      "shape_type": "polygon",
      "flags": {}
    },
    {
      "label": "glass03",
      "line_color": null,
      "fill_color": null,
      "points": [
        [
          249.02173913043475,
          189.67391304347825
        ],
        [
          245.76086956521738,
          288.5869565217391
        ],
        [
          263.15217391304344,
          300.54347826086956
        ],
        [
          270.2173913043478,
          320.1086956521739
        ],
        [
          274.5652173913043,
          322.2826086956522
        ],
        [
          323.47826086956525,
          325.0
        ],
        [
          314.23913043478257,
          317.39130434782606
        ],
        [
          312.0652173913043,
          309.2391304347826
        ],
        [
          321.3043478260869,
          305.4347826086956
        ],
        [
          325.6521739130435,
          190.2173913043478
        ]
      ],
      "shape_type": "polygon",
      "flags": {}
    },
    {
      "label": "metal01",
      "line_color": null,
      "fill_color": null,
      "points": [
        [
          46.30434782608694,
          391.30434782608694
        ],
        [
          44.13043478260869,
          509.23913043478257
        ],
        [
          62.065217391304316,
          509.78260869565213
        ],
        [
          61.52173913043475,
          468.4782608695652
        ],
        [
          64.23913043478262,
          461.4130434782609
        ],
        [
          171.8478260869565,
          427.7173913043478
        ],
        [
          165.8695652173913,
          421.195652173913
        ],
        [
          66.41304347826087,
          448.3695652173913
        ],
        [
          66.41304347826087,
          439.1304347826087
        ],
        [
          161.52173913043475,
          414.67391304347825
        ],
        [
          153.91304347826087,
          410.8695652173913
        ],
        [
          160.9782608695652,
          402.7173913043478
        ],
        [
          66.41304347826087,
          429.3478260869565
        ],
        [
          66.95652173913044,
          418.4782608695652
        ],
        [
          176.195652173913,
          390.2173913043478
        ],
        [
          182.17391304347825,
          383.15217391304344
        ],
        [
          178.91304347826087,
          383.15217391304344
        ],
        [
          68.58695652173913,
          410.32608695652175
        ],
        [
          66.41304347826087,
          403.2608695652174
        ],
        [
          67.5,
          391.8478260869565
        ],
        [
          62.60869565217388,
          390.2173913043478
        ]
      ],
      "shape_type": "polygon",
      "flags": {}
    },
    {
      "label": "metal02",
      "line_color": null,
      "fill_color": null,
      "points": [
        [
          268.04347826086956,
          406.52173913043475
        ],
        [
          280.0,
          400.0
        ],
        [
          281.0869565217391,
          342.39130434782606
        ],
        [
          271.30434782608694,
          341.8478260869565
        ],
        [
          267.5,
          345.65217391304344
        ],
        [
          268.04347826086956,
          359.7826086956522
        ],
        [
          203.91304347826087,
          376.6304347826087
        ],
        [
          207.7173913043478,
          382.6086956521739
        ],
        [
          269.67391304347825,
          368.4782608695652
        ],
        [
          269.67391304347825,
          375.0
        ],
        [
          216.95652173913044,
          386.4130434782609
        ],
        [
          222.39130434782606,
          394.5652173913043
        ],
        [
          268.04347826086956,
          384.78260869565213
        ],
        [
          267.5,
          391.8478260869565
        ],
        [
          230.54347826086956,
          400.54347826086956
        ],
        [
          239.23913043478257,
          405.9782608695652
        ],
        [
          269.67391304347825,
          397.82608695652175
        ]
      ],
      "shape_type": "polygon",
      "flags": {}
    }
  ],
  "lineColor": [
    0,
    255,
    0,
    128
  ],
  "fillColor": [
    255,
    0,
    0,
    128
  ],
  "imagePath": "..\\pic\\757.jpg",
  "imageData": "",
  "imageHeight": 512,
  "imageWidth": 512
}
