{
  "version": "4.5.6",
  "flags": {},
  "shapes": [
    {
      "label": "fabric01",
      "points": [
        [
          0.8730158730158593,
          388.88888888888886
        ],
        [
          158.015873015873,
          334.3915343915344
        ],
        [
          269.1269841269841,
          353.9682539682539
        ],
        [
          289.76190476190476,
          371.95767195767195
        ],
        [
          256.95767195767195,
          360.8465608465608
        ],
        [
          200.87301587301585,
          380.4232804232804
        ],
        [
          42.67195767195767,
          477.77777777777777
        ],
        [
          18.862433862433846,
          510.5820105820105
        ],
        [
          1.4021164021163912,
          510.5820105820105
        ]
      ],
      "group_id": null,
      "shape_type": "polygon",
      "flags": {}
    },
    {
      "label": "fabric02",
      "points": [
        [
          1.9312169312169232,
          323.28042328042324
        ],
        [
          138.96825396825395,
          339.15343915343914
        ],
        [
          0,
          388
        ]
      ],
      "group_id": null,
      "shape_type": "polygon",
      "flags": {}
    },
    {
      "label": "fabric03",
      "points": [
        [
          290.29100529100526,
          395.2380952380952
        ],
        [
          266.48148148148147,
          406.3492063492063
        ],
        [
          191.34920634920633,
          456.6137566137566
        ],
        [
          145.8465608465608,
          490.4761904761904
        ],
        [
          128.38624338624336,
          510.5820105820105
        ],
        [
          18.862433862433846,
          510.5820105820105
        ],
        [
          42.67195767195767,
          477.2486772486772
        ],
        [
          201.4021164021164,
          380.4232804232804
        ],
        [
          258.015873015873,
          359.78835978835974
        ],
        [
          289.2328042328042,
          371.4285714285714
        ]
      ],
      "group_id": null,
      "shape_type": "polygon",
      "flags": {}
    },
    {
      "label": "wood01",
      "points": [
        [
          1.4021164021163912,
          273.5449735449735
        ],
        [
          38.439153439153415,
          278.3068783068783
        ],
        [
          39.49735449735448,
          328.042328042328
        ],
        [
          1.4021164021163912,
          323.28042328042324
        ]
      ],
      "group_id": null,
      "shape_type": "polygon",
      "flags": {}
    },
    {
      "label": "wood02",
      "points": [
        [
          337.91005291005285,
          313.2275132275132
        ],
        [
          334.7354497354497,
          411.1111111111111
        ],
        [
          422.03703703703695,
          423.28042328042324
        ],
        [
          445.8465608465608,
          395.76719576719574
        ],
        [
          449.02116402116394,
          324.3386243386243
        ],
        [
          440.55555555555554,
          323.28042328042324
        ],
        [
          440.55555555555554,
          317.989417989418
        ]
      ],
      "group_id": null,
      "shape_type": "polygon",
      "flags": {}
    },
    {
      "label": "wood03",
      "points": [
        [
          108.28042328042326,
          293.6507936507936
        ],
        [
          109.86772486772486,
          334.3915343915344
        ],
        [
          139.49735449735448,
          339.15343915343914
        ],
        [
          158.54497354497352,
          334.9206349206349
        ],
        [
          178.1216931216931,
          337.56613756613757
        ],
        [
          178.1216931216931,
          300.0
        ]
      ],
      "group_id": null,
      "shape_type": "polygon",
      "flags": {}
    }
  ],
  "imagePath": "16.jpg",
  "imageData": "",
  "imageHeight": 512,
  "imageWidth": 512
}
