{
  "version": "3.20.1",
  "flags": {},
  "shapes": [
    {
      "label": "plastic01",
      "line_color": null,
      "fill_color": null,
      "points": [
        [
          350.6521739130435,
          152.17391304347825
        ],
        [
          324.5652173913044,
          352.7173913043478
        ],
        [
          375.1086956521739,
          330.9782608695652
        ],
        [
          407.71739130434776,
          307.6086956521739
        ],
        [
          471.8478260869565,
          110.8695652173913
        ],
        [
          465.32608695652175,
          76.63043478260869
        ],
        [
          457.17391304347825,
          115.76086956521739
        ],
        [
          439.78260869565213,
          131.52173913043478
        ],
        [
          399.5652173913044,
          141.30434782608694
        ],
        [
          374.5652173913044,
          149.45652173913044
        ]
      ],
      "shape_type": "polygon",
      "flags": {}
    },
    {
      "label": "wood01",
      "line_color": null,
      "fill_color": null,
      "points": [
        [
          290.3260869565217,
          323.9130434782609
        ],
        [
          230.54347826086956,
          356.52173913043475
        ],
        [
          234.3478260869565,
          508.15217391304344
        ],
        [
          372.9347826086956,
          508.15217391304344
        ],
        [
          418.0434782608695,
          448.3695652173913
        ],
        [
          425.1086956521739,
          314.1304347826087
        ],
        [
          408.8043478260869,
          308.695652173913
        ],
        [
          388.1521739130435,
          321.195652173913
        ],
        [
          352.28260869565213,
          344.5652173913043
        ],
        [
          321.8478260869565,
          353.80434782608694
        ],
        [
          324.5652173913044,
          342.39130434782606
        ],
        [
          294.1304347826087,
          339.67391304347825
        ],
        [
          293.04347826086956,
          328.80434782608694
        ]
      ],
      "shape_type": "polygon",
      "flags": {}
    },
    {
      "label": "wood02",
      "line_color": null,
      "fill_color": null,
      "points": [
        [
          5.543478260869563,
          286.4130434782609
        ],
        [
          49.565217391304344,
          295.1086956521739
        ],
        [
          59.3478260869565,
          322.2826086956522
        ],
        [
          89.23913043478262,
          308.15217391304344
        ],
        [
          97.39130434782606,
          382.6086956521739
        ],
        [
          66.95652173913044,
          402.17391304347825
        ],
        [
          66.95652173913044,
          411.4130434782609
        ],
        [
          55.54347826086956,
          417.39130434782606
        ],
        [
          34.891304347826065,
          434.78260869565213
        ],
        [
          49.02173913043478,
          388.04347826086956
        ],
        [
          47.93478260869563,
          373.9130434782609
        ],
        [
          44.13043478260869,
          365.7608695652174
        ],
        [
          31.63043478260869,
          359.7826086956522
        ],
        [
          3.3695652173912833,
          355.4347826086956
        ]
      ],
      "shape_type": "polygon",
      "flags": {}
    },
    {
      "label": "wood03",
      "line_color": null,
      "fill_color": null,
      "points": [
        [
          1.739130434782595,
          359.23913043478257
        ],
        [
          2.282608695652158,
          359.23913043478257
        ],
        [
          35.97826086956522,
          365.7608695652174
        ],
        [
          46.30434782608694,
          370.1086956521739
        ],
        [
          46.8478260869565,
          377.17391304347825
        ],
        [
          44.13043478260869,
          403.80434782608694
        ],
        [
          33.26086956521738,
          440.7608695652174
        ],
        [
          28.913043478260846,
          457.0652173913043
        ],
        [
          26.195652173913032,
          470.1086956521739
        ],
        [
          26.195652173913032,
          477.17391304347825
        ],
        [
          14.239130434782595,
          490.2173913043478
        ],
        [
          1.739130434782595,
          496.73913043478257
        ]
      ],
      "shape_type": "polygon",
      "flags": {}
    },
    {
      "label": "plastic02",
      "line_color": null,
      "fill_color": null,
      "points": [
        [
          9.891304347826065,
          260.32608695652175
        ],
        [
          24.02173913043478,
          250.0
        ],
        [
          27.82608695652172,
          244.02173913043478
        ],
        [
          66.95652173913044,
          234.78260869565216
        ],
        [
          74.56521739130432,
          236.41304347826085
        ],
        [
          78.91304347826087,
          288.04347826086956
        ],
        [
          69.13043478260869,
          300.54347826086956
        ],
        [
          62.065217391304316,
          301.6304347826087
        ],
        [
          55.0,
          294.02173913043475
        ],
        [
          25.108695652173907,
          286.4130434782609
        ],
        [
          10.434782608695656,
          283.15217391304344
        ],
        [
          7.173913043478251,
          266.8478260869565
        ]
      ],
      "shape_type": "polygon",
      "flags": {}
    },
    {
      "label": "wood04",
      "line_color": null,
      "fill_color": null,
      "points": [
        [
          159.89130434782606,
          282.0652173913043
        ],
        [
          165.32608695652175,
          306.52173913043475
        ],
        [
          210.43478260869563,
          310.32608695652175
        ],
        [
          251.73913043478257,
          319.02173913043475
        ],
        [
          272.9347826086956,
          302.7173913043478
        ],
        [
          307.17391304347825,
          305.9782608695652
        ],
        [
          315.3260869565217,
          296.7391304347826
        ],
        [
          324.5652173913044,
          283.695652173913
        ],
        [
          320.21739130434776,
          275.0
        ],
        [
          306.0869565217391,
          275.0
        ],
        [
          294.1304347826087,
          273.3695652173913
        ],
        [
          285.9782608695652,
          273.3695652173913
        ],
        [
          255.54347826086956,
          269.5652173913043
        ],
        [
          241.95652173913044,
          261.95652173913044
        ],
        [
          215.32608695652175,
          255.43478260869563
        ],
        [
          201.195652173913,
          257.0652173913043
        ],
        [
          182.7173913043478,
          267.39130434782606
        ],
        [
          157.17391304347825,
          267.39130434782606
        ],
        [
          151.195652173913,
          266.30434782608694
        ],
        [
          157.17391304347825,
          277.17391304347825
        ]
      ],
      "shape_type": "polygon",
      "flags": {}
    },
    {
      "label": "wood05",
      "line_color": null,
      "fill_color": null,
      "points": [
        [
          122.39130434782606,
          264.67391304347825
        ],
        [
          105.0,
          268.4782608695652
        ],
        [
          90.32608695652175,
          275.54347826086956
        ],
        [
          88.15217391304344,
          286.4130434782609
        ],
        [
          100.10869565217388,
          287.5
        ],
        [
          131.6304347826087,
          289.1304347826087
        ],
        [
          135.43478260869563,
          280.4347826086956
        ],
        [
          133.26086956521738,
          273.3695652173913
        ]
      ],
      "shape_type": "polygon",
      "flags": {}
    }
  ],
  "lineColor": [
    0,
    255,
    0,
    128
  ],
  "fillColor": [
    255,
    0,
    0,
    128
  ],
  "imagePath": "..\\pic\\792.jpg",
  "imageData": "",
  "imageHeight": 512,
  "imageWidth": 512
}
