{
  "version": "3.20.1",
  "flags": {},
  "shapes": [
    {
      "label": "glass01",
      "line_color": null,
      "fill_color": null,
      "points": [
        [
          510.058201058201,
          419.57671957671954
        ],
        [
          482.015873015873,
          403.7037037037037
        ],
        [
          471.4338624338624,
          397.3544973544973
        ],
        [
          456.6190476190476,
          392.59259259259255
        ],
        [
          421.1693121693121,
          391.005291005291
        ],
        [
          405.82539682539675,
          377.77777777777777
        ],
        [
          406.8835978835979,
          362.96296296296293
        ],
        [
          426.46031746031747,
          349.20634920634916
        ],
        [
          470.9047619047618,
          338.6243386243386
        ],
        [
          511,
          337
        ],
        [
          511,
          354
        ],
        [
          499.4761904761905,
          358.2010582010582
        ],
        [
          501.06349206349205,
          368.25396825396825
        ],
        [
          511,
          377
        ]
      ],
      "shape_type": "polygon",
      "flags": {}
    },
    {
      "label": "glass02",
      "line_color": null,
      "fill_color": null,
      "points": [
        [
          164.02645502645498,
          248.67724867724866
        ],
        [
          124.34391534391534,
          255.026455026455
        ],
        [
          187.30687830687827,
          297.8835978835979
        ],
        [
          365.61375661375655,
          242.3280423280423
        ],
        [
          370.37566137566137,
          237.56613756613754
        ],
        [
          345.5079365079365,
          223.28042328042326
        ],
        [
          343.92063492063494,
          229.1005291005291
        ],
        [
          356.08994708994703,
          234.39153439153438
        ],
        [
          338.1005291005291,
          245.5026455026455
        ],
        [
          322.2275132275132,
          244.44444444444443
        ],
        [
          302.1216931216931,
          245.5026455026455
        ],
        [
          291.53968253968253,
          254.49735449735448
        ],
        [
          266.6719576719576,
          260.8465608465608
        ],
        [
          261.91005291005285,
          259.7883597883598
        ],
        [
          240.2169312169312,
          266.66666666666663
        ],
        [
          225.9312169312169,
          261.90476190476187
        ],
        [
          216.4074074074074,
          254.49735449735448
        ],
        [
          204.23809523809518,
          252.91005291005288
        ],
        [
          201.59259259259255,
          262.43386243386243
        ],
        [
          177.78306878306876,
          268.25396825396825
        ],
        [
          166.67195767195767,
          260.3174603174603
        ],
        [
          169.8465608465608,
          250.26455026455025
        ]
      ],
      "shape_type": "polygon",
      "flags": {}
    },
    {
      "label": "metal01",
      "line_color": null,
      "fill_color": null,
      "points": [
        [
          120.11111111111109,
          260.8465608465608
        ],
        [
          120.11111111111109,
          314.8148148148148
        ],
        [
          136.5132275132275,
          304.76190476190476
        ],
        [
          137.57142857142856,
          270.8994708994709
        ]
      ],
      "shape_type": "polygon",
      "flags": {}
    },
    {
      "label": "metal02",
      "line_color": null,
      "fill_color": null,
      "points": [
        [
          184.66137566137564,
          301.05820105820106
        ],
        [
          186.77777777777777,
          431.7460317460317
        ],
        [
          191.53968253968253,
          431.7460317460317
        ],
        [
          196.8306878306878,
          395.2380952380952
        ],
        [
          202.1216931216931,
          348.14814814814815
        ],
        [
          202.1216931216931,
          314.2857142857143
        ],
        [
          198.41798941798942,
          297.8835978835979
        ]
      ],
      "shape_type": "polygon",
      "flags": {}
    },
    {
      "label": "metal03",
      "line_color": null,
      "fill_color": null,
      "points": [
        [
          382.015873015873,
          237.56613756613754
        ],
        [
          384.6613756613756,
          331.2169312169312
        ],
        [
          377.2539682539682,
          320.1058201058201
        ],
        [
          374.07936507936506,
          301.05820105820106
        ],
        [
          370.9047619047618,
          274.0740740740741
        ],
        [
          369.31746031746025,
          245.5026455026455
        ],
        [
          375.13756613756607,
          241.26984126984127
        ]
      ],
      "shape_type": "polygon",
      "flags": {}
    },
    {
      "label": "metal04",
      "line_color": null,
      "fill_color": null,
      "points": [
        [
          298.41798941798936,
          265.60846560846556
        ],
        [
          300.005291005291,
          292.06349206349205
        ],
        [
          307.4126984126984,
          289.9470899470899
        ],
        [
          309.5291005291005,
          264.55026455026456
        ]
      ],
      "shape_type": "polygon",
      "flags": {}
    },
    {
      "label": "fabric01",
      "line_color": null,
      "fill_color": null,
      "points": [
        [
          162.43915343915342,
          297.8835978835979
        ],
        [
          149.2116402116402,
          298.4126984126984
        ],
        [
          132.28042328042324,
          304.2328042328042
        ],
        [
          107.41269841269838,
          322.22222222222223
        ],
        [
          106.88359788359787,
          335.44973544973544
        ],
        [
          118.52380952380952,
          344.4444444444444
        ],
        [
          134.39682539682536,
          347.6190476190476
        ],
        [
          161.38095238095235,
          344.97354497354496
        ],
        [
          183.60317460317458,
          335.44973544973544
        ],
        [
          182.54497354497352,
          307.9365079365079
        ],
        [
          175.13756613756613,
          301.58730158730157
        ]
      ],
      "shape_type": "polygon",
      "flags": {}
    },
    {
      "label": "fabric02",
      "line_color": null,
      "fill_color": null,
      "points": [
        [
          310.058201058201,
          290.4761904761905
        ],
        [
          287.8359788359788,
          296.2962962962963
        ],
        [
          267.7301587301587,
          307.9365079365079
        ],
        [
          263.4973544973545,
          316.4021164021164
        ],
        [
          279.3703703703703,
          323.8095238095238
        ],
        [
          294.71428571428567,
          333.3333333333333
        ],
        [
          313.7619047619047,
          336.5079365079365
        ],
        [
          346.03703703703695,
          321.16402116402116
        ],
        [
          346.03703703703695,
          321.16402116402116
        ],
        [
          350.2698412698412,
          301.58730158730157
        ],
        [
          335.4550264550264,
          293.1216931216931
        ],
        [
          325.9312169312169,
          289.9470899470899
        ]
      ],
      "shape_type": "polygon",
      "flags": {}
    },
    {
      "label": "wood01",
      "line_color": null,
      "fill_color": null,
      "points": [
        [
          441.27513227513225,
          273.5449735449735
        ],
        [
          447.0952380952381,
          227.5132275132275
        ],
        [
          457.6772486772486,
          268.78306878306876
        ],
        [
          460.3227513227513,
          268.25396825396825
        ],
        [
          461.91005291005285,
          202.64550264550263
        ],
        [
          461.3809523809523,
          196.8253968253968
        ],
        [
          444.97883597883595,
          191.53439153439152
        ],
        [
          447.0952380952381,
          197.88359788359787
        ],
        [
          440.7460317460317,
          198.94179894179894
        ],
        [
          424.8730158730158,
          192.06349206349205
        ],
        [
          428.5767195767195,
          189.41798941798942
        ],
        [
          385.19047619047615,
          179.89417989417987
        ],
        [
          381.48677248677245,
          185.7142857142857
        ],
        [
          364.55555555555554,
          186.24338624338623
        ],
        [
          358.7354497354497,
          188.88888888888889
        ],
        [
          357.14814814814815,
          229.1005291005291
        ],
        [
          362.4391534391534,
          229.62962962962962
        ],
        [
          366.67195767195767,
          211.64021164021162
        ],
        [
          373.02116402116394,
          212.16931216931215
        ],
        [
          368.25925925925924,
          219.04761904761904
        ],
        [
          376.72486772486764,
          226.98412698412696
        ],
        [
          375.13756613756607,
          234.39153439153438
        ],
        [
          385.7195767195767,
          238.6243386243386
        ],
        [
          386.7777777777777,
          224.33862433862433
        ],
        [
          388.3650793650793,
          214.28571428571428
        ],
        [
          397.8888888888888,
          216.40211640211638
        ],
        [
          424.8730158730158,
          224.86772486772486
        ],
        [
          429.10582010582004,
          230.15873015873015
        ],
        [
          428.5767195767195,
          250.79365079365078
        ],
        [
          433.86772486772486,
          267.1957671957672
        ],
        [
          435.4550264550264,
          275.13227513227514
        ]
      ],
      "shape_type": "polygon",
      "flags": {}
    },
    {
      "label": "fabric03",
      "line_color": null,
      "fill_color": null,
      "points": [
        [
          1.063492063492049,
          357.1428571428571
        ],
        [
          20.640211640211618,
          350.2645502645502
        ],
        [
          31.2222222222222,
          327.5132275132275
        ],
        [
          31.751322751322732,
          320.6349206349206
        ],
        [
          95.24338624338623,
          296.2962962962963
        ],
        [
          102.65079365079362,
          335.44973544973544
        ],
        [
          101.59259259259255,
          359.25925925925924
        ],
        [
          92.5978835978836,
          396.29629629629625
        ],
        [
          87.83597883597884,
          403.7037037037037
        ],
        [
          97.35978835978835,
          398.4126984126984
        ],
        [
          101.06349206349205,
          385.18518518518516
        ],
        [
          107.94179894179894,
          379.89417989417984
        ],
        [
          124.34391534391534,
          373.5449735449735
        ],
        [
          122.22751322751321,
          388.88888888888886
        ],
        [
          121.16931216931215,
          404.2328042328042
        ],
        [
          116.40740740740739,
          419.57671957671954
        ],
        [
          113.76190476190476,
          429.10052910052906
        ],
        [
          122.22751322751321,
          421.16402116402116
        ],
        [
          124.34391534391534,
          409.5238095238095
        ],
        [
          125.93121693121691,
          402.11640211640207
        ],
        [
          134.39682539682536,
          395.76719576719574
        ],
        [
          146.037037037037,
          392.06349206349205
        ],
        [
          152.38624338624334,
          383.06878306878303
        ],
        [
          161.9100529100529,
          381.48148148148147
        ],
        [
          184.66137566137564,
          379.89417989417984
        ],
        [
          186.2486772486772,
          433.3333333333333
        ],
        [
          192.5978835978836,
          431.7460317460317
        ],
        [
          201.59259259259255,
          375.1322751322751
        ],
        [
          202.65079365079362,
          344.4444444444444
        ],
        [
          211.64550264550263,
          344.4444444444444
        ],
        [
          216.9365079365079,
          344.4444444444444
        ],
        [
          213.2328042328042,
          340.2116402116402
        ],
        [
          214.29100529100526,
          329.6296296296296
        ],
        [
          217.46560846560845,
          317.989417989418
        ],
        [
          229.6349206349206,
          308.46560846560845
        ],
        [
          241.80423280423275,
          308.99470899470896
        ],
        [
          252.38624338624334,
          310.05291005291
        ],
        [
          249.2116402116402,
          321.69312169312167
        ],
        [
          262.4391534391534,
          321.69312169312167
        ],
        [
          261.38095238095235,
          335.97883597883595
        ],
        [
          261.38095238095235,
          350.2645502645502
        ],
        [
          261.38095238095235,
          362.96296296296293
        ],
        [
          261.38095238095235,
          372.48677248677245
        ],
        [
          263.4973544973545,
          378.83597883597884
        ],
        [
          274.07936507936506,
          380.4232804232804
        ],
        [
          274.07936507936506,
          372.48677248677245
        ],
        [
          273.5502645502645,
          368.25396825396825
        ],
        [
          294.71428571428567,
          366.66666666666663
        ],
        [
          303.7089947089947,
          366.1375661375661
        ],
        [
          302.1216931216931,
          371.4285714285714
        ],
        [
          310.58730158730157,
          382.01058201058197
        ],
        [
          312.17460317460313,
          385.18518518518516
        ],
        [
          313.2328042328042,
          411.1111111111111
        ],
        [
          316.9365079365079,
          406.87830687830683
        ],
        [
          318.5238095238095,
          368.25396825396825
        ],
        [
          318.5238095238095,
          359.25925925925924
        ],
        [
          331.2222222222222,
          357.67195767195767
        ],
        [
          341.27513227513225,
          359.78835978835974
        ],
        [
          343.92063492063494,
          360.8465608465608
        ],
        [
          350.79894179894177,
          370.8994708994709
        ],
        [
          361.91005291005285,
          384.1269841269841
        ],
        [
          359.2645502645503,
          361.37566137566137
        ],
        [
          355.031746031746,
          353.4391534391534
        ],
        [
          351.32804232804233,
          320.6349206349206
        ],
        [
          358.7354497354497,
          318.5185185185185
        ],
        [
          359.7936507936507,
          307.9365079365079
        ],
        [
          362.968253968254,
          294.7089947089947
        ],
        [
          369.31746031746025,
          294.1798941798942
        ],
        [
          374.07936507936506,
          308.99470899470896
        ],
        [
          378.84126984126976,
          324.86772486772486
        ],
        [
          387.83597883597884,
          335.44973544973544
        ],
        [
          387.3068783068783,
          243.38624338624336
        ],
        [
          431.75132275132273,
          256.6137566137566
        ],
        [
          431.75132275132273,
          271.95767195767195
        ],
        [
          440.21693121693113,
          277.2486772486772
        ],
        [
          444.4497354497354,
          265.60846560846556
        ],
        [
          480.42857142857133,
          270.8994708994709
        ],
        [
          467.7301587301587,
          288.88888888888886
        ],
        [
          485.7195767195767,
          295.76719576719574
        ],
        [
          487.3068783068783,
          324.86772486772486
        ],
        [
          505.82539682539675,
          335.97883597883595
        ],
        [
          446.5661375661375,
          340.2116402116402
        ],
        [
          418.5238095238095,
          353.9682539682539
        ],
        [
          399.4761904761905,
          366.66666666666663
        ],
        [
          406.3544973544973,
          386.77248677248673
        ],
        [
          428.5767195767195,
          392.59259259259255
        ],
        [
          442.33333333333326,
          392.06349206349205
        ],
        [
          444.97883597883595,
          409.5238095238095
        ],
        [
          453.9735449735449,
          425.9259259259259
        ],
        [
          500.5343915343915,
          416.40211640211635
        ],
        [
          509.0,
          422.2222222222222
        ],
        [
          510.058201058201,
          510.5820105820105
        ],
        [
          308,
          511
        ],
        [
          0.5343915343915171,
          509.5238095238095
        ],
        [
          0,
          471
        ]
      ],
      "shape_type": "polygon",
      "flags": {}
    }
  ],
  "lineColor": [
    0,
    255,
    0,
    128
  ],
  "fillColor": [
    255,
    0,
    0,
    128
  ],
  "imagePath": "..\\pic\\882.jpg",
  "imageData": "",
  "imageHeight": 512,
  "imageWidth": 512
}
