{
  "version": "4.5.6",
  "flags": {},
  "shapes": [
    {
      "label": "fabric01",
      "points": [
        [
          23.624338624338606,
          259.25925925925924
        ],
        [
          55.899470899470884,
          330.6878306878307
        ],
        [
          86.05820105820104,
          347.6190476190476
        ],
        [
          85.5291005291005,
          367.7248677248677
        ],
        [
          119.92063492063491,
          352.9100529100529
        ],
        [
          107.2222222222222,
          274.0740740740741
        ],
        [
          98.22751322751321,
          249.73544973544972
        ],
        [
          93.99470899470899,
          256.08465608465605
        ],
        [
          63.835978835978835,
          256.08465608465605
        ],
        [
          30.502645502645493,
          253.96825396825395
        ]
      ],
      "group_id": null,
      "shape_type": "polygon",
      "flags": {}
    },
    {
      "label": "fabric02",
      "points": [
        [
          109.33862433862433,
          258.2010582010582
        ],
        [
          106.69312169312167,
          273.5449735449735
        ],
        [
          119.92063492063491,
          353.4391534391534
        ],
        [
          132.08994708994706,
          352.38095238095235
        ],
        [
          140.55555555555554,
          359.25925925925924
        ],
        [
          146.37566137566137,
          352.9100529100529
        ],
        [
          150.07936507936506,
          354.4973544973545
        ],
        [
          158.015873015873,
          349.7354497354497
        ],
        [
          177.59259259259255,
          347.6190476190476
        ],
        [
          178.65079365079362,
          340.2116402116402
        ],
        [
          171.24338624338623,
          310.5820105820106
        ],
        [
          153.78306878306876,
          273.5449735449735
        ],
        [
          141.6137566137566,
          267.1957671957672
        ],
        [
          137.91005291005288,
          267.1957671957672
        ]
      ],
      "group_id": null,
      "shape_type": "polygon",
      "flags": {}
    },
    {
      "label": "fabric03",
      "points": [
        [
          215.68783068783068,
          260.8465608465608
        ],
        [
          218.33333333333331,
          267.1957671957672
        ],
        [
          222.037037037037,
          337.037037037037
        ],
        [
          280.2380952380952,
          327.5132275132275
        ],
        [
          271.77248677248673,
          249.73544973544972
        ],
        [
          262.2486772486772,
          254.49735449735448
        ],
        [
          209.3386243386243,
          260.8465608465608
        ]
      ],
      "group_id": null,
      "shape_type": "polygon",
      "flags": {}
    },
    {
      "label": "fabric04",
      "points": [
        [
          283.94179894179894,
          322.75132275132273
        ],
        [
          305.6349206349206,
          323.28042328042324
        ],
        [
          298.2275132275132,
          300.5291005291005
        ],
        [
          295.5820105820106,
          249.73544973544972
        ],
        [
          298.7566137566137,
          234.9206349206349
        ],
        [
          286.58730158730157,
          240.74074074074073
        ],
        [
          270.18518518518516,
          243.38624338624336
        ],
        [
          264.89417989417984,
          249.73544973544972
        ],
        [
          237.9100529100529,
          247.6190476190476
        ],
        [
          237.9100529100529,
          256.08465608465605
        ],
        [
          263.3068783068783,
          254.49735449735448
        ],
        [
          270.71428571428567,
          248.14814814814812
        ]
      ],
      "group_id": null,
      "shape_type": "polygon",
      "flags": {}
    },
    {
      "label": "glass01",
      "points": [
        [
          298.2275132275132,
          371.4285714285714
        ],
        [
          292.4074074074074,
          392.59259259259255
        ],
        [
          315.1587301587301,
          398.94179894179894
        ],
        [
          318.3333333333333,
          396.8253968253968
        ],
        [
          329.4444444444444,
          400.5291005291005
        ],
        [
          352.7248677248677,
          405.82010582010577
        ],
        [
          370.71428571428567,
          400.0
        ],
        [
          371.2433862433862,
          385.71428571428567
        ],
        [
          363.8359788359788,
          383.06878306878303
        ],
        [
          368.06878306878303,
          375.1322751322751
        ],
        [
          407.75132275132273,
          385.71428571428567
        ],
        [
          427.32804232804233,
          411.6402116402116
        ],
        [
          388.17460317460313,
          431.7460317460317
        ],
        [
          305.1058201058201,
          426.98412698412693
        ],
        [
          259.0740740740741,
          403.17460317460313
        ],
        [
          265.4232804232804,
          381.48148148148147
        ]
      ],
      "group_id": null,
      "shape_type": "polygon",
      "flags": {}
    },
    {
      "label": "fabric05",
      "points": [
        [
          29.97354497354496,
          327.5132275132275
        ],
        [
          24.153439153439137,
          423.8095238095238
        ],
        [
          59.60317460317458,
          493.1216931216931
        ],
        [
          253.25396825396825,
          415.87301587301585
        ],
        [
          253.25396825396825,
          415.87301587301585
        ],
        [
          254.31216931216926,
          398.4126984126984
        ],
        [
          264.36507936507934,
          380.9523809523809
        ],
        [
          298.2275132275132,
          368.78306878306876
        ],
        [
          305.6349206349206,
          344.4444444444444
        ],
        [
          311.4550264550264,
          338.6243386243386
        ],
        [
          314.6296296296296,
          338.6243386243386
        ],
        [
          314.6296296296296,
          305.29100529100526
        ],
        [
          301.40211640211635,
          302.11640211640207
        ],
        [
          307.75132275132273,
          324.3386243386243
        ],
        [
          282.8835978835979,
          324.3386243386243
        ],
        [
          282.3544973544973,
          328.042328042328
        ],
        [
          220.44973544973544,
          339.15343915343914
        ],
        [
          216.74603174603175,
          272.48677248677245
        ],
        [
          156.95767195767195,
          275.66137566137564
        ],
        [
          171.77248677248673,
          309.5238095238095
        ],
        [
          178.65079365079362,
          338.6243386243386
        ],
        [
          178.65079365079362,
          347.0899470899471
        ],
        [
          156.95767195767195,
          349.7354497354497
        ],
        [
          149.55026455026456,
          354.4973544973545
        ],
        [
          145.8465608465608,
          352.9100529100529
        ],
        [
          141.08465608465605,
          359.78835978835974
        ],
        [
          131.56084656084656,
          353.9682539682539
        ],
        [
          119.39153439153438,
          352.9100529100529
        ],
        [
          83.94179894179894,
          367.7248677248677
        ],
        [
          85.0,
          348.14814814814815
        ],
        [
          54.84126984126982,
          330.6878306878307
        ],
        [
          45.846560846560834,
          311.1111111111111
        ],
        [
          45.846560846560834,
          321.16402116402116
        ],
        [
          40.02645502645501,
          321.69312169312167
        ]
      ],
      "group_id": null,
      "shape_type": "polygon",
      "flags": {}
    },
    {
      "label": "fabric06",
      "points": [
        [
          354.31216931216926,
          300.5291005291005
        ],
        [
          391.87830687830683,
          289.9470899470899
        ],
        [
          413.57142857142856,
          278.3068783068783
        ],
        [
          454.3121693121693,
          279.8941798941799
        ],
        [
          473.8888888888888,
          285.18518518518516
        ],
        [
          481.2962962962963,
          315.34391534391534
        ],
        [
          491.34920634920627,
          383.5978835978836
        ],
        [
          486.058201058201,
          406.87830687830683
        ],
        [
          465.95238095238096,
          418.5185185185185
        ],
        [
          449.5502645502645,
          420.1058201058201
        ],
        [
          428.9153439153439,
          411.6402116402116
        ],
        [
          406.16402116402116,
          384.1269841269841
        ],
        [
          367.01058201058197,
          373.5449735449735
        ],
        [
          373.35978835978835,
          340.7407407407407
        ],
        [
          369.6560846560846,
          330.1587301587301
        ],
        [
          365.4232804232804,
          330.6878306878307
        ],
        [
          363.3068783068783,
          325.39682539682536
        ],
        [
          355.8994708994709,
          325.39682539682536
        ],
        [
          362.77777777777777,
          307.9365079365079
        ]
      ],
      "group_id": null,
      "shape_type": "polygon",
      "flags": {}
    },
    {
      "label": "fabric07",
      "points": [
        [
          37.38095238095238,
          510.05291005291
        ],
        [
          264.89417989417984,
          411.6402116402116
        ],
        [
          299.2857142857143,
          432.27513227513225
        ],
        [
          384.47089947089944,
          439.68253968253964
        ],
        [
          428.9153439153439,
          417.989417989418
        ],
        [
          511,
          469
        ],
        [
          510.92592592592587,
          510.05291005291
        ]
      ],
      "group_id": null,
      "shape_type": "polygon",
      "flags": {}
    }
  ],
  "imagePath": "12.jpg",
  "imageData": "",
  "imageHeight": 512,
  "imageWidth": 512
}
