{
  "version": "3.20.1",
  "flags": {},
  "shapes": [
    {
      "label": "glass01",
      "line_color": null,
      "fill_color": null,
      "points": [
        [
          3.9130434782608745,
          59.23913043478261
        ],
        [
          5.0,
          204.89130434782606
        ],
        [
          79.45652173913044,
          203.26086956521738
        ],
        [
          75.65217391304344,
          175.54347826086956
        ],
        [
          112.60869565217388,
          175.54347826086956
        ],
        [
          107.71739130434781,
          200.0
        ],
        [
          112.60869565217388,
          197.82608695652172
        ],
        [
          126.195652173913,
          177.7173913043478
        ],
        [
          118.04347826086956,
          202.17391304347825
        ],
        [
          130.54347826086956,
          202.17391304347825
        ],
        [
          130.54347826086956,
          177.7173913043478
        ],
        [
          145.76086956521738,
          177.7173913043478
        ],
        [
          145.76086956521738,
          54.347826086956516
        ]
      ],
      "shape_type": "polygon",
      "flags": {}
    },
    {
      "label": "glass02",
      "line_color": null,
      "fill_color": null,
      "points": [
        [
          263.695652173913,
          58.15217391304348
        ],
        [
          263.695652173913,
          179.3478260869565
        ],
        [
          403.36956521739125,
          177.7173913043478
        ],
        [
          404.4565217391304,
          55.43478260869565
        ]
      ],
      "shape_type": "polygon",
      "flags": {}
    },
    {
      "label": "glass01",
      "line_color": null,
      "fill_color": null,
      "points": [
        [
          81.63043478260869,
          225.54347826086956
        ],
        [
          89.78260869565219,
          265.7608695652174
        ],
        [
          105.54347826086956,
          264.67391304347825
        ],
        [
          110.97826086956519,
          221.19565217391303
        ]
      ],
      "shape_type": "polygon",
      "flags": {}
    },
    {
      "label": "metal01",
      "line_color": null,
      "fill_color": null,
      "points": [
        [
          72.39130434782606,
          285.32608695652175
        ],
        [
          70.76086956521738,
          378.2608695652174
        ],
        [
          84.89130434782606,
          377.7173913043478
        ],
        [
          85.43478260869563,
          284.2391304347826
        ]
      ],
      "shape_type": "polygon",
      "flags": {}
    },
    {
      "label": "metal02",
      "line_color": null,
      "fill_color": null,
      "points": [
        [
          416.4130434782609,
          321.195652173913
        ],
        [
          413.695652173913,
          456.52173913043475
        ],
        [
          433.8043478260869,
          455.4347826086956
        ],
        [
          436.52173913043475,
          321.195652173913
        ]
      ],
      "shape_type": "polygon",
      "flags": {}
    },
    {
      "label": "plastic01",
      "line_color": null,
      "fill_color": null,
      "points": [
        [
          307.17391304347825,
          269.02173913043475
        ],
        [
          349.5652173913044,
          288.04347826086956
        ],
        [
          366.9565217391304,
          285.8695652173913
        ],
        [
          385.4347826086956,
          275.54347826086956
        ],
        [
          347.9347826086956,
          259.2391304347826
        ],
        [
          354.4565217391304,
          209.78260869565216
        ],
        [
          318.0434782608695,
          202.7173913043478
        ],
        [
          307.7173913043478,
          202.7173913043478
        ],
        [
          300.1086956521739,
          246.7391304347826
        ],
        [
          312.6086956521739,
          249.45652173913044
        ],
        [
          316.4130434782609,
          258.15217391304344
        ]
      ],
      "shape_type": "polygon",
      "flags": {}
    },
    {
      "label": "plastic02",
      "line_color": null,
      "fill_color": null,
      "points": [
        [
          422.391304347826,
          205.43478260869566
        ],
        [
          426.7391304347826,
          219.02173913043478
        ],
        [
          444.13043478260863,
          229.3478260869565
        ],
        [
          448.47826086956513,
          237.5
        ],
        [
          449.5652173913044,
          247.82608695652172
        ],
        [
          431.63043478260863,
          247.82608695652172
        ],
        [
          431.63043478260863,
          253.26086956521738
        ],
        [
          443.5869565217391,
          253.80434782608694
        ],
        [
          433.2608695652174,
          264.1304347826087
        ],
        [
          452.28260869565213,
          272.82608695652175
        ],
        [
          444.13043478260863,
          276.0869565217391
        ],
        [
          474.5652173913044,
          284.2391304347826
        ],
        [
          497.9347826086956,
          267.39130434782606
        ],
        [
          469.13043478260863,
          254.89130434782606
        ],
        [
          464.78260869565213,
          254.89130434782606
        ],
        [
          457.17391304347825,
          247.82608695652172
        ],
        [
          474.02173913043475,
          244.56521739130434
        ],
        [
          463.695652173913,
          196.19565217391303
        ]
      ],
      "shape_type": "polygon",
      "flags": {}
    },
    {
      "label": "metal01",
      "line_color": null,
      "fill_color": null,
      "points": [
        [
          218.04347826086956,
          151.08695652173913
        ],
        [
          249.02173913043475,
          150.0
        ],
        [
          255.0,
          147.82608695652172
        ],
        [
          238.695652173913,
          111.41304347826086
        ],
        [
          230.0,
          111.41304347826086
        ],
        [
          213.15217391304344,
          147.82608695652172
        ]
      ],
      "shape_type": "polygon",
      "flags": {}
    }
  ],
  "lineColor": [
    0,
    255,
    0,
    128
  ],
  "fillColor": [
    255,
    0,
    0,
    128
  ],
  "imagePath": "..\\pic\\795.jpg",
  "imageData": "",
  "imageHeight": 512,
  "imageWidth": 512
}
