{
  "version": "4.5.6",
  "flags": {},
  "shapes": [
    {
      "label": "wood01",
      "points": [
        [
          52.72486772486772,
          338.6243386243386
        ],
        [
          18.862433862433846,
          346.031746031746
        ],
        [
          3.518518518518505,
          449.20634920634916
        ],
        [
          176.5343915343915,
          386.2433862433862
        ],
        [
          115.15873015873015,
          325.9259259259259
        ],
        [
          109.86772486772486,
          343.38624338624334
        ],
        [
          109.86772486772486,
          351.3227513227513
        ],
        [
          117.80423280423278,
          354.4973544973545
        ],
        [
          118.33333333333331,
          371.95767195767195
        ],
        [
          115.68783068783068,
          375.1322751322751
        ],
        [
          119.39153439153438,
          379.36507936507934
        ],
        [
          101.40211640211638,
          393.6507936507936
        ],
        [
          83.94179894179894,
          389.9470899470899
        ],
        [
          87.64550264550263,
          385.71428571428567
        ],
        [
          87.64550264550263,
          374.6031746031746
        ],
        [
          60.13227513227511,
          379.89417989417984
        ],
        [
          53.783068783068785,
          355.55555555555554
        ]
      ],
      "group_id": null,
      "shape_type": "polygon",
      "flags": {}
    },
    {
      "label": "wood02",
      "points": [
        [
          288.7037037037037,
          296.8253968253968
        ],
        [
          266.48148148148147,
          301.58730158730157
        ],
        [
          295.05291005291,
          307.4074074074074
        ]
      ],
      "group_id": null,
      "shape_type": "polygon",
      "flags": {}
    },
    {
      "label": "wood03",
      "points": [
        [
          339.4973544973545,
          313.7566137566137
        ],
        [
          340.55555555555554,
          324.3386243386243
        ],
        [
          419.3915343915344,
          334.9206349206349
        ],
        [
          432.08994708994703,
          317.4603174603174
        ],
        [
          426.79894179894177,
          315.87301587301585
        ],
        [
          420.4497354497354,
          321.16402116402116
        ],
        [
          400.34391534391534,
          319.04761904761904
        ],
        [
          397.1693121693121,
          315.34391534391534
        ],
        [
          388.7037037037037,
          317.4603174603174
        ],
        [
          371.2433862433862,
          312.16931216931215
        ],
        [
          358.5449735449735,
          313.2275132275132
        ],
        [
          359.6031746031746,
          307.9365079365079
        ],
        [
          354.31216931216926,
          311.1111111111111
        ]
      ],
      "group_id": null,
      "shape_type": "polygon",
      "flags": {}
    },
    {
      "label": "wood04",
      "points": [
        [
          93.99470899470899,
          305.29100529100526
        ],
        [
          105.1058201058201,
          314.2857142857143
        ],
        [
          157.48677248677245,
          307.9365079365079
        ],
        [
          160.66137566137564,
          296.8253968253968
        ]
      ],
      "group_id": null,
      "shape_type": "polygon",
      "flags": {}
    },
    {
      "label": "wood05",
      "points": [
        [
          213.042328042328,
          298.4126984126984
        ],
        [
          230.50264550264546,
          294.7089947089947
        ],
        [
          216.2169312169312,
          291.5343915343915
        ]
      ],
      "group_id": null,
      "shape_type": "polygon",
      "flags": {}
    },
    {
      "label": "glass01",
      "points": [
        [
          295.05291005291,
          137.56613756613757
        ],
        [
          295.05291005291,
          247.6190476190476
        ],
        [
          327.85714285714283,
          246.56084656084656
        ],
        [
          327.85714285714283,
          123.28042328042328
        ]
      ],
      "group_id": null,
      "shape_type": "polygon",
      "flags": {}
    },
    {
      "label": "glass02",
      "points": [
        [
          390.82010582010577,
          96.82539682539682
        ],
        [
          389.2328042328042,
          243.38624338624336
        ],
        [
          451.66666666666663,
          242.3280423280423
        ],
        [
          452.72486772486764,
          69.84126984126983
        ]
      ],
      "group_id": null,
      "shape_type": "polygon",
      "flags": {}
    }
  ],
  "imagePath": "44.jpg",
  "imageData": "",
  "imageHeight": 512,
  "imageWidth": 512
}
