{
  "version": "3.20.1",
  "flags": {},
  "shapes": [
    {
      "label": "wood01",
      "line_color": null,
      "fill_color": null,
      "points": [
        [
          3.047619047619037,
          36.507936507936506
        ],
        [
          7.280423280423278,
          121.16402116402115
        ],
        [
          11.513227513227505,
          124.33862433862433
        ],
        [
          66.010582010582,
          123.8095238095238
        ],
        [
          54.899470899470884,
          132.80423280423278
        ],
        [
          8.86772486772486,
          134.9206349206349
        ],
        [
          12.571428571428555,
          188.35978835978835
        ],
        [
          88.76190476190476,
          183.06878306878306
        ],
        [
          89.29100529100529,
          191.53439153439152
        ],
        [
          99.87301587301585,
          195.2380952380952
        ],
        [
          162.30687830687827,
          192.59259259259258
        ],
        [
          166.01058201058197,
          184.65608465608463
        ],
        [
          196.69841269841265,
          182.53968253968253
        ],
        [
          201.98941798941797,
          187.83068783068782
        ],
        [
          226.32804232804233,
          190.47619047619045
        ],
        [
          242.73015873015873,
          185.18518518518516
        ],
        [
          262.83597883597884,
          182.53968253968253
        ],
        [
          260.19047619047615,
          190.47619047619045
        ],
        [
          290.87830687830683,
          190.47619047619045
        ],
        [
          290.87830687830683,
          197.35449735449734
        ],
        [
          14.687830687830683,
          214.28571428571428
        ],
        [
          40,
          511
        ],
        [
          1,
          511
        ],
        [
          1.4603174603174551,
          468.78306878306876
        ],
        [
          14.687830687830683,
          475.66137566137564
        ],
        [
          10.455026455026442,
          386.2433862433862
        ],
        [
          5.16402116402115,
          386.77248677248673
        ],
        [
          5.16402116402115,
          367.1957671957672
        ],
        [
          12.571428571428555,
          367.1957671957672
        ],
        [
          10.984126984126974,
          340.7407407407407
        ],
        [
          1.989417989417987,
          340.7407407407407
        ],
        [
          0.4021164021163912,
          314.2857142857143
        ],
        [
          7.280423280423278,
          314.2857142857143
        ],
        [
          1.4603174603174551,
          222.2222222222222
        ]
      ],
      "shape_type": "polygon",
      "flags": {}
    },
    {
      "label": "wood02",
      "line_color": null,
      "fill_color": null,
      "points": [
        [
          191.9365079365079,
          108.99470899470899
        ],
        [
          212.57142857142856,
          110.05291005291005
        ],
        [
          213.10052910052906,
          141.26984126984127
        ],
        [
          170.24338624338623,
          143.38624338624336
        ],
        [
          170.24338624338623,
          138.6243386243386
        ],
        [
          192.46560846560845,
          131.21693121693121
        ],
        [
          188.76190476190476,
          123.8095238095238
        ]
      ],
      "shape_type": "polygon",
      "flags": {}
    },
    {
      "label": "wood03",
      "line_color": null,
      "fill_color": null,
      "points": [
        [
          227.9153439153439,
          143.38624338624336
        ],
        [
          275.005291005291,
          142.32804232804233
        ],
        [
          281.3544973544973,
          131.74603174603175
        ],
        [
          285.58730158730157,
          107.93650793650792
        ],
        [
          226.85714285714283,
          108.99470899470899
        ],
        [
          226.85714285714283,
          123.28042328042328
        ]
      ],
      "shape_type": "polygon",
      "flags": {}
    },
    {
      "label": "wood04",
      "line_color": null,
      "fill_color": null,
      "points": [
        [
          462.83597883597884,
          105.82010582010581
        ],
        [
          462.83597883597884,
          135.44973544973544
        ],
        [
          511,
          135
        ],
        [
          511,
          107
        ],
        [
          511,
          107
        ]
      ],
      "shape_type": "polygon",
      "flags": {}
    },
    {
      "label": "wood05",
      "line_color": null,
      "fill_color": null,
      "points": [
        [
          462.3068783068783,
          186.77248677248676
        ],
        [
          511,
          184
        ],
        [
          511,
          173
        ],
        [
          499.8730158730158,
          170.89947089947088
        ],
        [
          487.7037037037037,
          172.48677248677248
        ],
        [
          471.8306878306878,
          174.07407407407408
        ],
        [
          467.59788359788354,
          174.60317460317458
        ],
        [
          461.24867724867715,
          175.1322751322751
        ]
      ],
      "shape_type": "polygon",
      "flags": {}
    },
    {
      "label": "wood06",
      "line_color": null,
      "fill_color": null,
      "points": [
        [
          35.322751322751316,
          0.5291005291005291
        ],
        [
          41.67195767195767,
          123.28042328042328
        ],
        [
          60.71957671957671,
          123.28042328042328
        ],
        [
          64.95238095238093,
          117.46031746031746
        ],
        [
          58.074074074074076,
          106.34920634920634
        ],
        [
          55.95767195767195,
          94.17989417989418
        ],
        [
          70.77248677248676,
          87.83068783068782
        ],
        [
          82.4126984126984,
          78.3068783068783
        ],
        [
          82.4126984126984,
          70.8994708994709
        ],
        [
          71.83068783068782,
          44.97354497354497
        ],
        [
          64.95238095238093,
          19.576719576719576
        ],
        [
          63.89417989417987,
          2.1164021164021163
        ]
      ],
      "shape_type": "polygon",
      "flags": {}
    },
    {
      "label": "wood07",
      "line_color": null,
      "fill_color": null,
      "points": [
        [
          22.624338624338606,
          288.35978835978835
        ],
        [
          24.740740740740733,
          328.042328042328
        ],
        [
          26.85714285714286,
          328.57142857142856
        ],
        [
          67.06878306878306,
          435.97883597883595
        ],
        [
          509.92592592592587,
          356.08465608465605
        ],
        [
          510.4550264550264,
          275.66137566137564
        ],
        [
          476.06349206349205,
          278.3068783068783
        ],
        [
          453.3121693121693,
          270.8994708994709
        ],
        [
          450.66666666666663,
          290.4761904761905
        ],
        [
          483.47089947089944,
          287.3015873015873
        ],
        [
          505.16402116402116,
          321.16402116402116
        ],
        [
          504.6349206349206,
          330.1587301587301
        ],
        [
          297.2275132275132,
          342.32804232804233
        ],
        [
          289.82010582010577,
          322.75132275132273
        ],
        [
          256.48677248677245,
          318.5185185185185
        ],
        [
          241.1428571428571,
          313.2275132275132
        ],
        [
          228.97354497354496,
          314.2857142857143
        ],
        [
          227.9153439153439,
          308.46560846560845
        ],
        [
          231.0899470899471,
          295.76719576719574
        ],
        [
          172.88888888888886,
          300.0
        ],
        [
          177.65079365079362,
          317.989417989418
        ],
        [
          168.1269841269841,
          322.22222222222223
        ],
        [
          137.43915343915342,
          326.4550264550264
        ],
        [
          142.73015873015873,
          337.56613756613757
        ],
        [
          202.51851851851848,
          320.6349206349206
        ],
        [
          208.3386243386243,
          324.86772486772486
        ],
        [
          215.2169312169312,
          322.22222222222223
        ],
        [
          325.26984126984127,
          353.9682539682539
        ],
        [
          322.0952380952381,
          365.60846560846556
        ],
        [
          213.10052910052906,
          403.17460317460313
        ],
        [
          155.4285714285714,
          374.6031746031746
        ],
        [
          123.68253968253967,
          390.4761904761904
        ],
        [
          42.730158730158706,
          371.4285714285714
        ],
        [
          40.61375661375661,
          361.90476190476187
        ],
        [
          64.4232804232804,
          350.7936507936508
        ],
        [
          95.64021164021162,
          356.08465608465605
        ],
        [
          89.29100529100529,
          348.67724867724866
        ],
        [
          91.93650793650792,
          333.3333333333333
        ],
        [
          93.52380952380952,
          325.9259259259259
        ],
        [
          76.59259259259258,
          318.5185185185185
        ],
        [
          69.7142857142857,
          312.16931216931215
        ],
        [
          60.71957671957671,
          311.1111111111111
        ],
        [
          60.71957671957671,
          304.2328042328042
        ],
        [
          64.4232804232804,
          289.4179894179894
        ],
        [
          56.48677248677248,
          289.4179894179894
        ],
        [
          47.492063492063494,
          289.4179894179894
        ],
        [
          37.439153439153415,
          285.18518518518516
        ]
      ],
      "shape_type": "polygon",
      "flags": {}
    },
    {
      "label": "plastic01",
      "line_color": null,
      "fill_color": null,
      "points": [
        [
          286.64550264550263,
          300.5291005291005
        ],
        [
          297.2275132275132,
          339.15343915343914
        ],
        [
          502.5185185185185,
          330.1587301587301
        ],
        [
          502.5185185185185,
          321.16402116402116
        ],
        [
          484.52910052910045,
          290.4761904761905
        ]
      ],
      "shape_type": "polygon",
      "flags": {}
    },
    {
      "label": "plastic02",
      "line_color": null,
      "fill_color": null,
      "points": [
        [
          65.48148148148147,
          289.9470899470899
        ],
        [
          63.89417989417987,
          306.87830687830683
        ],
        [
          101.46031746031744,
          331.74603174603175
        ],
        [
          110.98412698412696,
          336.5079365079365
        ],
        [
          123.68253968253967,
          333.8624338624338
        ],
        [
          131.08994708994706,
          331.2169312169312
        ],
        [
          134.79365079365078,
          326.4550264550264
        ],
        [
          171.8306878306878,
          320.1058201058201
        ],
        [
          176.59259259259255,
          310.05291005291
        ],
        [
          141.1428571428571,
          280.4232804232804
        ],
        [
          117.33333333333331,
          280.9523809523809
        ],
        [
          103.57671957671957,
          284.1269841269841
        ],
        [
          96.16931216931215,
          279.8941798941799
        ],
        [
          71.30158730158729,
          284.1269841269841
        ]
      ],
      "shape_type": "polygon",
      "flags": {}
    },
    {
      "label": "plastic03",
      "line_color": null,
      "fill_color": null,
      "points": [
        [
          41.14285714285714,
          360.8465608465608
        ],
        [
          43.78835978835977,
          369.31216931216926
        ],
        [
          121.56613756613754,
          390.4761904761904
        ],
        [
          153.31216931216932,
          375.1322751322751
        ],
        [
          147.4920634920635,
          365.07936507936506
        ],
        [
          66.53968253968253,
          351.85185185185185
        ]
      ],
      "shape_type": "polygon",
      "flags": {}
    },
    {
      "label": "plastic04",
      "line_color": null,
      "fill_color": null,
      "points": [
        [
          298.2857142857143,
          94.70899470899471
        ],
        [
          292.46560846560845,
          102.11640211640211
        ],
        [
          291.4074074074074,
          228.04232804232802
        ],
        [
          301.4603174603174,
          232.80423280423278
        ],
        [
          312.042328042328,
          233.33333333333331
        ],
        [
          312.042328042328,
          242.3280423280423
        ],
        [
          304.1058201058201,
          241.79894179894177
        ],
        [
          306.2222222222222,
          297.3544973544973
        ],
        [
          448.5502645502645,
          291.5343915343915
        ],
        [
          448.02116402116394,
          249.2063492063492
        ],
        [
          445.9047619047618,
          237.037037037037
        ],
        [
          442.7301587301587,
          232.80423280423278
        ],
        [
          456.48677248677245,
          232.27513227513225
        ],
        [
          459.6613756613756,
          226.98412698412696
        ],
        [
          460.19047619047615,
          97.35449735449735
        ],
        [
          449.07936507936506,
          95.23809523809523
        ]
      ],
      "shape_type": "polygon",
      "flags": {}
    },
    {
      "label": "metal01",
      "line_color": null,
      "fill_color": null,
      "points": [
        [
          216.27513227513225,
          128.04232804232802
        ],
        [
          215.2169312169312,
          177.77777777777777
        ],
        [
          207.28042328042324,
          179.36507936507937
        ],
        [
          201.98941798941797,
          184.65608465608463
        ],
        [
          211.5132275132275,
          186.77248677248676
        ],
        [
          221.56613756613757,
          187.83068783068782
        ],
        [
          230.03174603174602,
          188.35978835978835
        ],
        [
          242.20105820105817,
          180.95238095238093
        ],
        [
          230.56084656084653,
          182.010582010582
        ],
        [
          224.2116402116402,
          179.36507936507937
        ],
        [
          225.79894179894177,
          127.5132275132275
        ]
      ],
      "shape_type": "polygon",
      "flags": {}
    }
  ],
  "lineColor": [
    0,
    255,
    0,
    128
  ],
  "fillColor": [
    255,
    0,
    0,
    128
  ],
  "imagePath": "..\\pic\\888.jpg",
  "imageData": "",
  "imageHeight": 512,
  "imageWidth": 512
}
