{
  "version": "3.20.1",
  "flags": {},
  "shapes": [
    {
      "label": "plastic01",
      "line_color": null,
      "fill_color": null,
      "points": [
        [
          284.45652173913044,
          65.76086956521739
        ],
        [
          266.52173913043475,
          67.93478260869566
        ],
        [
          253.4782608695652,
          78.80434782608695
        ],
        [
          242.60869565217388,
          91.30434782608695
        ],
        [
          242.06521739130432,
          109.78260869565217
        ],
        [
          245.32608695652175,
          125.54347826086956
        ],
        [
          256.73913043478257,
          142.3913043478261
        ],
        [
          279.02173913043475,
          148.3695652173913
        ],
        [
          305.65217391304344,
          142.3913043478261
        ],
        [
          319.78260869565213,
          129.3478260869565
        ],
        [
          324.67391304347825,
          109.23913043478261
        ],
        [
          321.95652173913044,
          87.5
        ],
        [
          304.5652173913043,
          71.73913043478261
        ]
      ],
      "shape_type": "polygon",
      "flags": {}
    },
    {
      "label": "wood01",
      "line_color": null,
      "fill_color": null,
      "points": [
        [
          455.6521739130435,
          2.1739130434782608
        ],
        [
          466.52173913043475,
          39.67391304347826
        ],
        [
          474.67391304347825,
          38.586956521739125
        ],
        [
          475.21739130434776,
          78.80434782608695
        ],
        [
          432.82608695652175,
          0.5434782608695652
        ],
        [
          396.9565217391304,
          2.1739130434782608
        ],
        [
          301.8478260869565,
          70.1086956521739
        ],
        [
          320.3260869565217,
          85.8695652173913
        ],
        [
          417.0652173913044,
          8.152173913043478
        ],
        [
          480.6521739130435,
          125.54347826086956
        ],
        [
          349.67391304347825,
          140.76086956521738
        ],
        [
          324.1304347826087,
          151.6304347826087
        ],
        [
          290.9782608695652,
          152.17391304347825
        ],
        [
          210.54347826086956,
          160.86956521739128
        ],
        [
          245.8695652173913,
          132.6086956521739
        ],
        [
          239.89130434782606,
          117.39130434782608
        ],
        [
          192.60869565217388,
          145.1086956521739
        ],
        [
          188.26086956521738,
          189.67391304347825
        ],
        [
          279.02173913043475,
          176.08695652173913
        ],
        [
          367.0652173913044,
          161.95652173913044
        ],
        [
          380.6521739130435,
          158.15217391304347
        ],
        [
          438.2608695652174,
          156.52173913043478
        ],
        [
          481.195652173913,
          152.17391304347825
        ],
        [
          511,
          147
        ],
        [
          511,
          120
        ],
        [
          502.391304347826,
          124.45652173913042
        ],
        [
          498.0434782608695,
          26.630434782608695
        ],
        [
          505.6521739130435,
          22.82608695652174
        ],
        [
          504.5652173913044,
          2.717391304347826
        ]
      ],
      "shape_type": "polygon",
      "flags": {}
    },
    {
      "label": "wood02",
      "line_color": null,
      "fill_color": null,
      "points": [
        [
          177.39130434782606,
          3.260869565217391
        ],
        [
          266.52173913043475,
          64.67391304347825
        ],
        [
          276.30434782608694,
          64.67391304347825
        ],
        [
          277.9347826086956,
          57.065217391304344
        ],
        [
          206.73913043478257,
          2.1739130434782608
        ]
      ],
      "shape_type": "polygon",
      "flags": {}
    },
    {
      "label": "wood03",
      "line_color": null,
      "fill_color": null,
      "points": [
        [
          444.78260869565213,
          335.32608695652175
        ],
        [
          445.32608695652175,
          405.9782608695652
        ],
        [
          492.6086956521739,
          408.695652173913
        ],
        [
          493.695652173913,
          403.2608695652174
        ],
        [
          494.2391304347826,
          333.695652173913
        ],
        [
          484.4565217391304,
          336.4130434782609
        ]
      ],
      "shape_type": "polygon",
      "flags": {}
    },
    {
      "label": "wood04",
      "line_color": null,
      "fill_color": null,
      "points": [
        [
          164.3478260869565,
          337.5
        ],
        [
          165.43478260869563,
          422.82608695652175
        ],
        [
          171.95652173913044,
          422.28260869565213
        ],
        [
          175.2173913043478,
          392.39130434782606
        ],
        [
          182.2826086956522,
          399.45652173913044
        ],
        [
          217.60869565217388,
          404.89130434782606
        ],
        [
          359.4565217391304,
          421.73913043478257
        ],
        [
          367.6086956521739,
          427.7173913043478
        ],
        [
          366.52173913043475,
          463.5869565217391
        ],
        [
          374.13043478260863,
          462.5
        ],
        [
          375.7608695652174,
          428.2608695652174
        ],
        [
          396.4130434782609,
          402.7173913043478
        ],
        [
          390.4347826086956,
          392.9347826086956
        ],
        [
          385.5434782608695,
          385.32608695652175
        ],
        [
          375.7608695652174,
          370.65217391304344
        ],
        [
          374.13043478260863,
          355.4347826086956
        ],
        [
          368.695652173913,
          351.6304347826087
        ],
        [
          368.1521739130435,
          366.30434782608694
        ],
        [
          361.0869565217391,
          373.3695652173913
        ],
        [
          345.3260869565217,
          364.1304347826087
        ],
        [
          326.30434782608694,
          359.23913043478257
        ],
        [
          220.32608695652175,
          355.9782608695652
        ],
        [
          202.39130434782606,
          350.0
        ],
        [
          188.26086956521738,
          350.0
        ],
        [
          177.39130434782606,
          352.7173913043478
        ],
        [
          177.39130434782606,
          336.4130434782609
        ]
      ],
      "shape_type": "polygon",
      "flags": {}
    },
    {
      "label": "wood05",
      "line_color": null,
      "fill_color": null,
      "points": [
        [
          436.0869565217391,
          379.3478260869565
        ],
        [
          438.2608695652174,
          323.9130434782609
        ],
        [
          435.0,
          321.195652173913
        ],
        [
          435.5434782608695,
          311.4130434782609
        ],
        [
          432.28260869565213,
          311.4130434782609
        ],
        [
          431.7391304347826,
          324.45652173913044
        ],
        [
          376.8478260869565,
          321.195652173913
        ],
        [
          377.9347826086956,
          325.54347826086956
        ],
        [
          417.6086956521739,
          326.0869565217391
        ],
        [
          407.82608695652175,
          340.7608695652174
        ],
        [
          430.6521739130435,
          341.30434782608694
        ],
        [
          433.9130434782609,
          348.9130434782609
        ]
      ],
      "shape_type": "polygon",
      "flags": {}
    },
    {
      "label": "wood06",
      "line_color": null,
      "fill_color": null,
      "points": [
        [
          288.80434782608694,
          335.32608695652175
        ],
        [
          300.2173913043478,
          322.82608695652175
        ],
        [
          334.45652173913044,
          320.1086956521739
        ],
        [
          289.3478260869565,
          318.4782608695652
        ],
        [
          287.7173913043478,
          310.32608695652175
        ],
        [
          285.0,
          310.8695652173913
        ],
        [
          283.3695652173913,
          318.4782608695652
        ],
        [
          283.3695652173913,
          333.15217391304344
        ]
      ],
      "shape_type": "polygon",
      "flags": {}
    },
    {
      "label": "fabric01",
      "line_color": null,
      "fill_color": null,
      "points": [
        [
          0.7608695652173765,
          477.7173913043478
        ],
        [
          124.67391304347825,
          433.695652173913
        ],
        [
          374.13043478260863,
          482.6086956521739
        ],
        [
          351.8478260869565,
          509.23913043478257
        ],
        [
          1.847826086956502,
          509.78260869565213
        ]
      ],
      "shape_type": "polygon",
      "flags": {}
    },
    {
      "label": "fabric02",
      "line_color": null,
      "fill_color": null,
      "points": [
        [
          219.23913043478257,
          353.2608695652174
        ],
        [
          239.89130434782606,
          345.1086956521739
        ],
        [
          266.52173913043475,
          343.4782608695652
        ],
        [
          285.54347826086956,
          339.1304347826087
        ],
        [
          301.30434782608694,
          325.54347826086956
        ],
        [
          343.15217391304344,
          320.65217391304344
        ],
        [
          358.36956521739125,
          317.9347826086956
        ],
        [
          374.67391304347825,
          318.4782608695652
        ],
        [
          374.67391304347825,
          322.82608695652175
        ],
        [
          413.2608695652174,
          326.6304347826087
        ],
        [
          403.47826086956525,
          347.2826086956522
        ],
        [
          427.391304347826,
          347.82608695652175
        ],
        [
          427.391304347826,
          362.5
        ],
        [
          432.82608695652175,
          373.9130434782609
        ],
        [
          437.17391304347825,
          385.8695652173913
        ],
        [
          434.4565217391304,
          396.73913043478257
        ],
        [
          426.8478260869565,
          400.54347826086956
        ],
        [
          415.4347826086956,
          403.80434782608694
        ],
        [
          399.67391304347825,
          401.6304347826087
        ],
        [
          386.63043478260863,
          383.695652173913
        ],
        [
          375.7608695652174,
          368.4782608695652
        ],
        [
          375.21739130434776,
          356.52173913043475
        ],
        [
          369.2391304347826,
          351.6304347826087
        ],
        [
          368.695652173913,
          361.95652173913044
        ],
        [
          365.4347826086956,
          368.4782608695652
        ],
        [
          356.195652173913,
          367.39130434782606
        ],
        [
          335.54347826086956,
          360.8695652173913
        ],
        [
          321.4130434782609,
          358.15217391304344
        ]
      ],
      "shape_type": "polygon",
      "flags": {}
    },
    {
      "label": "glass01",
      "line_color": null,
      "fill_color": null,
      "points": [
        [
          4.021739130434781,
          187.5
        ],
        [
          1.3043478260869392,
          350.0
        ],
        [
          11.630434782608688,
          351.0869565217391
        ],
        [
          18.15217391304347,
          179.3478260869565
        ],
        [
          5.108695652173907,
          182.06521739130434
        ]
      ],
      "shape_type": "polygon",
      "flags": {}
    },
    {
      "label": "glass02",
      "line_color": null,
      "fill_color": null,
      "points": [
        [
          102.93478260869563,
          205.97826086956522
        ],
        [
          101.30434782608694,
          299.45652173913044
        ],
        [
          115.97826086956519,
          300.54347826086956
        ],
        [
          123.04347826086956,
          301.6304347826087
        ],
        [
          120.32608695652175,
          313.04347826086956
        ],
        [
          117.60869565217388,
          333.15217391304344
        ],
        [
          122.5,
          334.7826086956522
        ],
        [
          123.04347826086956,
          202.7173913043478
        ]
      ],
      "shape_type": "polygon",
      "flags": {}
    }
  ],
  "lineColor": [
    0,
    255,
    0,
    128
  ],
  "fillColor": [
    255,
    0,
    0,
    128
  ],
  "imagePath": "..\\pic\\665.jpg",
  "imageData": "",
  "imageHeight": 512,
  "imageWidth": 512
}
