{
  "version": "4.5.6",
  "flags": {},
  "shapes": [
    {
      "label": "wood01",
      "points": [
        [
          0.8730158730158593,
          342.32804232804233
        ],
        [
          94.52380952380952,
          309.5238095238095
        ],
        [
          118.86243386243385,
          310.05291005291
        ],
        [
          118.86243386243385,
          339.68253968253964
        ],
        [
          110.39682539682539,
          342.85714285714283
        ],
        [
          109.86772486772486,
          325.9259259259259
        ],
        [
          96.11111111111109,
          332.80423280423275
        ],
        [
          98.22751322751321,
          375.66137566137564
        ],
        [
          107.75132275132273,
          375.1322751322751
        ],
        [
          108.28042328042326,
          383.5978835978836
        ],
        [
          91.34920634920633,
          383.06878306878303
        ],
        [
          90.29100529100529,
          336.5079365079365
        ],
        [
          29.97354497354496,
          369.31216931216926
        ],
        [
          33.14814814814815,
          460.8465608465608
        ],
        [
          24.68253968253967,
          468.2539682539682
        ],
        [
          18.333333333333314,
          467.7248677248677
        ],
        [
          15.687830687830683,
          371.4285714285714
        ],
        [
          0,
          370
        ]
      ],
      "group_id": null,
      "shape_type": "polygon",
      "flags": {}
    },
    {
      "label": "wood02",
      "points": [
        [
          253.78306878306876,
          338.0952380952381
        ],
        [
          223.62433862433858,
          338.0952380952381
        ],
        [
          214.10052910052906,
          362.96296296296293
        ],
        [
          215.68783068783068,
          404.76190476190476
        ],
        [
          220.44973544973544,
          405.82010582010577
        ],
        [
          222.037037037037,
          388.88888888888886
        ],
        [
          302.4603174603174,
          388.88888888888886
        ],
        [
          303.5185185185185,
          405.82010582010577
        ],
        [
          306.16402116402116,
          405.29100529100526
        ],
        [
          308.28042328042324,
          361.37566137566137
        ],
        [
          298.2275132275132,
          338.6243386243386
        ],
        [
          264.36507936507934,
          337.037037037037
        ],
        [
          262.77777777777777,
          350.2645502645502
        ],
        [
          254.84126984126982,
          350.2645502645502
        ]
      ],
      "group_id": null,
      "shape_type": "polygon",
      "flags": {}
    },
    {
      "label": "fabric01",
      "points": [
        [
          141.6137566137566,
          383.06878306878303
        ],
        [
          137.91005291005288,
          399.47089947089944
        ],
        [
          144.7883597883598,
          426.98412698412693
        ],
        [
          207.75132275132273,
          428.042328042328
        ],
        [
          218.86243386243382,
          423.28042328042324
        ],
        [
          197.69841269841265,
          421.69312169312167
        ],
        [
          187.11640211640207,
          399.47089947089944
        ],
        [
          169.65608465608466,
          381.48148148148147
        ],
        [
          165.9523809523809,
          400.0
        ],
        [
          156.95767195767195,
          387.8306878306878
        ]
      ],
      "group_id": null,
      "shape_type": "polygon",
      "flags": {}
    },
    {
      "label": "fabric02",
      "points": [
        [
          272.8306878306878,
          427.5132275132275
        ],
        [
          281.29629629629625,
          418.5185185185185
        ],
        [
          309.86772486772486,
          420.1058201058201
        ],
        [
          322.037037037037,
          406.3492063492063
        ],
        [
          345.8465608465608,
          385.71428571428567
        ],
        [
          351.1375661375661,
          387.3015873015873
        ],
        [
          350.07936507936506,
          395.2380952380952
        ],
        [
          350.07936507936506,
          403.17460317460313
        ],
        [
          370.18518518518516,
          389.4179894179894
        ],
        [
          382.3544973544973,
          391.5343915343915
        ],
        [
          378.1216931216931,
          426.4550264550264
        ],
        [
          328.38624338624334,
          431.7460317460317
        ]
      ],
      "group_id": null,
      "shape_type": "polygon",
      "flags": {}
    },
    {
      "label": "fabric03",
      "points": [
        [
          164.36507936507934,
          308.99470899470896
        ],
        [
          143.73015873015873,
          319.57671957671954
        ],
        [
          150.60846560846556,
          342.32804232804233
        ],
        [
          177.06349206349205,
          341.79894179894177
        ]
      ],
      "group_id": null,
      "shape_type": "polygon",
      "flags": {}
    },
    {
      "label": "fabric04",
      "points": [
        [
          141.08465608465605,
          413.7566137566137
        ],
        [
          133.14814814814812,
          424.86772486772486
        ],
        [
          119.92063492063491,
          426.4550264550264
        ],
        [
          107.2222222222222,
          457.1428571428571
        ],
        [
          72.83068783068782,
          508.99470899470896
        ],
        [
          450.07936507936506,
          510.5820105820105
        ],
        [
          409.3386243386243,
          455.026455026455
        ],
        [
          396.1111111111111,
          426.4550264550264
        ],
        [
          387.11640211640207,
          424.86772486772486
        ],
        [
          379.1798941798941,
          415.34391534391534
        ],
        [
          377.59259259259255,
          428.042328042328
        ],
        [
          328.9153439153439,
          431.7460317460317
        ],
        [
          269.65608465608466,
          425.9259259259259
        ],
        [
          255.37037037037032,
          432.80423280423275
        ],
        [
          248.4920634920635,
          423.28042328042324
        ],
        [
          218.86243386243382,
          422.75132275132273
        ],
        [
          210.92592592592592,
          428.57142857142856
        ],
        [
          142.67195767195767,
          427.5132275132275
        ]
      ],
      "group_id": null,
      "shape_type": "polygon",
      "flags": {}
    },
    {
      "label": "fabric05",
      "points": [
        [
          204.57671957671954,
          358.2010582010582
        ],
        [
          185.5291005291005,
          396.29629629629625
        ],
        [
          190.82010582010582,
          407.4074074074074
        ],
        [
          215.68783068783068,
          404.2328042328042
        ],
        [
          214.10052910052906,
          364.021164021164
        ],
        [
          215.68783068783068,
          359.25925925925924
        ]
      ],
      "group_id": null,
      "shape_type": "polygon",
      "flags": {}
    },
    {
      "label": "fabric06",
      "points": [
        [
          221.5079365079365,
          404.76190476190476
        ],
        [
          255.37037037037032,
          407.9365079365079
        ],
        [
          302.989417989418,
          404.76190476190476
        ],
        [
          301.9312169312169,
          386.77248677248673
        ],
        [
          222.56613756613757,
          388.35978835978835
        ]
      ],
      "group_id": null,
      "shape_type": "polygon",
      "flags": {}
    },
    {
      "label": "fabric07",
      "points": [
        [
          319.3915343915344,
          359.25925925925924
        ],
        [
          307.75132275132273,
          360.3174603174603
        ],
        [
          306.16402116402116,
          405.29100529100526
        ],
        [
          322.037037037037,
          404.2328042328042
        ],
        [
          335.2645502645502,
          393.1216931216931
        ],
        [
          324.15343915343914,
          369.31216931216926
        ],
        [
          325.2116402116402,
          378.83597883597884
        ],
        [
          321.5079365079365,
          377.2486772486772
        ]
      ],
      "group_id": null,
      "shape_type": "polygon",
      "flags": {}
    },
    {
      "label": "fabric08",
      "points": [
        [
          360.1322751322751,
          312.69841269841265
        ],
        [
          348.49206349206344,
          340.7407407407407
        ],
        [
          374.9470899470899,
          341.26984126984127
        ],
        [
          382.8835978835979,
          321.16402116402116
        ],
        [
          377.59259259259255,
          321.69312169312167
        ]
      ],
      "group_id": null,
      "shape_type": "polygon",
      "flags": {}
    },
    {
      "label": "fabric09",
      "points": [
        [
          368.06878306878303,
          308.46560846560845
        ],
        [
          364.89417989417984,
          314.2857142857143
        ],
        [
          377.59259259259255,
          322.22222222222223
        ],
        [
          383.94179894179894,
          320.1058201058201
        ],
        [
          376.005291005291,
          340.7407407407407
        ],
        [
          346.90476190476187,
          340.2116402116402
        ],
        [
          356.95767195767195,
          316.9312169312169
        ],
        [
          319.9206349206349,
          316.4021164021164
        ],
        [
          318.8624338624338,
          356.08465608465605
        ],
        [
          335.7936507936508,
          390.4761904761904
        ],
        [
          347.43386243386243,
          384.65608465608466
        ],
        [
          352.1957671957672,
          385.71428571428567
        ],
        [
          351.1375661375661,
          401.58730158730157
        ],
        [
          368.06878306878303,
          391.005291005291
        ],
        [
          371.2433862433862,
          387.8306878306878
        ],
        [
          384.47089947089944,
          392.06349206349205
        ],
        [
          379.1798941798941,
          410.5820105820106
        ],
        [
          423.62433862433863,
          408.99470899470896
        ],
        [
          420.97883597883595,
          347.6190476190476
        ],
        [
          407.75132275132273,
          338.6243386243386
        ],
        [
          407.75132275132273,
          330.6878306878307
        ],
        [
          373.88888888888886,
          307.4074074074074
        ]
      ],
      "group_id": null,
      "shape_type": "polygon",
      "flags": {}
    },
    {
      "label": "fabric10",
      "points": [
        [
          172.8306878306878,
          317.4603174603174
        ],
        [
          201.4021164021164,
          316.4021164021164
        ],
        [
          202.98941798941797,
          357.67195767195767
        ],
        [
          186.58730158730157,
          395.2380952380952
        ],
        [
          170.71428571428572,
          379.89417989417984
        ],
        [
          165.9523809523809,
          399.47089947089944
        ],
        [
          158.54497354497352,
          388.35978835978835
        ],
        [
          142.67195767195767,
          382.01058201058197
        ],
        [
          137.91005291005288,
          396.8253968253968
        ],
        [
          140.026455026455,
          408.99470899470896
        ],
        [
          107.2222222222222,
          406.87830687830683
        ],
        [
          105.63492063492063,
          348.67724867724866
        ],
        [
          117.80423280423278,
          340.2116402116402
        ],
        [
          120.44973544973544,
          332.27513227513225
        ],
        [
          129.97354497354496,
          325.9259259259259
        ],
        [
          136.32275132275132,
          326.984126984127
        ],
        [
          146.37566137566137,
          342.85714285714283
        ],
        [
          178.1216931216931,
          342.32804232804233
        ]
      ],
      "group_id": null,
      "shape_type": "polygon",
      "flags": {}
    },
    {
      "label": "wood03",
      "points": [
        [
          510.92592592592587,
          431.2169312169312
        ],
        [
          447.4338624338624,
          386.2433862433862
        ],
        [
          445.8465608465608,
          191.00529100529099
        ],
        [
          455.8994708994709,
          186.77248677248676
        ],
        [
          456.42857142857144,
          374.0740740740741
        ],
        [
          510.92592592592587,
          409.5238095238095
        ]
      ],
      "group_id": null,
      "shape_type": "polygon",
      "flags": {}
    },
    {
      "label": "wood04",
      "points": [
        [
          456.42857142857144,
          186.77248677248676
        ],
        [
          456.42857142857144,
          199.47089947089947
        ],
        [
          495.05291005290997,
          188.88888888888889
        ],
        [
          498.2275132275132,
          401.058201058201
        ],
        [
          511,
          409
        ],
        [
          510.92592592592587,
          169.3121693121693
        ]
      ],
      "group_id": null,
      "shape_type": "polygon",
      "flags": {}
    }
  ],
  "imagePath": "9.jpg",
  "imageData": "",
  "imageHeight": 512,
  "imageWidth": 512
}
