{
  "version": "3.20.1",
  "flags": {},
  "shapes": [
    {
      "label": "fabric01",
      "line_color": null,
      "fill_color": null,
      "points": [
        [
          202.56521739130432,
          112.5
        ],
        [
          418.32608695652175,
          66.30434782608695
        ],
        [
          429.195652173913,
          160.86956521739128
        ],
        [
          417.2391304347826,
          154.3478260869565
        ],
        [
          396.0434782608695,
          107.6086956521739
        ],
        [
          359.0869565217391,
          101.08695652173913
        ],
        [
          348.7608695652174,
          101.08695652173913
        ],
        [
          325.9347826086956,
          119.56521739130434
        ],
        [
          299.30434782608694,
          105.97826086956522
        ],
        [
          294.4130434782609,
          106.52173913043478
        ],
        [
          274.30434782608694,
          125.54347826086956
        ],
        [
          253.10869565217388,
          113.58695652173913
        ],
        [
          249.8478260869565,
          121.73913043478261
        ],
        [
          244.95652173913044,
          118.47826086956522
        ],
        [
          224.30434782608694,
          135.32608695652172
        ],
        [
          219.95652173913044,
          132.6086956521739
        ],
        [
          206.91304347826087,
          179.3478260869565
        ],
        [
          198.76086956521738,
          167.93478260869566
        ]
      ],
      "shape_type": "polygon",
      "flags": {}
    },
    {
      "label": "wood01",
      "line_color": null,
      "fill_color": null,
      "points": [
        [
          22.67391304347825,
          178.26086956521738
        ],
        [
          29.739130434782595,
          279.3478260869565
        ],
        [
          56.36956521739128,
          272.82608695652175
        ],
        [
          60.717391304347814,
          267.9347826086956
        ],
        [
          119.95652173913044,
          259.2391304347826
        ],
        [
          153.65217391304344,
          255.43478260869563
        ],
        [
          158.0,
          248.36956521739128
        ],
        [
          165.06521739130432,
          247.28260869565216
        ],
        [
          166.695652173913,
          179.8913043478261
        ]
      ],
      "shape_type": "polygon",
      "flags": {}
    },
    {
      "label": "metal01",
      "line_color": null,
      "fill_color": null,
      "points": [
        [
          274.8478260869565,
          379.89130434782606
        ],
        [
          275.9347826086956,
          439.67391304347825
        ],
        [
          250.93478260869563,
          441.30434782608694
        ],
        [
          250.93478260869563,
          446.195652173913
        ],
        [
          272.67391304347825,
          445.65217391304344
        ],
        [
          278.65217391304344,
          472.8260869565217
        ],
        [
          272.67391304347825,
          483.695652173913
        ],
        [
          253.65217391304344,
          491.30434782608694
        ],
        [
          253.65217391304344,
          498.36956521739125
        ],
        [
          285.7173913043478,
          492.39130434782606
        ],
        [
          312.3478260869565,
          492.9347826086956
        ],
        [
          312.89130434782606,
          488.04347826086956
        ],
        [
          288.4347826086956,
          484.78260869565213
        ],
        [
          285.7173913043478,
          445.65217391304344
        ],
        [
          298.2173913043478,
          443.4782608695652
        ],
        [
          298.2173913043478,
          437.5
        ],
        [
          285.17391304347825,
          440.2173913043478
        ],
        [
          282.45652173913044,
          379.89130434782606
        ]
      ],
      "shape_type": "polygon",
      "flags": {}
    }
  ],
  "lineColor": [
    0,
    255,
    0,
    128
  ],
  "fillColor": [
    255,
    0,
    0,
    128
  ],
  "imagePath": "..\\pic\\402.jpg",
  "imageData": "",
  "imageHeight": 512,
  "imageWidth": 512
}
