{
  "version": "4.5.6",
  "flags": {},
  "shapes": [
    {
      "label": "fabric01",
      "points": [
        [
          0.0,
          425.0
        ],
        [
          115.15873015873015,
          386.2433862433862
        ],
        [
          143.20105820105817,
          391.005291005291
        ],
        [
          151.13756613756613,
          413.2275132275132
        ],
        [
          160.66137566137564,
          413.2275132275132
        ],
        [
          181.8253968253968,
          380.9523809523809
        ],
        [
          198.75661375661372,
          378.3068783068783
        ],
        [
          444.25925925925924,
          428.042328042328
        ],
        [
          444.7883597883598,
          433.8624338624338
        ],
        [
          280.76719576719574,
          507.4074074074074
        ],
        [
          0.3439153439153415,
          441.79894179894177
        ]
      ],
      "group_id": null,
      "shape_type": "polygon",
      "flags": {}
    },
    {
      "label": "glass01",
      "points": [
        [
          25.2116402116402,
          0.5291005291005291
        ],
        [
          25.2116402116402,
          357.67195767195767
        ],
        [
          47.96296296296296,
          349.7354497354497
        ],
        [
          44.78835978835977,
          322.22222222222223
        ],
        [
          50.07936507936506,
          316.4021164021164
        ],
        [
          49.55026455026453,
          224.33862433862433
        ],
        [
          53.25396825396825,
          219.57671957671957
        ],
        [
          45.846560846560834,
          203.17460317460316
        ],
        [
          44.25925925925924,
          171.42857142857142
        ],
        [
          61.190476190476176,
          163.4920634920635
        ],
        [
          70.7142857142857,
          172.48677248677248
        ],
        [
          71.24338624338623,
          216.9312169312169
        ],
        [
          76.53439153439152,
          216.9312169312169
        ],
        [
          78.12169312169311,
          1.0582010582010581
        ]
      ],
      "group_id": null,
      "shape_type": "polygon",
      "flags": {}
    },
    {
      "label": "glass02",
      "points": [
        [
          83.4126984126984,
          1.5873015873015872
        ],
        [
          80.76719576719574,
          198.94179894179894
        ],
        [
          89.76190476190476,
          174.60317460317458
        ],
        [
          97.69841269841268,
          186.77248677248676
        ],
        [
          85.0,
          218.5185185185185
        ],
        [
          89.76190476190476,
          221.69312169312167
        ],
        [
          86.58730158730157,
          303.7037037037037
        ],
        [
          96.11111111111109,
          304.2328042328042
        ],
        [
          97.16931216931215,
          273.5449735449735
        ],
        [
          113.57142857142856,
          271.95767195767195
        ],
        [
          95.58201058201058,
          242.85714285714283
        ],
        [
          101.93121693121691,
          228.57142857142856
        ],
        [
          122.03703703703701,
          221.16402116402114
        ],
        [
          121.5079365079365,
          0.0
        ]
      ],
      "group_id": null,
      "shape_type": "polygon",
      "flags": {}
    },
    {
      "label": "glass03",
      "points": [
        [
          152.7248677248677,
          0.5291005291005291
        ],
        [
          152.1957671957672,
          217.98941798941797
        ],
        [
          165.9523809523809,
          234.39153439153438
        ],
        [
          168.5978835978836,
          0.0
        ]
      ],
      "group_id": null,
      "shape_type": "polygon",
      "flags": {}
    },
    {
      "label": "metal01",
      "points": [
        [
          63.835978835978835,
          379.89417989417984
        ],
        [
          74.94708994708992,
          402.11640211640207
        ],
        [
          88.17460317460316,
          384.1269841269841
        ],
        [
          84.47089947089947,
          380.9523809523809
        ],
        [
          77.59259259259258,
          394.1798941798942
        ],
        [
          70.18518518518516,
          378.3068783068783
        ]
      ],
      "group_id": null,
      "shape_type": "polygon",
      "flags": {}
    },
    {
      "label": "metal02",
      "points": [
        [
          147.43386243386243,
          391.005291005291
        ],
        [
          153.25396825396825,
          415.34391534391534
        ],
        [
          159.07407407407408,
          414.2857142857143
        ],
        [
          180.23809523809524,
          382.53968253968253
        ],
        [
          173.35978835978835,
          382.53968253968253
        ],
        [
          156.95767195767195,
          406.87830687830683
        ]
      ],
      "group_id": null,
      "shape_type": "polygon",
      "flags": {}
    },
    {
      "label": "metal03",
      "points": [
        [
          370.71428571428567,
          389.4179894179894
        ],
        [
          397.1693121693121,
          419.57671957671954
        ],
        [
          403.5185185185185,
          419.57671957671954
        ],
        [
          411.4550264550264,
          395.2380952380952
        ],
        [
          406.6931216931216,
          394.1798941798942
        ],
        [
          400.34391534391534,
          413.7566137566137
        ],
        [
          380.76719576719574,
          391.005291005291
        ]
      ],
      "group_id": null,
      "shape_type": "polygon",
      "flags": {}
    }
  ],
  "imagePath": "18.jpg",
  "imageData": "",
  "imageHeight": 512,
  "imageWidth": 512
}
