{
  "version": "3.20.1",
  "flags": {},
  "shapes": [
    {
      "label": "fabric01",
      "line_color": null,
      "fill_color": null,
      "points": [
        [
          66.15217391304347,
          113.04347826086956
        ],
        [
          69.95652173913044,
          169.56521739130434
        ],
        [
          74.30434782608694,
          252.17391304347825
        ],
        [
          122.13043478260869,
          247.28260869565216
        ],
        [
          111.80434782608694,
          152.17391304347825
        ],
        [
          107.45652173913044,
          118.47826086956522
        ],
        [
          105.82608695652175,
          114.67391304347825
        ]
      ],
      "shape_type": "polygon",
      "flags": {}
    },
    {
      "label": "plastic01",
      "line_color": null,
      "fill_color": null,
      "points": [
        [
          3.108695652173907,
          77.17391304347825
        ],
        [
          113.97826086956519,
          85.8695652173913
        ],
        [
          117.23913043478262,
          112.5
        ],
        [
          3.108695652173907,
          110.32608695652173
        ]
      ],
      "shape_type": "polygon",
      "flags": {}
    },
    {
      "label": "wood01",
      "line_color": null,
      "fill_color": null,
      "points": [
        [
          330.28260869565213,
          248.91304347826085
        ],
        [
          322.1304347826087,
          247.82608695652172
        ],
        [
          304.73913043478257,
          251.08695652173913
        ],
        [
          307.45652173913044,
          296.7391304347826
        ],
        [
          352.5652173913044,
          286.95652173913044
        ],
        [
          362.3478260869565,
          286.4130434782609
        ],
        [
          362.891304347826,
          280.9782608695652
        ],
        [
          352.5652173913044,
          272.2826086956522
        ],
        [
          365.6086956521739,
          260.8695652173913
        ],
        [
          373.7608695652174,
          253.80434782608694
        ],
        [
          341.15217391304344,
          257.0652173913043
        ]
      ],
      "shape_type": "polygon",
      "flags": {}
    },
    {
      "label": "fabric02",
      "line_color": null,
      "fill_color": null,
      "points": [
        [
          120.5,
          327.17391304347825
        ],
        [
          359.0869565217391,
          288.5869565217391
        ],
        [
          365.6086956521739,
          280.9782608695652
        ],
        [
          356.9130434782609,
          271.195652173913
        ],
        [
          404.195652173913,
          245.65217391304347
        ],
        [
          446.0434782608695,
          245.65217391304347
        ],
        [
          493.86956521739125,
          248.36956521739128
        ],
        [
          502.5652173913044,
          251.6304347826087
        ],
        [
          481.9130434782609,
          266.8478260869565
        ],
        [
          505.82608695652175,
          276.6304347826087
        ],
        [
          488.97826086956513,
          285.8695652173913
        ],
        [
          508.0,
          289.1304347826087
        ],
        [
          511,
          296
        ],
        [
          500.9347826086956,
          318.4782608695652
        ],
        [
          491.1521739130435,
          322.2826086956522
        ],
        [
          495.5,
          345.1086956521739
        ],
        [
          454.7391304347826,
          357.6086956521739
        ],
        [
          369.4130434782609,
          383.15217391304344
        ],
        [
          283.54347826086956,
          394.5652173913043
        ],
        [
          278.65217391304344,
          388.5869565217391
        ],
        [
          243.32608695652175,
          401.0869565217391
        ],
        [
          223.76086956521738,
          395.1086956521739
        ],
        [
          221.58695652173913,
          357.6086956521739
        ],
        [
          209.08695652173913,
          353.80434782608694
        ],
        [
          203.10869565217388,
          357.6086956521739
        ]
      ],
      "shape_type": "polygon",
      "flags": {}
    },
    {
      "label": "wood02",
      "line_color": null,
      "fill_color": null,
      "points": [
        [
          80.82608695652172,
          320.65217391304344
        ],
        [
          86.80434782608694,
          396.195652173913
        ],
        [
          206.3695652173913,
          442.39130434782606
        ],
        [
          203.10869565217388,
          359.23913043478257
        ],
        [
          94.41304347826087,
          325.0
        ]
      ],
      "shape_type": "polygon",
      "flags": {}
    },
    {
      "label": "metal01",
      "line_color": null,
      "fill_color": null,
      "points": [
        [
          289.52173913043475,
          129.3478260869565
        ],
        [
          303.65217391304344,
          293.4782608695652
        ],
        [
          305.8260869565217,
          292.39130434782606
        ],
        [
          296.04347826086956,
          128.26086956521738
        ]
      ],
      "shape_type": "polygon",
      "flags": {}
    }
  ],
  "lineColor": [
    0,
    255,
    0,
    128
  ],
  "fillColor": [
    255,
    0,
    0,
    128
  ],
  "imagePath": "..\\pic\\391.jpg",
  "imageData": "",
  "imageHeight": 512,
  "imageWidth": 512
}
