{
  "version": "4.5.6",
  "flags": {},
  "shapes": [
    {
      "label": "fabric01",
      "points": [
        [
          132.08994708994706,
          56.08465608465608
        ],
        [
          142.1428571428571,
          346.031746031746
        ],
        [
          179.17989417989418,
          338.6243386243386
        ],
        [
          163.30687830687827,
          53.439153439153436
        ]
      ],
      "group_id": null,
      "shape_type": "polygon",
      "flags": {}
    },
    {
      "label": "fabric02",
      "points": [
        [
          334.7354497354497,
          31.216931216931215
        ],
        [
          334.7354497354497,
          342.32804232804233
        ],
        [
          335.2645502645502,
          348.67724867724866
        ],
        [
          358.5449735449735,
          353.9682539682539
        ],
        [
          398.7566137566138,
          353.9682539682539
        ],
        [
          396.6402116402116,
          21.16402116402116
        ]
      ],
      "group_id": null,
      "shape_type": "polygon",
      "flags": {}
    },
    {
      "label": "glass01",
      "points": [
        [
          166.48148148148147,
          102.64550264550265
        ],
        [
          179.70899470899468,
          321.69312169312167
        ],
        [
          201.9312169312169,
          322.22222222222223
        ],
        [
          193.46560846560845,
          99.47089947089947
        ]
      ],
      "group_id": null,
      "shape_type": "polygon",
      "flags": {}
    },
    {
      "label": "glass02",
      "points": [
        [
          205.1058201058201,
          94.70899470899471
        ],
        [
          213.042328042328,
          323.8095238095238
        ],
        [
          259.6031746031746,
          324.86772486772486
        ],
        [
          255.37037037037032,
          91.005291005291
        ]
      ],
      "group_id": null,
      "shape_type": "polygon",
      "flags": {}
    },
    {
      "label": "plastic01",
      "points": [
        [
          420.4497354497354,
          362.96296296296293
        ],
        [
          422.03703703703695,
          434.3915343915344
        ],
        [
          431.56084656084647,
          445.50264550264546
        ],
        [
          456.9576719576719,
          450.2645502645502
        ],
        [
          461.7195767195767,
          445.50264550264546
        ],
        [
          469.65608465608466,
          370.8994708994709
        ],
        [
          458.54497354497346,
          356.6137566137566
        ],
        [
          438.968253968254,
          358.73015873015873
        ]
      ],
      "group_id": null,
      "shape_type": "polygon",
      "flags": {}
    },
    {
      "label": "plastic02",
      "points": [
        [
          401.40211640211635,
          0.5291005291005291
        ],
        [
          398.2275132275132,
          12.16931216931217
        ],
        [
          399.8148148148148,
          97.88359788359787
        ],
        [
          425.2116402116402,
          39.15343915343915
        ],
        [
          428.38624338624334,
          0.5291005291005291
        ]
      ],
      "group_id": null,
      "shape_type": "polygon",
      "flags": {}
    },
    {
      "label": "wood01",
      "points": [
        [
          425.2116402116402,
          329.10052910052906
        ],
        [
          402.9894179894179,
          331.2169312169312
        ],
        [
          397.1693121693121,
          343.9153439153439
        ],
        [
          405.10582010582004,
          384.1269841269841
        ],
        [
          418.8624338624338,
          395.2380952380952
        ],
        [
          418.8624338624338,
          361.37566137566137
        ],
        [
          438.4391534391534,
          355.026455026455
        ]
      ],
      "group_id": null,
      "shape_type": "polygon",
      "flags": {}
    },
    {
      "label": "wood02",
      "points": [
        [
          465.4232804232804,
          439.15343915343914
        ],
        [
          495.5820105820105,
          510.5820105820105
        ],
        [
          438.968253968254,
          508.99470899470896
        ],
        [
          435.7936507936507,
          491.5343915343915
        ],
        [
          428.38624338624334,
          489.9470899470899
        ],
        [
          426.2698412698412,
          462.43386243386243
        ],
        [
          415.6878306878307,
          452.91005291005285
        ],
        [
          410.92592592592587,
          437.037037037037
        ],
        [
          410.3968253968253,
          424.3386243386243
        ],
        [
          414.62962962962956,
          420.1058201058201
        ],
        [
          419.3915343915344,
          417.989417989418
        ],
        [
          422.03703703703695,
          432.80423280423275
        ],
        [
          434.7354497354497,
          447.6190476190476
        ],
        [
          456.9576719576719,
          450.7936507936508
        ]
      ],
      "group_id": null,
      "shape_type": "polygon",
      "flags": {}
    }
  ],
  "imagePath": "31.jpg",
  "imageData": "",
  "imageHeight": 512,
  "imageWidth": 512
}
