{
  "version": "3.18.0",
  "flags": {},
  "shapes": [
    {
      "label": "wood01",
      "line_color": null,
      "fill_color": null,
      "points": [
        [
          1.8020304568527905,
          145.68527918781726
        ],
        [
          12,
          511
        ],
        [
          0,
          511
        ]
      ],
      "shape_type": "polygon",
      "flags": {}
    },
    {
      "label": "wood02",
      "line_color": null,
      "fill_color": null,
      "points": [
        [
          325.65989847715736,
          100.0
        ],
        [
          325.65989847715736,
          377.15736040609136
        ],
        [
          414.49238578680206,
          393.9086294416244
        ],
        [
          416.52284263959393,
          292.89340101522845
        ],
        [
          337.84263959390864,
          282.74111675126903
        ],
        [
          339.3654822335025,
          110.15228426395939
        ],
        [
          415.507614213198,
          97.96954314720813
        ],
        [
          413.98477157360406,
          81.21827411167513
        ]
      ],
      "shape_type": "polygon",
      "flags": {}
    },
    {
      "label": "wood03",
      "line_color": null,
      "fill_color": null,
      "points": [
        [
          27.69035532994924,
          160.40609137055839
        ],
        [
          29.213197969543145,
          223.85786802030458
        ],
        [
          44.44162436548223,
          177.66497461928935
        ],
        [
          168.2994923857868,
          180.2030456852792
        ],
        [
          168.2994923857868,
          218.78172588832487
        ],
        [
          191.64974619289342,
          165.48223350253807
        ],
        [
          42.411167512690355,
          157.36040609137055
        ]
      ],
      "shape_type": "polygon",
      "flags": {}
    },
    {
      "label": "wood04",
      "line_color": null,
      "fill_color": null,
      "points": [
        [
          7.385786802030452,
          275.1269035532995
        ],
        [
          194.69543147208122,
          259.39086294416245
        ],
        [
          196.7258883248731,
          252.28426395939087
        ],
        [
          211.9543147208122,
          251.7766497461929
        ],
        [
          219.06091370558374,
          264.9746192893401
        ],
        [
          217.53807106598987,
          289.34010152284264
        ],
        [
          200.2791878172589,
          284.26395939086296
        ],
        [
          93.68020304568529,
          304.56852791878174
        ],
        [
          73.88324873096448,
          307.10659898477155
        ],
        [
          6.370558375634516,
          294.9238578680203
        ]
      ],
      "shape_type": "polygon",
      "flags": {}
    },
    {
      "label": "wood05",
      "line_color": null,
      "fill_color": null,
      "points": [
        [
          263.2233502538071,
          327.9187817258883
        ],
        [
          261.7005076142132,
          331.4720812182741
        ],
        [
          261.1928934010152,
          342.1319796954315
        ],
        [
          263.7309644670051,
          345.6852791878173
        ],
        [
          255.60913705583755,
          351.2690355329949
        ],
        [
          258.65482233502536,
          357.3604060913706
        ],
        [
          272.3604060913706,
          355.3299492385787
        ],
        [
          267.79187817258884,
          346.7005076142132
        ],
        [
          269.8223350253807,
          342.1319796954315
        ],
        [
          267.79187817258884,
          336.04060913705587
        ]
      ],
      "shape_type": "polygon",
      "flags": {}
    },
    {
      "label": "wood06",
      "line_color": null,
      "fill_color": null,
      "points": [
        [
          270.3299492385787,
          351.2690355329949
        ],
        [
          278.9593908629442,
          346.1928934010152
        ],
        [
          319.06091370558374,
          353.8071065989848
        ],
        [
          318.0456852791878,
          359.39086294416245
        ],
        [
          315.0,
          360.9137055837563
        ],
        [
          315.507614213198,
          375.6345177664975
        ],
        [
          252.56345177664974,
          360.4060913705584
        ],
        [
          273.88324873096445,
          356.8527918781726
        ]
      ],
      "shape_type": "polygon",
      "flags": {}
    },
    {
      "label": "plastic01",
      "line_color": null,
      "fill_color": null,
      "points": [
        [
          257.6395939086294,
          289.34010152284264
        ],
        [
          247.48730964467006,
          322.84263959390864
        ],
        [
          260.1776649746193,
          325.88832487309645
        ],
        [
          281.497461928934,
          325.38071065989845
        ],
        [
          272.3604060913706,
          288.83248730964465
        ]
      ],
      "shape_type": "polygon",
      "flags": {}
    },
    {
      "label": "fabric01",
      "line_color": null,
      "fill_color": null,
      "points": [
        [
          311.4467005076142,
          460.9137055837563
        ],
        [
          368.29949238578683,
          458.3756345177665
        ],
        [
          383.5279187817259,
          454.31472081218277
        ],
        [
          400.78680203045684,
          456.8527918781726
        ],
        [
          395.71065989847716,
          478.1725888324873
        ],
        [
          404.84771573604064,
          510.1522842639594
        ],
        [
          471,
          511
        ],
        [
          488.60406091370555,
          509.6446700507614
        ],
        [
          487.08121827411173,
          497.46192893401013
        ],
        [
          482.51269035532994,
          485.2791878172589
        ],
        [
          488.60406091370555,
          463.4517766497462
        ],
        [
          471.85279187817264,
          439.0862944162437
        ],
        [
          418.0456852791878,
          436.5482233502538
        ],
        [
          413.98477157360406,
          416.751269035533
        ],
        [
          381.497461928934,
          410.65989847715736
        ],
        [
          346.4720812182741,
          421.3197969543147
        ],
        [
          331.751269035533,
          426.39593908629445
        ],
        [
          325.1522842639594,
          425.88832487309645
        ],
        [
          318.0456852791878,
          435.02538071065993
        ],
        [
          310.43147208121826,
          437.0558375634518
        ],
        [
          307.38578680203045,
          447.71573604060916
        ]
      ],
      "shape_type": "polygon",
      "flags": {}
    },
    {
      "label": "fabric02",
      "line_color": null,
      "fill_color": null,
      "points": [
        [
          178.9593908629442,
          352.28426395939084
        ],
        [
          165.253807106599,
          409.1370558375635
        ],
        [
          269.8223350253807,
          416.24365482233503
        ],
        [
          264.74619289340103,
          388.83248730964465
        ],
        [
          267.79187817258884,
          372.0812182741117
        ],
        [
          236.8274111675127,
          357.3604060913706
        ]
      ],
      "shape_type": "polygon",
      "flags": {}
    },
    {
      "label": "fabric03",
      "line_color": null,
      "fill_color": null,
      "points": [
        [
          221.5989847715736,
          354.8223350253807
        ],
        [
          210.93908629441626,
          347.71573604060916
        ],
        [
          133.78172588832487,
          338.07106598984774
        ],
        [
          145.45685279187816,
          374.11167512690355
        ],
        [
          146.47208121827413,
          396.9543147208122
        ],
        [
          167.28426395939087,
          396.9543147208122
        ],
        [
          178.9593908629442,
          351.2690355329949
        ]
      ],
      "shape_type": "polygon",
      "flags": {}
    },
    {
      "label": "fabric04",
      "line_color": null,
      "fill_color": null,
      "points": [
        [
          8.401015228426402,
          294.9238578680203
        ],
        [
          25.659898477157356,
          418.7817258883249
        ],
        [
          66.26903553299493,
          401.52284263959393
        ],
        [
          144.44162436548223,
          387.3096446700508
        ],
        [
          145.96446700507616,
          373.0964467005076
        ],
        [
          134.7969543147208,
          338.5786802030457
        ],
        [
          150.0253807106599,
          340.1015228426396
        ],
        [
          130.73604060913706,
          301.01522842639594
        ],
        [
          93.68020304568529,
          304.06091370558374
        ],
        [
          73.37563451776649,
          306.5989847715736
        ]
      ],
      "shape_type": "polygon",
      "flags": {}
    },
    {
      "label": "fabric05",
      "line_color": null,
      "fill_color": null,
      "points": [
        [
          131.751269035533,
          298.98477157360406
        ],
        [
          150.0253807106599,
          340.60913705583755
        ],
        [
          210.93908629441626,
          347.71573604060916
        ],
        [
          222.10659898477155,
          355.3299492385787
        ],
        [
          251.04060913705587,
          358.88324873096445
        ],
        [
          222.61421319796955,
          304.06091370558374
        ],
        [
          224.13705583756348,
          297.9695431472081
        ],
        [
          217.53807106598987,
          289.84771573604064
        ],
        [
          201.80203045685278,
          284.26395939086296
        ],
        [
          154.59390862944161,
          298.47715736040607
        ]
      ],
      "shape_type": "polygon",
      "flags": {}
    },
    {
      "label": "fabric06",
      "line_color": null,
      "fill_color": null,
      "points": [
        [
          9.923857868020306,
          403.0456852791878
        ],
        [
          15.0,
          412.6903553299492
        ],
        [
          22.614213197969548,
          404.56852791878174
        ],
        [
          7.385786802030452,
          294.9238578680203
        ]
      ],
      "shape_type": "polygon",
      "flags": {}
    },
    {
      "label": "fabric07",
      "line_color": null,
      "fill_color": null,
      "points": [
        [
          12.46192893401016,
          510.65989847715736
        ],
        [
          402.3096446700508,
          509.6446700507614
        ],
        [
          395.71065989847716,
          477.66497461928935
        ],
        [
          399.7715736040609,
          457.3604060913706
        ],
        [
          383.5279187817259,
          454.31472081218277
        ],
        [
          368.29949238578683,
          458.88324873096445
        ],
        [
          310.93908629441626,
          460.4060913705584
        ],
        [
          305.8629441624366,
          447.20812182741116
        ],
        [
          309.4162436548223,
          437.56345177664974
        ],
        [
          317.0304568527919,
          435.02538071065993
        ],
        [
          324.6446700507614,
          425.88832487309645
        ],
        [
          331.24365482233503,
          425.88832487309645
        ],
        [
          380.98984771573606,
          410.1522842639594
        ],
        [
          414.49238578680206,
          416.24365482233503
        ],
        [
          417.53807106598987,
          435.53299492385787
        ],
        [
          472.3604060913706,
          438.5786802030457
        ],
        [
          489.61928934010155,
          461.4213197969543
        ],
        [
          482.51269035532994,
          486.8020304568528
        ],
        [
          488.0964467005076,
          497.9695431472081
        ],
        [
          488.0964467005076,
          510.1522842639594
        ],
        [
          511,
          510
        ],
        [
          510.93908629441626,
          420.81218274111677
        ],
        [
          495.71065989847716,
          412.1827411167513
        ],
        [
          252.0558375634518,
          360.4060913705584
        ],
        [
          237.33502538071065,
          356.8527918781726
        ],
        [
          267.79187817258884,
          371.57360406091374
        ],
        [
          264.74619289340103,
          388.83248730964465
        ],
        [
          269.8223350253807,
          416.751269035533
        ],
        [
          164.74619289340103,
          408.6294416243655
        ],
        [
          167.28426395939087,
          397.9695431472081
        ],
        [
          146.9796954314721,
          397.46192893401013
        ],
        [
          145.45685279187816,
          388.83248730964465
        ],
        [
          65.253807106599,
          400.507614213198
        ],
        [
          26.675126903553306,
          418.7817258883249
        ],
        [
          23.629441624365484,
          406.0913705583756
        ],
        [
          16.015228426395936,
          413.70558375634516
        ],
        [
          8.401015228426402,
          403.0456852791878
        ]
      ],
      "shape_type": "polygon",
      "flags": {}
    },
    {
      "label": "plastic02",
      "line_color": null,
      "fill_color": null,
      "points": [
        [
          436.0,
          0.0
        ],
        [
          443.93401015228426,
          24.873096446700508
        ],
        [
          462.71573604060916,
          42.131979695431475
        ],
        [
          487.08121827411173,
          37.055837563451774
        ],
        [
          511,
          14
        ],
        [
          511,
          1
        ]
      ],
      "shape_type": "polygon",
      "flags": {}
    },
    {
      "label": "glass01",
      "line_color": null,
      "fill_color": null,
      "points": [
        [
          340.38071065989845,
          110.65989847715736
        ],
        [
          340.38071065989845,
          159.89847715736042
        ],
        [
          370.83756345177665,
          157.86802030456852
        ],
        [
          369.31472081218277,
          105.0761421319797
        ]
      ],
      "shape_type": "polygon",
      "flags": {}
    },
    {
      "label": "glass02",
      "line_color": null,
      "fill_color": null,
      "points": [
        [
          376.4213197969543,
          105.58375634517766
        ],
        [
          378.4517766497462,
          157.86802030456852
        ],
        [
          411.9543147208122,
          156.3451776649746
        ],
        [
          410.93908629441626,
          100.0
        ]
      ],
      "shape_type": "polygon",
      "flags": {}
    },
    {
      "label": "glass03",
      "line_color": null,
      "fill_color": null,
      "points": [
        [
          340.38071065989845,
          170.0507614213198
        ],
        [
          340.38071065989845,
          223.85786802030458
        ],
        [
          371.8527918781726,
          223.3502538071066
        ],
        [
          371.34517766497464,
          168.02030456852793
        ]
      ],
      "shape_type": "polygon",
      "flags": {}
    },
    {
      "label": "glass04",
      "line_color": null,
      "fill_color": null,
      "points": [
        [
          376.4213197969543,
          168.02030456852793
        ],
        [
          379.46700507614213,
          223.3502538071066
        ],
        [
          412.46192893401013,
          223.85786802030458
        ],
        [
          410.93908629441626,
          164.9746192893401
        ]
      ],
      "shape_type": "polygon",
      "flags": {}
    },
    {
      "label": "glass05",
      "line_color": null,
      "fill_color": null,
      "points": [
        [
          342.4111675126904,
          230.96446700507616
        ],
        [
          342.4111675126904,
          282.74111675126903
        ],
        [
          370.3299492385787,
          285.2791878172589
        ],
        [
          371.34517766497464,
          231.9796954314721
        ]
      ],
      "shape_type": "polygon",
      "flags": {}
    },
    {
      "label": "glass06",
      "line_color": null,
      "fill_color": null,
      "points": [
        [
          377.94416243654825,
          231.9796954314721
        ],
        [
          378.9593908629442,
          287.3096446700508
        ],
        [
          413.98477157360406,
          292.89340101522845
        ],
        [
          412.46192893401013,
          232.48730964467006
        ]
      ],
      "shape_type": "polygon",
      "flags": {}
    }
  ],
  "lineColor": [
    0,
    255,
    0,
    128
  ],
  "fillColor": [
    255,
    0,
    0,
    128
  ],
  "imagePath": "8a9d72a.jpg",
  "imageData": "",
  "imageHeight": 512,
  "imageWidth": 512
}
