{
  "version": "4.5.6",
  "flags": {},
  "shapes": [
    {
      "label": "fabric01",
      "points": [
        [
          164.8941798941799,
          107.93650793650792
        ],
        [
          158.015873015873,
          357.67195767195767
        ],
        [
          285.0,
          382.53968253968253
        ],
        [
          301.9312169312169,
          396.29629629629625
        ],
        [
          304.04761904761904,
          407.4074074074074
        ],
        [
          403.5185185185185,
          425.9259259259259
        ],
        [
          412.51322751322743,
          407.9365079365079
        ],
        [
          425.74074074074076,
          171.42857142857142
        ],
        [
          413.57142857142856,
          158.7301587301587
        ],
        [
          416.21693121693113,
          100.52910052910052
        ]
      ],
      "group_id": null,
      "shape_type": "polygon",
      "flags": {}
    },
    {
      "label": "plastic01",
      "points": [
        [
          418.8624338624338,
          100.52910052910052
        ],
        [
          416.21693121693113,
          154.49735449735448
        ],
        [
          433.14814814814815,
          155.026455026455
        ],
        [
          453.78306878306876,
          122.75132275132275
        ],
        [
          459.074074074074,
          68.25396825396825
        ],
        [
          445.8465608465608,
          65.07936507936508
        ],
        [
          432.6190476190476,
          68.78306878306879
        ]
      ],
      "group_id": null,
      "shape_type": "polygon",
      "flags": {}
    },
    {
      "label": "fabric02",
      "points": [
        [
          70.18518518518516,
          287.8306878306878
        ],
        [
          96.64021164021162,
          284.1269841269841
        ],
        [
          104.57671957671957,
          344.97354497354496
        ],
        [
          69.65608465608463,
          362.43386243386243
        ]
      ],
      "group_id": null,
      "shape_type": "polygon",
      "flags": {}
    },
    {
      "label": "fabric03",
      "points": [
        [
          68.06878306878306,
          362.43386243386243
        ],
        [
          102.98941798941797,
          343.38624338624334
        ],
        [
          151.13756613756613,
          359.25925925925924
        ],
        [
          283.94179894179894,
          383.06878306878303
        ],
        [
          300.87301587301585,
          396.8253968253968
        ],
        [
          307.2222222222222,
          454.4973544973545
        ],
        [
          277,
          511
        ],
        [
          63.835978835978835,
          510.5820105820105
        ]
      ],
      "group_id": null,
      "shape_type": "polygon",
      "flags": {}
    },
    {
      "label": "wood01",
      "points": [
        [
          72.83068783068782,
          1.5873015873015872
        ],
        [
          64,
          511
        ],
        [
          0,
          510
        ],
        [
          1.4021164021163912,
          0.5291005291005291
        ]
      ],
      "group_id": null,
      "shape_type": "polygon",
      "flags": {}
    },
    {
      "label": "wood02",
      "points": [
        [
          76.53439153439152,
          51.85185185185185
        ],
        [
          164.8941798941799,
          106.87830687830687
        ],
        [
          418.8624338624338,
          100.0
        ],
        [
          435.7936507936507,
          66.66666666666666
        ],
        [
          443.2010582010581,
          62.43386243386243
        ],
        [
          447.96296296296293,
          62.96296296296296
        ],
        [
          472.30158730158723,
          1.5873015873015872
        ],
        [
          426.2698412698412,
          1.5873015873015872
        ],
        [
          417.27513227513225,
          58.201058201058196
        ],
        [
          168.06878306878303,
          78.3068783068783
        ],
        [
          71.24338624338623,
          7.936507936507936
        ],
        [
          70.7142857142857,
          44.97354497354497
        ]
      ],
      "group_id": null,
      "shape_type": "polygon",
      "flags": {}
    }
  ],
  "imagePath": "80.jpg",
  "imageData": "",
  "imageHeight": 512,
  "imageWidth": 512
}
