{
  "version": "4.5.6",
  "flags": {},
  "shapes": [
    {
      "label": "wood01",
      "points": [
        [
          136.85185185185185,
          333.3333333333333
        ],
        [
          74.41798941798942,
          373.5449735449735
        ],
        [
          77.06349206349205,
          387.8306878306878
        ],
        [
          89.23280423280423,
          391.005291005291
        ],
        [
          87.64550264550263,
          510.05291005291
        ],
        [
          172.3015873015873,
          508.46560846560845
        ],
        [
          172.3015873015873,
          502.64550264550263
        ],
        [
          192.9365079365079,
          434.3915343915344
        ],
        [
          195.58201058201058,
          353.9682539682539
        ],
        [
          203.51851851851848,
          344.4444444444444
        ],
        [
          202.98941798941797,
          333.3333333333333
        ],
        [
          171.77248677248673,
          331.74603174603175
        ],
        [
          184.47089947089944,
          342.85714285714283
        ],
        [
          171.77248677248673,
          363.4920634920635
        ],
        [
          142.67195767195767,
          360.3174603174603
        ]
      ],
      "group_id": null,
      "shape_type": "polygon",
      "flags": {}
    },
    {
      "label": "wood02",
      "points": [
        [
          286.058201058201,
          395.2380952380952
        ],
        [
          285.5291005291005,
          453.9682539682539
        ],
        [
          290.82010582010577,
          463.49206349206344
        ],
        [
          290.82010582010577,
          498.4126984126984
        ],
        [
          355.8994708994709,
          496.8253968253968
        ],
        [
          352.7248677248677,
          420.6349206349206
        ],
        [
          338.4391534391534,
          394.7089947089947
        ]
      ],
      "group_id": null,
      "shape_type": "polygon",
      "flags": {}
    },
    {
      "label": "wood03",
      "points": [
        [
          363.3068783068783,
          390.4761904761904
        ],
        [
          363.3068783068783,
          452.91005291005285
        ],
        [
          380.2380952380952,
          485.71428571428567
        ],
        [
          460.6613756613756,
          487.8306878306878
        ],
        [
          460.6613756613756,
          412.16931216931215
        ],
        [
          428.38624338624334,
          386.77248677248673
        ],
        [
          419.3915343915344,
          386.77248677248673
        ],
        [
          421.5079365079365,
          397.3544973544973
        ],
        [
          395.5820105820105,
          409.5238095238095
        ],
        [
          381.29629629629625,
          410.05291005291
        ]
      ],
      "group_id": null,
      "shape_type": "polygon",
      "flags": {}
    },
    {
      "label": "glass01",
      "points": [
        [
          459.6031746031746,
          139.15343915343914
        ],
        [
          461.19047619047615,
          404.76190476190476
        ],
        [
          463.83597883597884,
          412.69841269841265
        ],
        [
          462.24867724867715,
          425.9259259259259
        ],
        [
          477.06349206349205,
          437.037037037037
        ],
        [
          476.0052910052909,
          128.04232804232802
        ]
      ],
      "group_id": null,
      "shape_type": "polygon",
      "flags": {}
    },
    {
      "label": "glass02",
      "points": [
        [
          445.31746031746025,
          147.0899470899471
        ],
        [
          446.37566137566137,
          396.8253968253968
        ],
        [
          451.66666666666663,
          402.11640211640207
        ],
        [
          451.13756613756607,
          143.9153439153439
        ]
      ],
      "group_id": null,
      "shape_type": "polygon",
      "flags": {}
    }
  ],
  "imagePath": "51.jpg",
  "imageData": "",
  "imageHeight": 512,
  "imageWidth": 512
}
