{
  "version": "3.20.1",
  "flags": {},
  "shapes": [
    {
      "label": "glass01",
      "line_color": null,
      "fill_color": null,
      "points": [
        [
          371.3043478260869,
          73.91304347826086
        ],
        [
          369.67391304347825,
          110.32608695652173
        ],
        [
          396.8478260869565,
          113.58695652173913
        ],
        [
          396.3043478260869,
          71.19565217391305
        ]
      ],
      "shape_type": "polygon",
      "flags": {}
    },
    {
      "label": "glass02",
      "line_color": null,
      "fill_color": null,
      "points": [
        [
          403.9130434782609,
          74.45652173913044
        ],
        [
          403.9130434782609,
          119.02173913043478
        ],
        [
          425.6521739130435,
          116.84782608695652
        ],
        [
          426.195652173913,
          72.82608695652173
        ]
      ],
      "shape_type": "polygon",
      "flags": {}
    },
    {
      "label": "glass03",
      "line_color": null,
      "fill_color": null,
      "points": [
        [
          230.0,
          69.56521739130434
        ],
        [
          231.08695652173913,
          128.26086956521738
        ],
        [
          233.80434782608694,
          120.65217391304347
        ],
        [
          241.95652173913044,
          120.65217391304347
        ],
        [
          244.67391304347825,
          120.65217391304347
        ],
        [
          245.76086956521738,
          68.47826086956522
        ]
      ],
      "shape_type": "polygon",
      "flags": {}
    },
    {
      "label": "glass04",
      "line_color": null,
      "fill_color": null,
      "points": [
        [
          251.73913043478257,
          68.47826086956522
        ],
        [
          254.45652173913044,
          120.1086956521739
        ],
        [
          260.4347826086956,
          118.47826086956522
        ],
        [
          268.04347826086956,
          117.39130434782608
        ],
        [
          268.04347826086956,
          69.56521739130434
        ]
      ],
      "shape_type": "polygon",
      "flags": {}
    },
    {
      "label": "plastic01",
      "line_color": null,
      "fill_color": null,
      "points": [
        [
          29.456521739130437,
          229.89130434782606
        ],
        [
          80.0,
          240.76086956521738
        ],
        [
          85.43478260869563,
          236.41304347826085
        ],
        [
          89.23913043478262,
          254.89130434782606
        ],
        [
          119.67391304347825,
          243.47826086956522
        ],
        [
          127.28260869565219,
          222.82608695652172
        ],
        [
          119.67391304347825,
          221.7391304347826
        ],
        [
          125.10869565217388,
          208.69565217391303
        ],
        [
          107.17391304347825,
          195.65217391304347
        ],
        [
          102.82608695652175,
          179.3478260869565
        ],
        [
          65.86956521739131,
          178.80434782608694
        ],
        [
          59.891304347826065,
          208.15217391304347
        ],
        [
          52.28260869565216,
          216.8478260869565
        ]
      ],
      "shape_type": "polygon",
      "flags": {}
    },
    {
      "label": "plastic02",
      "line_color": null,
      "fill_color": null,
      "points": [
        [
          7.173913043478251,
          203.80434782608694
        ],
        [
          14.782608695652158,
          206.52173913043478
        ],
        [
          52.82608695652172,
          204.3478260869565
        ],
        [
          53.913043478260846,
          191.30434782608694
        ],
        [
          52.82608695652172,
          159.2391304347826
        ],
        [
          11.521739130434781,
          159.2391304347826
        ],
        [
          2.282608695652158,
          167.3913043478261
        ],
        [
          0.6521739130434696,
          201.08695652173913
        ]
      ],
      "shape_type": "polygon",
      "flags": {}
    },
    {
      "label": "plastic03",
      "line_color": null,
      "fill_color": null,
      "points": [
        [
          294.1304347826087,
          216.8478260869565
        ],
        [
          333.2608695652174,
          221.19565217391303
        ],
        [
          349.5652173913044,
          208.15217391304347
        ],
        [
          350.6521739130435,
          190.2173913043478
        ],
        [
          345.21739130434776,
          188.58695652173913
        ],
        [
          343.0434782608695,
          176.6304347826087
        ],
        [
          305.0,
          171.19565217391303
        ],
        [
          301.195652173913,
          193.47826086956522
        ],
        [
          301.195652173913,
          204.89130434782606
        ],
        [
          293.5869565217391,
          210.32608695652172
        ]
      ],
      "shape_type": "polygon",
      "flags": {}
    },
    {
      "label": "plastic04",
      "line_color": null,
      "fill_color": null,
      "points": [
        [
          351.7391304347826,
          214.67391304347825
        ],
        [
          365.86956521739125,
          227.17391304347825
        ],
        [
          388.1521739130435,
          218.47826086956522
        ],
        [
          389.78260869565213,
          210.32608695652172
        ],
        [
          382.71739130434776,
          204.3478260869565
        ],
        [
          374.02173913043475,
          202.17391304347825
        ]
      ],
      "shape_type": "polygon",
      "flags": {}
    },
    {
      "label": "plastic05",
      "line_color": null,
      "fill_color": null,
      "points": [
        [
          480.0,
          152.7173913043478
        ],
        [
          481.0869565217391,
          175.0
        ],
        [
          476.7391304347826,
          167.3913043478261
        ],
        [
          458.8043478260869,
          177.17391304347825
        ],
        [
          468.0434782608695,
          181.52173913043478
        ],
        [
          468.0434782608695,
          190.2173913043478
        ],
        [
          510.4347826086956,
          191.30434782608694
        ],
        [
          510.4347826086956,
          150.54347826086956
        ],
        [
          490.86956521739125,
          151.08695652173913
        ]
      ],
      "shape_type": "polygon",
      "flags": {}
    },
    {
      "label": "wood01",
      "line_color": null,
      "fill_color": null,
      "points": [
        [
          141.41304347826087,
          200.0
        ],
        [
          152.2826086956522,
          232.06521739130434
        ],
        [
          152.82608695652175,
          307.0652173913043
        ],
        [
          159.89130434782606,
          305.9782608695652
        ],
        [
          159.89130434782606,
          334.23913043478257
        ],
        [
          197.93478260869563,
          330.9782608695652
        ],
        [
          194.67391304347825,
          240.76086956521738
        ],
        [
          230.54347826086956,
          236.41304347826085
        ],
        [
          228.3695652173913,
          201.6304347826087
        ],
        [
          219.1304347826087,
          198.36956521739128
        ]
      ],
      "shape_type": "polygon",
      "flags": {}
    },
    {
      "label": "wood02",
      "line_color": null,
      "fill_color": null,
      "points": [
        [
          301.73913043478257,
          235.86956521739128
        ],
        [
          316.95652173913044,
          238.04347826086956
        ],
        [
          364.78260869565213,
          270.65217391304344
        ],
        [
          361.52173913043475,
          361.4130434782609
        ],
        [
          360.4347826086956,
          369.5652173913043
        ],
        [
          388.1521739130435,
          396.73913043478257
        ],
        [
          490.32608695652175,
          385.8695652173913
        ],
        [
          493.0434782608695,
          265.7608695652174
        ],
        [
          391.4130434782609,
          219.02173913043478
        ],
        [
          366.9565217391304,
          228.80434782608694
        ],
        [
          352.28260869565213,
          215.76086956521738
        ],
        [
          357.17391304347825,
          210.86956521739128
        ],
        [
          351.7391304347826,
          205.97826086956522
        ],
        [
          329.4565217391304,
          221.7391304347826
        ],
        [
          294.1304347826087,
          215.76086956521738
        ]
      ],
      "shape_type": "polygon",
      "flags": {}
    },
    {
      "label": "wood03",
      "line_color": null,
      "fill_color": null,
      "points": [
        [
          2.8260869565217206,
          226.08695652173913
        ],
        [
          37.60869565217391,
          222.82608695652172
        ],
        [
          30.0,
          228.80434782608694
        ],
        [
          81.63043478260869,
          241.30434782608694
        ],
        [
          83.26086956521738,
          236.95652173913044
        ],
        [
          89.23913043478262,
          255.43478260869563
        ],
        [
          124.02173913043475,
          243.47826086956522
        ],
        [
          136.52173913043475,
          301.0869565217391
        ],
        [
          135.43478260869563,
          437.5
        ],
        [
          0.6521739130434696,
          460.3260869565217
        ],
        [
          1.1956521739130324,
          293.4782608695652
        ],
        [
          19.67391304347825,
          258.15217391304344
        ],
        [
          1.739130434782595,
          254.3478260869565
        ]
      ],
      "shape_type": "polygon",
      "flags": {}
    },
    {
      "label": "wood04",
      "line_color": null,
      "fill_color": null,
      "points": [
        [
          414.2391304347826,
          170.1086956521739
        ],
        [
          423.47826086956525,
          170.1086956521739
        ],
        [
          458.8043478260869,
          171.7391304347826
        ],
        [
          456.63043478260863,
          176.6304347826087
        ],
        [
          467.5,
          188.04347826086956
        ],
        [
          478.9130434782609,
          195.65217391304347
        ],
        [
          508.8043478260869,
          197.28260869565216
        ],
        [
          509.891304347826,
          210.86956521739128
        ],
        [
          507.71739130434776,
          210.86956521739128
        ],
        [
          503.36956521739125,
          203.80434782608694
        ],
        [
          409.891304347826,
          178.80434782608694
        ]
      ],
      "shape_type": "polygon",
      "flags": {}
    }
  ],
  "lineColor": [
    0,
    255,
    0,
    128
  ],
  "fillColor": [
    255,
    0,
    0,
    128
  ],
  "imagePath": "..\\pic\\770.jpg",
  "imageData": "",
  "imageHeight": 512,
  "imageWidth": 512
}
