{
  "version": "3.20.1",
  "flags": {},
  "shapes": [
    {
      "label": "fabric01",
      "line_color": null,
      "fill_color": null,
      "points": [
        [
          68.65608465608463,
          13.756613756613756
        ],
        [
          71.83068783068782,
          46.03174603174603
        ],
        [
          72.88888888888889,
          68.25396825396825
        ],
        [
          73.41798941798942,
          269.8412698412698
        ],
        [
          91.40740740740739,
          268.78306878306876
        ],
        [
          90.87830687830686,
          232.80423280423278
        ],
        [
          99.87301587301585,
          229.62962962962962
        ],
        [
          117.86243386243385,
          229.62962962962962
        ],
        [
          134.26455026455025,
          227.5132275132275
        ],
        [
          124.74074074074073,
          139.15343915343914
        ],
        [
          186.64550264550263,
          139.68253968253967
        ],
        [
          227.38624338624334,
          139.68253968253967
        ],
        [
          218.92063492063488,
          62.43386243386243
        ],
        [
          218.92063492063488,
          23.28042328042328
        ],
        [
          106.75132275132273,
          18.51851851851852
        ],
        [
          99.34391534391534,
          12.16931216931217
        ],
        [
          76.59259259259258,
          9.523809523809524
        ]
      ],
      "shape_type": "polygon",
      "flags": {}
    },
    {
      "label": "fabric02",
      "line_color": null,
      "fill_color": null,
      "points": [
        [
          239.55555555555554,
          37.03703703703704
        ],
        [
          224.2116402116402,
          225.3968253968254
        ],
        [
          236.38095238095235,
          237.037037037037
        ],
        [
          249.07936507936506,
          226.98412698412696
        ],
        [
          260.19047619047615,
          234.39153439153438
        ],
        [
          268.65608465608466,
          230.15873015873015
        ],
        [
          296.69841269841265,
          230.68783068783068
        ],
        [
          301.989417989418,
          221.69312169312167
        ],
        [
          317.8624338624338,
          228.04232804232802
        ],
        [
          340.08465608465605,
          225.92592592592592
        ],
        [
          343.78835978835974,
          46.56084656084656
        ],
        [
          337.4391534391534,
          43.386243386243386
        ],
        [
          320.5079365079365,
          51.32275132275132
        ],
        [
          303.04761904761904,
          40.21164021164021
        ],
        [
          292.99470899470896,
          41.269841269841265
        ],
        [
          261.2486772486772,
          32.804232804232804
        ],
        [
          251.7248677248677,
          35.978835978835974
        ],
        [
          250.13756613756613,
          53.96825396825396
        ],
        [
          246.96296296296293,
          42.32804232804232
        ]
      ],
      "shape_type": "polygon",
      "flags": {}
    },
    {
      "label": "glass01",
      "line_color": null,
      "fill_color": null,
      "points": [
        [
          345.90476190476187,
          51.32275132275132
        ],
        [
          343.25925925925924,
          198.94179894179894
        ],
        [
          359.1322751322751,
          206.34920634920633
        ],
        [
          370.77248677248673,
          42.857142857142854
        ]
      ],
      "shape_type": "polygon",
      "flags": {}
    },
    {
      "label": "glass02",
      "line_color": null,
      "fill_color": null,
      "points": [
        [
          378.1798941798941,
          43.386243386243386
        ],
        [
          367.59788359788354,
          209.52380952380952
        ],
        [
          389.82010582010577,
          215.34391534391534
        ],
        [
          404.10582010582004,
          38.095238095238095
        ]
      ],
      "shape_type": "polygon",
      "flags": {}
    },
    {
      "label": "fabric03",
      "line_color": null,
      "fill_color": null,
      "points": [
        [
          160.7195767195767,
          357.67195767195767
        ],
        [
          251.7248677248677,
          354.4973544973545
        ],
        [
          288.76190476190476,
          349.20634920634916
        ],
        [
          295.1111111111111,
          343.9153439153439
        ],
        [
          297.2275132275132,
          289.4179894179894
        ],
        [
          301.989417989418,
          273.5449735449735
        ],
        [
          289.29100529100526,
          269.8412698412698
        ],
        [
          262.3068783068783,
          270.8994708994709
        ],
        [
          232.67724867724866,
          275.13227513227514
        ],
        [
          213.10052910052906,
          283.06878306878303
        ],
        [
          150.13756613756613,
          286.2433862433862
        ],
        [
          159.66137566137564,
          314.2857142857143
        ]
      ],
      "shape_type": "polygon",
      "flags": {}
    },
    {
      "label": "fabric04",
      "line_color": null,
      "fill_color": null,
      "points": [
        [
          310.4550264550264,
          277.2486772486772
        ],
        [
          306.2222222222222,
          285.18518518518516
        ],
        [
          304.1058201058201,
          322.75132275132273
        ],
        [
          303.04761904761904,
          337.037037037037
        ],
        [
          318.9206349206349,
          326.4550264550264
        ],
        [
          332.1481481481481,
          322.75132275132273
        ],
        [
          335.85185185185185,
          288.35978835978835
        ],
        [
          321.5661375661375,
          279.8941798941799
        ]
      ],
      "shape_type": "polygon",
      "flags": {}
    },
    {
      "label": "fabric05",
      "line_color": null,
      "fill_color": null,
      "points": [
        [
          286.64550264550263,
          381.48148148148147
        ],
        [
          287.17460317460313,
          363.4920634920635
        ],
        [
          289.29100529100526,
          350.2645502645502
        ],
        [
          310.4550264550264,
          330.6878306878307
        ],
        [
          326.3280423280423,
          324.86772486772486
        ],
        [
          382.94179894179894,
          310.05291005291
        ],
        [
          392.99470899470896,
          319.57671957671954
        ],
        [
          398.8148148148148,
          320.1058201058201
        ],
        [
          509.92592592592587,
          411.6402116402116
        ],
        [
          510,
          511
        ],
        [
          391.9365079365079,
          507.9365079365079
        ],
        [
          376.59259259259255,
          490.4761904761904
        ],
        [
          344.3174603174603,
          458.7301587301587
        ],
        [
          316.27513227513225,
          410.5820105820106
        ],
        [
          301.989417989418,
          392.06349206349205
        ]
      ],
      "shape_type": "polygon",
      "flags": {}
    },
    {
      "label": "plastic01",
      "line_color": null,
      "fill_color": null,
      "points": [
        [
          153.84126984126982,
          6.349206349206349
        ],
        [
          296.69841269841265,
          23.28042328042328
        ],
        [
          297.7566137566137,
          14.814814814814813
        ],
        [
          211.5132275132275,
          1.5873015873015872
        ],
        [
          153.31216931216932,
          1.0582010582010581
        ]
      ],
      "shape_type": "polygon",
      "flags": {}
    },
    {
      "label": "metal01",
      "line_color": null,
      "fill_color": null,
      "points": [
        [
          153.84126984126982,
          319.04761904761904
        ],
        [
          154.37037037037038,
          489.9470899470899
        ],
        [
          158.07407407407408,
          489.9470899470899
        ],
        [
          158.07407407407408,
          322.22222222222223
        ]
      ],
      "shape_type": "polygon",
      "flags": {}
    },
    {
      "label": "metal02",
      "line_color": null,
      "fill_color": null,
      "points": [
        [
          79.23809523809521,
          379.89417989417984
        ],
        [
          82.4126984126984,
          483.59788359788354
        ],
        [
          88.23280423280423,
          483.59788359788354
        ],
        [
          85.05820105820104,
          376.19047619047615
        ]
      ],
      "shape_type": "polygon",
      "flags": {}
    },
    {
      "label": "metal03",
      "line_color": null,
      "fill_color": null,
      "points": [
        [
          297.2275132275132,
          337.56613756613757
        ],
        [
          298.2857142857143,
          284.65608465608466
        ],
        [
          303.04761904761904,
          269.3121693121693
        ],
        [
          311.5132275132275,
          265.07936507936506
        ],
        [
          337.4391534391534,
          262.43386243386243
        ],
        [
          395.1111111111111,
          257.67195767195767
        ],
        [
          400.9312169312169,
          265.07936507936506
        ],
        [
          403.5767195767196,
          272.48677248677245
        ],
        [
          400.9312169312169,
          319.57671957671954
        ],
        [
          397.2275132275132,
          318.5185185185185
        ],
        [
          398.2857142857142,
          275.66137566137564
        ],
        [
          397.2275132275132,
          268.25396825396825
        ],
        [
          374.4761904761904,
          266.66666666666663
        ],
        [
          369.18518518518516,
          311.1111111111111
        ],
        [
          366.53968253968253,
          312.16931216931215
        ],
        [
          369.71428571428567,
          268.25396825396825
        ],
        [
          341.6719576719576,
          268.25396825396825
        ],
        [
          337.4391534391534,
          320.6349206349206
        ],
        [
          334.2645502645502,
          320.6349206349206
        ],
        [
          335.85185185185185,
          269.3121693121693
        ],
        [
          322.0952380952381,
          269.3121693121693
        ],
        [
          309.9259259259259,
          271.95767195767195
        ],
        [
          303.57671957671954,
          278.3068783068783
        ],
        [
          301.4603174603174,
          331.74603174603175
        ]
      ],
      "shape_type": "polygon",
      "flags": {}
    },
    {
      "label": "metal04",
      "line_color": null,
      "fill_color": null,
      "points": [
        [
          294.05291005291,
          267.7248677248677
        ],
        [
          295.1111111111111,
          233.86243386243385
        ],
        [
          299.87301587301585,
          223.8095238095238
        ],
        [
          312.042328042328,
          223.28042328042326
        ],
        [
          340.08465608465605,
          240.2116402116402
        ],
        [
          342.7301587301587,
          253.96825396825395
        ],
        [
          343.25925925925924,
          308.99470899470896
        ],
        [
          339.026455026455,
          304.76190476190476
        ],
        [
          339.55555555555554,
          255.026455026455
        ],
        [
          332.67724867724866,
          242.3280423280423
        ],
        [
          329.50264550264546,
          280.4232804232804
        ],
        [
          326.3280423280423,
          278.3068783068783
        ],
        [
          328.4444444444444,
          241.79894179894177
        ],
        [
          318.9206349206349,
          235.44973544973544
        ],
        [
          314.6878306878307,
          261.90476190476187
        ],
        [
          307.8095238095238,
          260.8465608465608
        ],
        [
          310.4550264550264,
          233.33333333333331
        ],
        [
          305.69312169312167,
          230.68783068783068
        ],
        [
          301.4603174603174,
          237.56613756613754
        ]
      ],
      "shape_type": "polygon",
      "flags": {}
    }
  ],
  "lineColor": [
    0,
    255,
    0,
    128
  ],
  "fillColor": [
    255,
    0,
    0,
    128
  ],
  "imagePath": "..\\pic\\959.jpg",
  "imageData": "",
  "imageHeight": 512,
  "imageWidth": 512
}
