{
  "version": "4.5.6",
  "flags": {},
  "shapes": [
    {
      "label": "wood01",
      "points": [
        [
          250.07936507936506,
          50.79365079365079
        ],
        [
          253.78306878306876,
          114.81481481481481
        ],
        [
          358.5449735449735,
          108.46560846560845
        ],
        [
          371.77248677248673,
          89.41798941798942
        ],
        [
          364.36507936507934,
          81.48148148148148
        ],
        [
          370.18518518518516,
          60.317460317460316
        ],
        [
          393.99470899470896,
          64.02116402116401
        ],
        [
          398.7566137566138,
          72.48677248677248
        ],
        [
          393.46560846560845,
          108.46560846560845
        ],
        [
          511,
          99
        ],
        [
          511,
          0
        ],
        [
          442.67195767195767,
          0.0
        ]
      ],
      "group_id": null,
      "shape_type": "polygon",
      "flags": {}
    },
    {
      "label": "wood02",
      "points": [
        [
          458.54497354497346,
          324.3386243386243
        ],
        [
          450.6084656084656,
          467.1957671957672
        ],
        [
          511,
          490
        ],
        [
          511,
          435
        ],
        [
          491.34920634920627,
          430.6878306878307
        ],
        [
          491.34920634920627,
          417.4603174603174
        ],
        [
          506.16402116402116,
          379.89417989417984
        ],
        [
          499.2857142857142,
          328.57142857142856
        ],
        [
          483.4126984126983,
          332.80423280423275
        ],
        [
          482.3544973544973,
          327.5132275132275
        ]
      ],
      "group_id": null,
      "shape_type": "polygon",
      "flags": {}
    },
    {
      "label": "wood03",
      "points": [
        [
          417.27513227513225,
          229.1005291005291
        ],
        [
          409.3386243386243,
          294.1798941798942
        ],
        [
          458.015873015873,
          303.7037037037037
        ],
        [
          463.3068783068783,
          233.33333333333331
        ],
        [
          433.14814814814815,
          225.92592592592592
        ]
      ],
      "group_id": null,
      "shape_type": "polygon",
      "flags": {}
    },
    {
      "label": "wood04",
      "points": [
        [
          319.3915343915344,
          275.13227513227514
        ],
        [
          312.5132275132275,
          287.8306878306878
        ],
        [
          310.9259259259259,
          390.4761904761904
        ],
        [
          341.6137566137566,
          408.46560846560845
        ],
        [
          345.3174603174603,
          275.13227513227514
        ],
        [
          324.68253968253964,
          274.6031746031746
        ]
      ],
      "group_id": null,
      "shape_type": "polygon",
      "flags": {}
    },
    {
      "label": "wood05",
      "points": [
        [
          167.53968253968253,
          292.59259259259255
        ],
        [
          173.88888888888886,
          406.87830687830683
        ],
        [
          203.51851851851848,
          392.06349206349205
        ],
        [
          200.87301587301585,
          283.06878306878303
        ]
      ],
      "group_id": null,
      "shape_type": "polygon",
      "flags": {}
    },
    {
      "label": "glass01",
      "points": [
        [
          18.862433862433846,
          41.269841269841265
        ],
        [
          29.97354497354496,
          189.41798941798942
        ],
        [
          55.899470899470884,
          186.77248677248676
        ],
        [
          56.95767195767195,
          181.48148148148147
        ],
        [
          76.53439153439152,
          177.77777777777777
        ],
        [
          80.76719576719574,
          163.4920634920635
        ],
        [
          90.29100529100529,
          164.55026455026453
        ],
        [
          92.40740740740739,
          181.48148148148147
        ],
        [
          116.21693121693121,
          179.89417989417987
        ],
        [
          134.2063492063492,
          177.24867724867724
        ],
        [
          143.73015873015873,
          165.07936507936506
        ],
        [
          159.07407407407408,
          164.55026455026453
        ],
        [
          155.37037037037038,
          61.9047619047619
        ]
      ],
      "group_id": null,
      "shape_type": "polygon",
      "flags": {}
    },
    {
      "label": "wood01",
      "points": [
        [
          168.06878306878303,
          262.43386243386243
        ],
        [
          250.60846560846556,
          241.79894179894177
        ],
        [
          293.46560846560845,
          252.91005291005288
        ],
        [
          168.06878306878303,
          287.8306878306878
        ]
      ],
      "group_id": null,
      "shape_type": "polygon",
      "flags": {}
    },
    {
      "label": "plastic01",
      "points": [
        [
          85.0,
          194.7089947089947
        ],
        [
          94.52380952380952,
          367.7248677248677
        ],
        [
          174.41798941798942,
          431.7460317460317
        ],
        [
          164.36507936507934,
          206.87830687830686
        ]
      ],
      "group_id": null,
      "shape_type": "polygon",
      "flags": {}
    },
    {
      "label": "plastic02",
      "points": [
        [
          345.3174603174603,
          412.69841269841265
        ],
        [
          388.17460317460313,
          383.5978835978836
        ],
        [
          393.99470899470896,
          201.05820105820104
        ],
        [
          246.90476190476187,
          187.3015873015873
        ],
        [
          129.97354497354496,
          199.47089947089947
        ],
        [
          164.8941798941799,
          204.76190476190476
        ],
        [
          166.48148148148147,
          238.09523809523807
        ],
        [
          178.1216931216931,
          234.9206349206349
        ],
        [
          182.88359788359787,
          239.68253968253967
        ],
        [
          185.0,
          255.026455026455
        ],
        [
          250.60846560846556,
          241.79894179894177
        ],
        [
          294.5238095238095,
          251.32275132275132
        ],
        [
          264.89417989417984,
          262.43386243386243
        ],
        [
          267.53968253968253,
          376.7195767195767
        ],
        [
          309.86772486772486,
          391.005291005291
        ],
        [
          313.57142857142856,
          287.3015873015873
        ],
        [
          319.9206349206349,
          272.48677248677245
        ],
        [
          344.78835978835974,
          275.13227513227514
        ]
      ],
      "group_id": null,
      "shape_type": "polygon",
      "flags": {}
    },
    {
      "label": "plastic03",
      "points": [
        [
          314.10052910052906,
          168.78306878306879
        ],
        [
          493.4656084656084,
          176.7195767195767
        ],
        [
          492.93650793650795,
          202.1164021164021
        ],
        [
          500.34391534391534,
          200.5291005291005
        ],
        [
          501.40211640211635,
          211.64021164021162
        ],
        [
          510.92592592592587,
          210.05291005291005
        ],
        [
          511,
          241
        ],
        [
          511,
          435
        ],
        [
          491.34920634920627,
          430.6878306878307
        ],
        [
          491.87830687830683,
          415.87301587301585
        ],
        [
          507.75132275132273,
          377.77777777777777
        ],
        [
          495.05291005290997,
          300.5291005291005
        ],
        [
          483.4126984126983,
          315.34391534391534
        ],
        [
          460.13227513227514,
          309.5238095238095
        ],
        [
          464.3650793650793,
          232.27513227513225
        ],
        [
          434.20634920634916,
          224.33862433862433
        ],
        [
          433.14814814814815,
          215.87301587301585
        ],
        [
          404.04761904761904,
          215.87301587301585
        ],
        [
          393.46560846560845,
          212.69841269841268
        ],
        [
          393.99470899470896,
          200.0
        ],
        [
          312.5132275132275,
          191.00529100529099
        ]
      ],
      "group_id": null,
      "shape_type": "polygon",
      "flags": {}
    }
  ],
  "imagePath": "125.jpg",
  "imageData": "",
  "imageHeight": 512,
  "imageWidth": 512
}
