{
  "version": "3.20.1",
  "flags": {},
  "shapes": [
    {
      "label": "wood01",
      "line_color": null,
      "fill_color": null,
      "points": [
        [
          29.195652173913032,
          160.32608695652172
        ],
        [
          34.086956521739125,
          365.7608695652174
        ],
        [
          110.71739130434781,
          359.23913043478257
        ],
        [
          108.0,
          159.2391304347826
        ]
      ],
      "shape_type": "polygon",
      "flags": {}
    },
    {
      "label": "wood02",
      "line_color": null,
      "fill_color": null,
      "points": [
        [
          120.5,
          295.1086956521739
        ],
        [
          110.71739130434781,
          303.80434782608694
        ],
        [
          120.5,
          327.7173913043478
        ],
        [
          125.39130434782606,
          357.0652173913043
        ],
        [
          135.7173913043478,
          382.6086956521739
        ],
        [
          132.45652173913044,
          454.3478260869565
        ],
        [
          135.7173913043478,
          459.78260869565213
        ],
        [
          143.32608695652175,
          444.02173913043475
        ],
        [
          139.52173913043475,
          491.8478260869565
        ],
        [
          146.58695652173913,
          491.8478260869565
        ],
        [
          148.2173913043478,
          470.1086956521739
        ],
        [
          162.89130434782606,
          469.5652173913043
        ],
        [
          160.7173913043478,
          509.23913043478257
        ],
        [
          173.76086956521738,
          506.52173913043475
        ],
        [
          177.02173913043475,
          447.28260869565213
        ],
        [
          193.32608695652175,
          441.30434782608694
        ],
        [
          207.45652173913044,
          471.73913043478257
        ],
        [
          204.195652173913,
          509.78260869565213
        ],
        [
          227.02173913043475,
          509.78260869565213
        ],
        [
          232.45652173913044,
          471.73913043478257
        ],
        [
          324.30434782608694,
          454.3478260869565
        ],
        [
          316.15217391304344,
          437.5
        ],
        [
          228.65217391304344,
          363.04347826086956
        ],
        [
          202.02173913043475,
          358.695652173913
        ],
        [
          199.30434782608694,
          346.73913043478257
        ],
        [
          173.76086956521738,
          324.45652173913044
        ],
        [
          140.60869565217388,
          324.45652173913044
        ]
      ],
      "shape_type": "polygon",
      "flags": {}
    },
    {
      "label": "wood03",
      "line_color": null,
      "fill_color": null,
      "points": [
        [
          283.54347826086956,
          354.89130434782606
        ],
        [
          294.4130434782609,
          342.39130434782606
        ],
        [
          290.6086956521739,
          329.3478260869565
        ],
        [
          296.5869565217391,
          290.2173913043478
        ],
        [
          297.67391304347825,
          299.45652173913044
        ],
        [
          316.15217391304344,
          292.9347826086956
        ],
        [
          328.1086956521739,
          296.195652173913
        ],
        [
          338.4347826086956,
          309.2391304347826
        ],
        [
          344.95652173913044,
          313.04347826086956
        ],
        [
          345.5,
          304.3478260869565
        ],
        [
          349.3043478260869,
          304.89130434782606
        ],
        [
          349.8478260869565,
          314.1304347826087
        ],
        [
          367.78260869565213,
          303.80434782608694
        ],
        [
          400.391304347826,
          311.4130434782609
        ],
        [
          403.6521739130435,
          321.73913043478257
        ],
        [
          412.3478260869565,
          316.8478260869565
        ],
        [
          413.4347826086956,
          323.3695652173913
        ],
        [
          399.8478260869565,
          378.2608695652174
        ],
        [
          404.195652173913,
          386.4130434782609
        ],
        [
          437.891304347826,
          373.3695652173913
        ],
        [
          473.21739130434776,
          372.82608695652175
        ],
        [
          483.0,
          377.7173913043478
        ],
        [
          487.3478260869565,
          359.23913043478257
        ],
        [
          494.9565217391304,
          360.8695652173913
        ],
        [
          492.2391304347826,
          380.9782608695652
        ],
        [
          453.1086956521739,
          508.15217391304344
        ],
        [
          342.78260869565213,
          510.3260869565217
        ],
        [
          348.7608695652174,
          401.0869565217391
        ],
        [
          350.9347826086956,
          398.3695652173913
        ],
        [
          327.5652173913043,
          379.89130434782606
        ],
        [
          306.3695652173913,
          366.8478260869565
        ]
      ],
      "shape_type": "polygon",
      "flags": {}
    },
    {
      "label": "fabric01",
      "line_color": null,
      "fill_color": null,
      "points": [
        [
          322.67391304347825,
          501.6304347826087
        ],
        [
          341.15217391304344,
          501.0869565217391
        ],
        [
          349.3043478260869,
          398.9130434782609
        ],
        [
          279.73913043478257,
          357.0652173913043
        ],
        [
          265.0652173913043,
          361.95652173913044
        ],
        [
          230.28260869565213,
          363.5869565217391
        ],
        [
          316.15217391304344,
          434.78260869565213
        ],
        [
          324.8478260869565,
          449.45652173913044
        ],
        [
          324.8478260869565,
          465.7608695652174
        ]
      ],
      "shape_type": "polygon",
      "flags": {}
    },
    {
      "label": "metal01",
      "line_color": null,
      "fill_color": null,
      "points": [
        [
          153.10869565217388,
          81.52173913043478
        ],
        [
          155.2826086956522,
          107.06521739130434
        ],
        [
          153.65217391304344,
          115.21739130434783
        ],
        [
          155.82608695652175,
          132.6086956521739
        ],
        [
          193.32608695652175,
          152.17391304347825
        ],
        [
          188.43478260869563,
          156.52173913043478
        ],
        [
          189.52173913043475,
          177.7173913043478
        ],
        [
          190.60869565217388,
          170.65217391304347
        ],
        [
          213.9782608695652,
          164.1304347826087
        ],
        [
          243.8695652173913,
          163.04347826086956
        ],
        [
          284.0869565217391,
          165.2173913043478
        ],
        [
          300.9347826086956,
          167.93478260869566
        ],
        [
          291.695652173913,
          179.8913043478261
        ],
        [
          292.23913043478257,
          183.15217391304347
        ],
        [
          310.7173913043478,
          175.54347826086956
        ],
        [
          309.0869565217391,
          157.06521739130434
        ],
        [
          305.28260869565213,
          150.54347826086956
        ],
        [
          307.45652173913044,
          149.45652173913044
        ],
        [
          319.4130434782609,
          142.93478260869566
        ],
        [
          334.0869565217391,
          132.06521739130434
        ],
        [
          336.2608695652174,
          110.32608695652173
        ],
        [
          331.36956521739125,
          108.15217391304347
        ],
        [
          334.0869565217391,
          89.13043478260869
        ],
        [
          333.0,
          75.54347826086956
        ],
        [
          323.7608695652174,
          61.41304347826087
        ],
        [
          302.5652173913043,
          55.97826086956521
        ],
        [
          275.39130434782606,
          50.0
        ],
        [
          223.2173913043478,
          49.45652173913043
        ],
        [
          188.9782608695652,
          55.97826086956521
        ],
        [
          163.9782608695652,
          65.76086956521739
        ]
      ],
      "shape_type": "polygon",
      "flags": {}
    },
    {
      "label": "glass01",
      "line_color": null,
      "fill_color": null,
      "points": [
        [
          345.5,
          138.04347826086956
        ],
        [
          341.695652173913,
          300.0
        ],
        [
          349.3043478260869,
          301.6304347826087
        ],
        [
          349.8478260869565,
          316.30434782608694
        ],
        [
          368.86956521739125,
          304.3478260869565
        ],
        [
          386.2608695652174,
          305.9782608695652
        ],
        [
          392.2391304347826,
          120.1086956521739
        ]
      ],
      "shape_type": "polygon",
      "flags": {}
    },
    {
      "label": "glass02",
      "line_color": null,
      "fill_color": null,
      "points": [
        [
          500.9347826086956,
          70.1086956521739
        ],
        [
          492.2391304347826,
          350.54347826086956
        ],
        [
          511,
          358
        ],
        [
          511,
          65
        ]
      ],
      "shape_type": "polygon",
      "flags": {}
    }
  ],
  "lineColor": [
    0,
    255,
    0,
    128
  ],
  "fillColor": [
    255,
    0,
    0,
    128
  ],
  "imagePath": "..\\pic\\153.jpg",
  "imageData": "",
  "imageHeight": 512,
  "imageWidth": 512
}
