{
  "version": "4.5.6",
  "flags": {},
  "shapes": [
    {
      "label": "glass01",
      "points": [
        [
          67.53968253968253,
          15.873015873015872
        ],
        [
          68.06878306878306,
          42.32804232804232
        ],
        [
          386.058201058201,
          42.32804232804232
        ],
        [
          386.058201058201,
          16.402116402116402
        ]
      ],
      "group_id": null,
      "shape_type": "polygon",
      "flags": {}
    },
    {
      "label": "glass02",
      "points": [
        [
          1.9312169312169232,
          47.61904761904761
        ],
        [
          13.042328042328023,
          56.61375661375661
        ],
        [
          13.571428571428555,
          135.44973544973544
        ],
        [
          0,
          131
        ]
      ],
      "group_id": null,
      "shape_type": "polygon",
      "flags": {}
    },
    {
      "label": "glass03",
      "points": [
        [
          2.989417989417987,
          224.86772486772486
        ],
        [
          13.571428571428555,
          223.8095238095238
        ],
        [
          13.042328042328023,
          141.26984126984127
        ],
        [
          2.989417989417987,
          137.03703703703704
        ]
      ],
      "group_id": null,
      "shape_type": "polygon",
      "flags": {}
    },
    {
      "label": "glass04",
      "points": [
        [
          1.9312169312169232,
          230.68783068783068
        ],
        [
          2.989417989417987,
          314.8148148148148
        ],
        [
          13.042328042328023,
          310.05291005291
        ],
        [
          13.571428571428555,
          228.04232804232802
        ]
      ],
      "group_id": null,
      "shape_type": "polygon",
      "flags": {}
    },
    {
      "label": "glass05",
      "points": [
        [
          1.9312169312169232,
          322.22222222222223
        ],
        [
          3.518518518518505,
          403.7037037037037
        ],
        [
          16.746031746031747,
          395.76719576719574
        ],
        [
          14.100529100529087,
          315.34391534391534
        ]
      ],
      "group_id": null,
      "shape_type": "polygon",
      "flags": {}
    },
    {
      "label": "wood01",
      "points": [
        [
          78.12169312169311,
          277.77777777777777
        ],
        [
          72.30158730158729,
          281.48148148148147
        ],
        [
          73.35978835978835,
          405.29100529100526
        ],
        [
          78.12169312169311,
          405.29100529100526
        ],
        [
          80.23809523809521,
          289.4179894179894
        ],
        [
          376.5343915343915,
          289.4179894179894
        ],
        [
          377.59259259259255,
          404.2328042328042
        ],
        [
          384.47089947089944,
          404.2328042328042
        ],
        [
          383.4126984126984,
          281.48148148148147
        ],
        [
          378.1216931216931,
          276.7195767195767
        ],
        [
          237.9100529100529,
          275.13227513227514
        ],
        [
          236.85185185185185,
          278.83597883597884
        ],
        [
          117.80423280423278,
          279.8941798941799
        ],
        [
          87.64550264550263,
          278.3068783068783
        ],
        [
          92.40740740740739,
          275.13227513227514
        ],
        [
          85.5291005291005,
          274.6031746031746
        ]
      ],
      "group_id": null,
      "shape_type": "polygon",
      "flags": {}
    },
    {
      "label": "wood02",
      "points": [
        [
          156.95767195767195,
          320.1058201058201
        ],
        [
          131.56084656084656,
          346.5608465608465
        ],
        [
          130.5026455026455,
          351.3227513227513
        ],
        [
          282.8835978835979,
          352.38095238095235
        ],
        [
          278.1216931216931,
          322.22222222222223
        ],
        [
          255.37037037037032,
          321.16402116402116
        ],
        [
          252.7248677248677,
          317.989417989418
        ],
        [
          234.73544973544972,
          317.4603174603174
        ],
        [
          233.67724867724866,
          321.16402116402116
        ],
        [
          225.7407407407407,
          321.16402116402116
        ],
        [
          222.037037037037,
          332.27513227513225
        ],
        [
          202.98941798941797,
          330.6878306878307
        ],
        [
          198.2275132275132,
          317.989417989418
        ],
        [
          183.94179894179894,
          318.5185185185185
        ],
        [
          178.1216931216931,
          321.69312169312167
        ]
      ],
      "group_id": null,
      "shape_type": "polygon",
      "flags": {}
    },
    {
      "label": "wood03",
      "points": [
        [
          100.34391534391534,
          343.38624338624334
        ],
        [
          105.1058201058201,
          383.06878306878303
        ],
        [
          116.21693121693121,
          370.3703703703703
        ],
        [
          106.69312169312167,
          338.0952380952381
        ]
      ],
      "group_id": null,
      "shape_type": "polygon",
      "flags": {}
    },
    {
      "label": "wood05",
      "points": [
        [
          115.68783068783068,
          331.2169312169312
        ],
        [
          119.39153439153438,
          345.50264550264546
        ],
        [
          119.92063492063491,
          368.78306878306876
        ],
        [
          127.85714285714283,
          356.08465608465605
        ],
        [
          127.3280423280423,
          338.6243386243386
        ],
        [
          120.97883597883597,
          326.984126984127
        ]
      ],
      "group_id": null,
      "shape_type": "polygon",
      "flags": {}
    },
    {
      "label": "wood04",
      "points": [
        [
          308.28042328042324,
          326.984126984127
        ],
        [
          299.2857142857143,
          349.7354497354497
        ],
        [
          300.87301587301585,
          359.78835978835974
        ],
        [
          311.4550264550264,
          386.77248677248673
        ],
        [
          318.8624338624338,
          342.85714285714283
        ]
      ],
      "group_id": null,
      "shape_type": "polygon",
      "flags": {}
    },
    {
      "label": "wood06",
      "points": [
        [
          233.67724867724866,
          381.48148148148147
        ],
        [
          233.67724867724866,
          423.28042328042324
        ],
        [
          217.80423280423275,
          415.87301587301585
        ],
        [
          217.80423280423275,
          397.3544973544973
        ],
        [
          224.15343915343914,
          362.43386243386243
        ],
        [
          227.32804232804233,
          357.67195767195767
        ],
        [
          241.6137566137566,
          358.2010582010582
        ],
        [
          252.7248677248677,
          357.67195767195767
        ],
        [
          257.48677248677245,
          365.60846560846556
        ],
        [
          264.36507936507934,
          410.05291005291
        ],
        [
          259.0740740740741,
          419.57671957671954
        ],
        [
          245.8465608465608,
          423.8095238095238
        ],
        [
          246.37566137566137,
          381.48148148148147
        ]
      ],
      "group_id": null,
      "shape_type": "polygon",
      "flags": {}
    },
    {
      "label": "wood07",
      "points": [
        [
          160.13227513227514,
          383.06878306878303
        ],
        [
          160.13227513227514,
          424.86772486772486
        ],
        [
          145.8465608465608,
          416.40211640211635
        ],
        [
          144.7883597883598,
          370.8994708994709
        ],
        [
          151.13756613756613,
          360.3174603174603
        ],
        [
          157.48677248677245,
          356.08465608465605
        ],
        [
          167.01058201058197,
          358.2010582010582
        ],
        [
          179.70899470899468,
          356.08465608465605
        ],
        [
          184.47089947089944,
          364.5502645502645
        ],
        [
          187.64550264550263,
          397.8835978835979
        ],
        [
          194.52380952380952,
          397.8835978835979
        ],
        [
          191.87830687830683,
          414.8148148148148
        ],
        [
          178.1216931216931,
          424.3386243386243
        ],
        [
          171.77248677248673,
          424.86772486772486
        ],
        [
          171.24338624338623,
          382.53968253968253
        ]
      ],
      "group_id": null,
      "shape_type": "polygon",
      "flags": {}
    },
    {
      "label": "wood08",
      "points": [
        [
          272.3015873015873,
          369.31216931216926
        ],
        [
          265.4232804232804,
          370.8994708994709
        ],
        [
          263.83597883597884,
          378.83597883597884
        ],
        [
          272.3015873015873,
          378.3068783068783
        ]
      ],
      "group_id": null,
      "shape_type": "polygon",
      "flags": {}
    },
    {
      "label": "wood09",
      "points": [
        [
          281.29629629629625,
          369.8412698412698
        ],
        [
          294.5238095238095,
          373.5449735449735
        ],
        [
          302.989417989418,
          402.11640211640207
        ],
        [
          298.7566137566137,
          404.76190476190476
        ],
        [
          281.29629629629625,
          400.5291005291005
        ],
        [
          283.4126984126984,
          477.2486772486772
        ],
        [
          276.005291005291,
          477.2486772486772
        ],
        [
          274.9470899470899,
          400.5291005291005
        ],
        [
          263.83597883597884,
          400.5291005291005
        ],
        [
          263.83597883597884,
          393.6507936507936
        ],
        [
          265.9523809523809,
          385.71428571428567
        ],
        [
          273.35978835978835,
          384.65608465608466
        ],
        [
          273.35978835978835,
          379.89417989417984
        ],
        [
          279.7089947089947,
          379.89417989417984
        ]
      ],
      "group_id": null,
      "shape_type": "polygon",
      "flags": {}
    },
    {
      "label": "wood10",
      "points": [
        [
          143.73015873015873,
          376.7195767195767
        ],
        [
          128.38624338624336,
          383.06878306878303
        ],
        [
          110.92592592592592,
          405.82010582010577
        ],
        [
          132.6190476190476,
          400.5291005291005
        ],
        [
          131.56084656084656,
          478.3068783068783
        ],
        [
          137.38095238095235,
          477.77777777777777
        ],
        [
          140.026455026455,
          398.94179894179894
        ],
        [
          145.8465608465608,
          398.4126984126984
        ]
      ],
      "group_id": null,
      "shape_type": "polygon",
      "flags": {}
    }
  ],
  "imagePath": "28.jpg",
  "imageData": "",
  "imageHeight": 512,
  "imageWidth": 512
}
