{
  "version": "3.20.1",
  "flags": {},
  "shapes": [
    {
      "label": "fabric01",
      "line_color": null,
      "fill_color": null,
      "points": [
        [
          161.2486772486772,
          0.0
        ],
        [
          185.05820105820106,
          342.85714285714283
        ],
        [
          161.2486772486772,
          326.984126984127
        ],
        [
          159.13227513227514,
          326.984126984127
        ],
        [
          153.84126984126982,
          282.53968253968253
        ],
        [
          144.8465608465608,
          269.8412698412698
        ],
        [
          120.5079365079365,
          272.48677248677245
        ],
        [
          89.29100529100529,
          280.4232804232804
        ],
        [
          67.5978835978836,
          294.1798941798942
        ],
        [
          30.560846560846556,
          316.9312169312169
        ],
        [
          23.153439153439137,
          335.44973544973544
        ],
        [
          30.031746031746025,
          406.87830687830683
        ],
        [
          33.20634920634919,
          408.46560846560845
        ],
        [
          28.44444444444443,
          417.4603174603174
        ],
        [
          35.322751322751316,
          448.67724867724866
        ],
        [
          66.010582010582,
          468.2539682539682
        ],
        [
          46.96296296296296,
          475.1322751322751
        ],
        [
          29.502645502645493,
          487.8306878306878
        ],
        [
          1.989417989417987,
          214.28571428571428
        ],
        [
          0,
          13
        ],
        [
          0.9312169312169232,
          2.1164021164021163
        ]
      ],
      "shape_type": "polygon",
      "flags": {}
    },
    {
      "label": "wood01",
      "line_color": null,
      "fill_color": null,
      "points": [
        [
          30.560846560846556,
          408.99470899470896
        ],
        [
          49.60846560846559,
          396.29629629629625
        ],
        [
          49.60846560846559,
          388.88888888888886
        ],
        [
          66.53968253968253,
          378.83597883597884
        ],
        [
          70.77248677248676,
          378.83597883597884
        ],
        [
          70.24338624338623,
          368.25396825396825
        ],
        [
          114.68783068783068,
          342.32804232804233
        ],
        [
          160.19047619047615,
          328.042328042328
        ],
        [
          152.25396825396825,
          277.77777777777777
        ],
        [
          145.37566137566137,
          270.8994708994709
        ],
        [
          127.38624338624336,
          269.8412698412698
        ],
        [
          108.33862433862433,
          275.13227513227514
        ],
        [
          87.17460317460316,
          281.48148148148147
        ],
        [
          71.83068783068782,
          289.9470899470899
        ],
        [
          51.72486772486772,
          301.58730158730157
        ],
        [
          36.38095238095238,
          313.2275132275132
        ],
        [
          24.740740740740733,
          326.984126984127
        ],
        [
          25.798941798941797,
          348.67724867724866
        ]
      ],
      "shape_type": "polygon",
      "flags": {}
    },
    {
      "label": "wood02",
      "line_color": null,
      "fill_color": null,
      "points": [
        [
          1.989417989417987,
          377.2486772486772
        ],
        [
          12.571428571428555,
          389.9470899470899
        ],
        [
          20.507936507936506,
          499.99999999999994
        ],
        [
          13,
          511
        ],
        [
          0.9312169312169232,
          510.5820105820105
        ]
      ],
      "shape_type": "polygon",
      "flags": {}
    },
    {
      "label": "wood03",
      "line_color": null,
      "fill_color": null,
      "points": [
        [
          206.22222222222223,
          187.83068783068782
        ],
        [
          217.86243386243382,
          355.026455026455
        ],
        [
          223.15343915343914,
          355.55555555555554
        ],
        [
          230.56084656084653,
          353.4391534391534
        ],
        [
          280.8253968253968,
          375.66137566137564
        ],
        [
          281.3544973544973,
          366.66666666666663
        ],
        [
          285.58730158730157,
          364.021164021164
        ],
        [
          285.58730158730157,
          316.9312169312169
        ],
        [
          280.8253968253968,
          315.34391534391534
        ],
        [
          277.6507936507936,
          266.66666666666663
        ],
        [
          267.5978835978836,
          220.1058201058201
        ],
        [
          283.47089947089944,
          217.46031746031744
        ],
        [
          284.5291005291005,
          185.18518518518516
        ],
        [
          279.76719576719574,
          168.78306878306879
        ],
        [
          270.77248677248673,
          167.72486772486772
        ],
        [
          257.015873015873,
          168.78306878306879
        ],
        [
          264.4232804232804,
          173.015873015873
        ],
        [
          276.06349206349205,
          179.89417989417987
        ],
        [
          276.06349206349205,
          187.83068783068782
        ],
        [
          260.7195767195767,
          189.41798941798942
        ],
        [
          256.48677248677245,
          186.24338624338623
        ],
        [
          241.67195767195767,
          191.00529100529099
        ],
        [
          221.037037037037,
          191.53439153439152
        ]
      ],
      "shape_type": "polygon",
      "flags": {}
    },
    {
      "label": "wood04",
      "line_color": null,
      "fill_color": null,
      "points": [
        [
          337.9682539682539,
          0.5291005291005291
        ],
        [
          341.1428571428571,
          76.71957671957671
        ],
        [
          349.07936507936506,
          76.71957671957671
        ],
        [
          359.66137566137564,
          85.71428571428571
        ],
        [
          368.1269841269841,
          103.7037037037037
        ],
        [
          407.80952380952374,
          106.34920634920634
        ],
        [
          425.79894179894177,
          97.35449735449735
        ],
        [
          426.32804232804233,
          1.5873015873015872
        ]
      ],
      "shape_type": "polygon",
      "flags": {}
    },
    {
      "label": "wood05",
      "line_color": null,
      "fill_color": null,
      "points": [
        [
          364.9523809523809,
          187.83068783068782
        ],
        [
          369.71428571428567,
          215.34391534391534
        ],
        [
          368.6560846560846,
          239.68253968253967
        ],
        [
          396.1693121693121,
          225.3968253968254
        ],
        [
          394.5820105820105,
          237.037037037037
        ],
        [
          372.88888888888886,
          265.60846560846556
        ],
        [
          375.005291005291,
          283.5978835978836
        ],
        [
          380.29629629629625,
          322.75132275132273
        ],
        [
          459.13227513227514,
          348.14814814814815
        ],
        [
          461.7777777777777,
          197.88359788359787
        ]
      ],
      "shape_type": "polygon",
      "flags": {}
    },
    {
      "label": "fabric02",
      "line_color": null,
      "fill_color": null,
      "points": [
        [
          117.33333333333331,
          508.99470899470896
        ],
        [
          115.21693121693121,
          503.7037037037037
        ],
        [
          116.80423280423278,
          486.2433862433862
        ],
        [
          108.86772486772486,
          473.015873015873
        ],
        [
          98.81481481481481,
          468.78306878306876
        ],
        [
          83.47089947089947,
          467.7248677248677
        ],
        [
          69.7142857142857,
          467.7248677248677
        ],
        [
          62.835978835978835,
          467.7248677248677
        ],
        [
          37.439153439153415,
          446.5608465608465
        ],
        [
          28.44444444444443,
          420.6349206349206
        ],
        [
          31.08994708994709,
          410.05291005291
        ],
        [
          49.07936507936506,
          398.4126984126984
        ],
        [
          49.07936507936506,
          386.2433862433862
        ],
        [
          68.12698412698413,
          379.36507936507934
        ],
        [
          69.7142857142857,
          379.36507936507934
        ],
        [
          68.65608465608463,
          367.7248677248677
        ],
        [
          99.34391534391534,
          349.7354497354497
        ],
        [
          124.74074074074073,
          339.15343915343914
        ],
        [
          159.13227513227514,
          329.6296296296296
        ],
        [
          221.037037037037,
          359.25925925925924
        ],
        [
          229.50264550264546,
          357.1428571428571
        ],
        [
          287.17460317460313,
          380.9523809523809
        ],
        [
          326.85714285714283,
          392.59259259259255
        ],
        [
          331.6190476190476,
          406.87830687830683
        ],
        [
          349.07936507936506,
          406.87830687830683
        ],
        [
          455.42857142857144,
          443.9153439153439
        ],
        [
          467.59788359788354,
          446.5608465608465
        ],
        [
          473.9470899470899,
          464.5502645502645
        ],
        [
          471.8306878306878,
          480.9523809523809
        ],
        [
          468.1269841269841,
          507.9365079365079
        ],
        [
          129,
          511
        ]
      ],
      "shape_type": "polygon",
      "flags": {}
    },
    {
      "label": "fabric03",
      "line_color": null,
      "fill_color": null,
      "points": [
        [
          480.82539682539675,
          1.0582010582010581
        ],
        [
          471.30158730158723,
          307.9365079365079
        ],
        [
          475.5343915343915,
          310.05291005291
        ],
        [
          478.7089947089946,
          324.3386243386243
        ],
        [
          497.2275132275132,
          325.39682539682536
        ],
        [
          497.2275132275132,
          321.16402116402116
        ],
        [
          509.3968253968253,
          321.69312169312167
        ],
        [
          510.4550264550264,
          0.0
        ]
      ],
      "shape_type": "polygon",
      "flags": {}
    }
  ],
  "lineColor": [
    0,
    255,
    0,
    128
  ],
  "fillColor": [
    255,
    0,
    0,
    128
  ],
  "imagePath": "..\\pic\\97.jpg",
  "imageData": "",
  "imageHeight": 512,
  "imageWidth": 512
}
