{
  "version": "3.20.1",
  "flags": {},
  "shapes": [
    {
      "label": "plastic01",
      "line_color": null,
      "fill_color": null,
      "points": [
        [
          197.67391304347825,
          67.39130434782608
        ],
        [
          214.52173913043475,
          67.39130434782608
        ],
        [
          242.78260869565213,
          128.26086956521738
        ],
        [
          228.10869565217388,
          132.6086956521739
        ],
        [
          210.7173913043478,
          132.6086956521739
        ],
        [
          199.30434782608694,
          132.6086956521739
        ],
        [
          185.7173913043478,
          129.3478260869565
        ],
        [
          180.82608695652175,
          127.71739130434781
        ],
        [
          190.06521739130432,
          108.15217391304347
        ],
        [
          195.5,
          83.15217391304347
        ]
      ],
      "shape_type": "polygon",
      "flags": {}
    },
    {
      "label": "wood01",
      "line_color": null,
      "fill_color": null,
      "points": [
        [
          197.1304347826087,
          19.565217391304348
        ],
        [
          61.80434782608694,
          3.8043478260869565
        ],
        [
          31.913043478260875,
          1.0869565217391304
        ],
        [
          59.086956521739125,
          248.91304347826085
        ],
        [
          53.10869565217391,
          254.3478260869565
        ],
        [
          54.739130434782595,
          263.04347826086956
        ],
        [
          203.10869565217388,
          227.7173913043478
        ],
        [
          203.65217391304344,
          204.3478260869565
        ],
        [
          208.54347826086956,
          203.26086956521738
        ],
        [
          206.91304347826087,
          132.6086956521739
        ],
        [
          199.8478260869565,
          133.15217391304347
        ],
        [
          198.76086956521738,
          206.52173913043478
        ],
        [
          73.76086956521738,
          227.7173913043478
        ],
        [
          54.19565217391303,
          20.652173913043477
        ],
        [
          194.41304347826087,
          32.608695652173914
        ],
        [
          197.67391304347825,
          64.13043478260869
        ],
        [
          206.3695652173913,
          63.04347826086956
        ],
        [
          205.82608695652175,
          1.6304347826086956
        ],
        [
          195.5,
          1.6304347826086956
        ]
      ],
      "shape_type": "polygon",
      "flags": {}
    },
    {
      "label": "wood02",
      "line_color": null,
      "fill_color": null,
      "points": [
        [
          52.565217391304344,
          260.8695652173913
        ],
        [
          3.6521739130434696,
          270.1086956521739
        ],
        [
          3.6521739130434696,
          275.0
        ],
        [
          6.369565217391283,
          281.52173913043475
        ],
        [
          23.217391304347814,
          453.2608695652174
        ],
        [
          19.413043478260875,
          471.73913043478257
        ],
        [
          149.30434782608694,
          401.6304347826087
        ],
        [
          165.60869565217388,
          394.02173913043475
        ],
        [
          181.3695652173913,
          393.4782608695652
        ],
        [
          196.04347826086956,
          395.1086956521739
        ],
        [
          221.04347826086956,
          412.5
        ],
        [
          267.23913043478257,
          392.39130434782606
        ],
        [
          267.23913043478257,
          373.3695652173913
        ],
        [
          265.6086956521739,
          236.95652173913044
        ],
        [
          271.5869565217391,
          234.2391304347826
        ],
        [
          269.95652173913044,
          228.26086956521738
        ],
        [
          234.6304347826087,
          217.39130434782606
        ],
        [
          211.26086956521738,
          222.28260869565216
        ],
        [
          208.54347826086956,
          226.08695652173913
        ],
        [
          58.0,
          263.5869565217391
        ]
      ],
      "shape_type": "polygon",
      "flags": {}
    },
    {
      "label": "fabric01",
      "line_color": null,
      "fill_color": null,
      "points": [
        [
          0.9347826086956559,
          480.9782608695652
        ],
        [
          153.65217391304344,
          398.9130434782609
        ],
        [
          167.23913043478257,
          393.4782608695652
        ],
        [
          184.08695652173913,
          392.39130434782606
        ],
        [
          199.30434782608694,
          398.3695652173913
        ],
        [
          213.9782608695652,
          409.23913043478257
        ],
        [
          350.9347826086956,
          510.3260869565217
        ],
        [
          134,
          511
        ],
        [
          2.565217391304344,
          510.3260869565217
        ]
      ],
      "shape_type": "polygon",
      "flags": {}
    },
    {
      "label": "fabric02",
      "line_color": null,
      "fill_color": null,
      "points": [
        [
          384.0869565217391,
          509.78260869565213
        ],
        [
          366.1521739130435,
          502.17391304347825
        ],
        [
          355.82608695652175,
          486.95652173913044
        ],
        [
          342.23913043478257,
          483.695652173913
        ],
        [
          327.5652173913043,
          464.67391304347825
        ],
        [
          312.89130434782606,
          463.04347826086956
        ],
        [
          295.5,
          458.695652173913
        ],
        [
          299.30434782608694,
          417.39130434782606
        ],
        [
          291.695652173913,
          410.32608695652175
        ],
        [
          286.80434782608694,
          345.1086956521739
        ],
        [
          293.3260869565217,
          334.7826086956522
        ],
        [
          388.4347826086956,
          282.6086956521739
        ],
        [
          418.32608695652175,
          286.95652173913044
        ],
        [
          510.71739130434776,
          308.695652173913
        ],
        [
          511,
          412
        ],
        [
          509.0869565217391,
          509.78260869565213
        ]
      ],
      "shape_type": "polygon",
      "flags": {}
    },
    {
      "label": "fabric03",
      "line_color": null,
      "fill_color": null,
      "points": [
        [
          268.8695652173913,
          394.02173913043475
        ],
        [
          297.1304347826087,
          416.30434782608694
        ],
        [
          296.04347826086956,
          458.15217391304344
        ],
        [
          290.0652173913043,
          461.95652173913044
        ],
        [
          223.76086956521738,
          413.04347826086956
        ]
      ],
      "shape_type": "polygon",
      "flags": {}
    }
  ],
  "lineColor": [
    0,
    255,
    0,
    128
  ],
  "fillColor": [
    255,
    0,
    0,
    128
  ],
  "imagePath": "..\\pic\\479.jpg",
  "imageData": "",
  "imageHeight": 512,
  "imageWidth": 512
}
