{
  "version": "4.5.6",
  "flags": {},
  "shapes": [
    {
      "label": "fabric01",
      "points": [
        [
          504.04761904761904,
          237.037037037037
        ],
        [
          497.1693121693121,
          249.73544973544972
        ],
        [
          493.99470899470896,
          308.46560846560845
        ],
        [
          511,
          316
        ],
        [
          511,
          235
        ]
      ],
      "group_id": null,
      "shape_type": "polygon",
      "flags": {}
    },
    {
      "label": "fabric02",
      "points": [
        [
          506.6931216931216,
          223.8095238095238
        ],
        [
          498.75661375661366,
          224.86772486772486
        ],
        [
          493.99470899470896,
          232.80423280423278
        ],
        [
          489.23280423280414,
          317.989417989418
        ],
        [
          508.2804232804233,
          323.28042328042324
        ],
        [
          510.92592592592587,
          315.87301587301585
        ],
        [
          494.5238095238095,
          307.4074074074074
        ],
        [
          497.1693121693121,
          250.26455026455025
        ],
        [
          504.5767195767195,
          239.15343915343914
        ],
        [
          509.86772486772486,
          237.56613756613754
        ],
        [
          511,
          225
        ]
      ],
      "group_id": null,
      "shape_type": "polygon",
      "flags": {}
    },
    {
      "label": "fabric03",
      "points": [
        [
          487.6455026455026,
          316.9312169312169
        ],
        [
          378.6507936507936,
          356.6137566137566
        ],
        [
          338.4391534391534,
          384.65608465608466
        ],
        [
          308.28042328042324,
          437.037037037037
        ],
        [
          309.3386243386243,
          447.0899470899471
        ],
        [
          352.1957671957672,
          440.2116402116402
        ],
        [
          399.8148148148148,
          451.3227513227513
        ],
        [
          511,
          481
        ],
        [
          509.86772486772486,
          325.9259259259259
        ]
      ],
      "group_id": null,
      "shape_type": "polygon",
      "flags": {}
    },
    {
      "label": "fabric04",
      "points": [
        [
          308.28042328042324,
          449.7354497354497
        ],
        [
          303.5185185185185,
          470.8994708994709
        ],
        [
          307.75132275132273,
          473.5449735449735
        ],
        [
          291.3492063492063,
          508.99470899470896
        ],
        [
          458,
          511
        ],
        [
          511,
          511
        ],
        [
          511,
          482
        ],
        [
          351.1375661375661,
          439.15343915343914
        ]
      ],
      "group_id": null,
      "shape_type": "polygon",
      "flags": {}
    },
    {
      "label": "wood01",
      "points": [
        [
          16.216931216931215,
          1.0582010582010581
        ],
        [
          14.100529100529087,
          443.38624338624334
        ],
        [
          0.8730158730158593,
          442.3280423280423
        ],
        [
          1.9312169312169232,
          1.0582010582010581
        ]
      ],
      "group_id": null,
      "shape_type": "polygon",
      "flags": {}
    },
    {
      "label": "wood02",
      "points": [
        [
          36.322751322751316,
          1.0582010582010581
        ],
        [
          23.095238095238074,
          440.2116402116402
        ],
        [
          38.439153439153415,
          439.15343915343914
        ],
        [
          60.661375661375644,
          0.0
        ]
      ],
      "group_id": null,
      "shape_type": "polygon",
      "flags": {}
    },
    {
      "label": "wood03",
      "points": [
        [
          97.16931216931215,
          1.0582010582010581
        ],
        [
          46.9047619047619,
          439.68253968253964
        ],
        [
          71.24338624338623,
          429.10052910052906
        ],
        [
          116.74603174603172,
          2.645502645502645
        ]
      ],
      "group_id": null,
      "shape_type": "polygon",
      "flags": {}
    },
    {
      "label": "plastic01",
      "points": [
        [
          4.047619047619037,
          446.031746031746
        ],
        [
          45.846560846560834,
          441.79894179894177
        ],
        [
          72.83068783068782,
          426.98412698412693
        ],
        [
          76.53439153439152,
          416.9312169312169
        ],
        [
          84.47089947089947,
          460.8465608465608
        ],
        [
          111.45502645502643,
          508.46560846560845
        ],
        [
          2,
          511
        ]
      ],
      "group_id": null,
      "shape_type": "polygon",
      "flags": {}
    },
    {
      "label": "wood04",
      "points": [
        [
          207.26315789473682,
          316.84210526315786
        ],
        [
          214.62962962962962,
          461.37566137566137
        ],
        [
          305.1058201058201,
          447.6190476190476
        ],
        [
          336.3227513227513,
          385.18518518518516
        ],
        [
          382.8835978835979,
          353.9682539682539
        ],
        [
          383.94179894179894,
          316.9312169312169
        ],
        [
          371.77248677248673,
          308.99470899470896
        ],
        [
          324.68253968253964,
          306.3492063492063
        ],
        [
          326.79894179894177,
          319.57671957671954
        ],
        [
          264.36507936507934,
          320.1058201058201
        ],
        [
          265.4232804232804,
          313.7566137566137
        ]
      ],
      "group_id": null,
      "shape_type": "polygon",
      "flags": {}
    },
    {
      "label": "plastic02",
      "points": [
        [
          291.87830687830683,
          204.23280423280423
        ],
        [
          286.058201058201,
          248.67724867724866
        ],
        [
          263.83597883597884,
          260.8465608465608
        ],
        [
          269.65608465608466,
          291.005291005291
        ],
        [
          283.94179894179894,
          293.1216931216931
        ],
        [
          284.47089947089944,
          300.5291005291005
        ],
        [
          267.01058201058197,
          308.99470899470896
        ],
        [
          265.9523809523809,
          316.4021164021164
        ],
        [
          327.3280423280423,
          317.989417989418
        ],
        [
          324.68253968253964,
          306.3492063492063
        ],
        [
          307.2222222222222,
          304.2328042328042
        ],
        [
          306.69312169312167,
          292.06349206349205
        ],
        [
          315.6878306878307,
          291.5343915343915
        ],
        [
          326.79894179894177,
          260.3174603174603
        ],
        [
          308.8095238095238,
          251.85185185185185
        ]
      ],
      "group_id": null,
      "shape_type": "polygon",
      "flags": {}
    }
  ],
  "imagePath": "9970645.jpg",
  "imageData": "",
  "imageHeight": 512,
  "imageWidth": 512
}
