{
  "version": "3.20.1",
  "flags": {},
  "shapes": [
    {
      "label": "fabric01",
      "line_color": null,
      "fill_color": null,
      "points": [
        [
          319.95652173913044,
          247.28260869565216
        ],
        [
          271.04347826086956,
          276.0869565217391
        ],
        [
          290.6086956521739,
          273.9130434782609
        ],
        [
          334.0869565217391,
          283.695652173913
        ],
        [
          380.28260869565213,
          289.67391304347825
        ],
        [
          408.0,
          290.7608695652174
        ],
        [
          428.1086956521739,
          296.195652173913
        ],
        [
          439.52173913043475,
          337.5
        ],
        [
          445.5,
          377.17391304347825
        ],
        [
          460.71739130434776,
          384.23913043478257
        ],
        [
          462.3478260869565,
          366.30434782608694
        ],
        [
          463.4347826086956,
          334.7826086956522
        ],
        [
          462.891304347826,
          296.7391304347826
        ],
        [
          459.63043478260863,
          273.3695652173913
        ],
        [
          445.5,
          271.7391304347826
        ],
        [
          416.695652173913,
          260.8695652173913
        ],
        [
          398.21739130434776,
          250.54347826086956
        ],
        [
          386.2608695652174,
          248.36956521739128
        ],
        [
          359.63043478260863,
          244.56521739130434
        ],
        [
          329.73913043478257,
          244.56521739130434
        ]
      ],
      "shape_type": "polygon",
      "flags": {}
    },
    {
      "label": "fabric02",
      "line_color": null,
      "fill_color": null,
      "points": [
        [
          117.23913043478262,
          333.695652173913
        ],
        [
          153.65217391304344,
          344.02173913043475
        ],
        [
          163.43478260869563,
          358.15217391304344
        ],
        [
          221.04347826086956,
          398.9130434782609
        ],
        [
          227.02173913043475,
          444.5652173913043
        ],
        [
          228.10869565217388,
          496.73913043478257
        ],
        [
          229.73913043478257,
          509.78260869565213
        ],
        [
          318.86956521739125,
          509.78260869565213
        ],
        [
          346.0434782608695,
          489.67391304347825
        ],
        [
          360.71739130434776,
          460.3260869565217
        ],
        [
          380.28260869565213,
          447.8260869565217
        ],
        [
          418.86956521739125,
          408.15217391304344
        ],
        [
          437.891304347826,
          386.95652173913044
        ],
        [
          446.0434782608695,
          374.45652173913044
        ],
        [
          435.71739130434776,
          328.2608695652174
        ],
        [
          426.47826086956525,
          300.54347826086956
        ],
        [
          409.63043478260863,
          292.39130434782606
        ],
        [
          373.7608695652174,
          287.5
        ],
        [
          358.5434782608695,
          286.4130434782609
        ],
        [
          321.04347826086956,
          281.52173913043475
        ],
        [
          290.0652173913043,
          278.2608695652174
        ],
        [
          270.5,
          277.17391304347825
        ]
      ],
      "shape_type": "polygon",
      "flags": {}
    },
    {
      "label": "plastic01",
      "line_color": null,
      "fill_color": null,
      "points": [
        [
          60.717391304347814,
          320.1086956521739
        ],
        [
          54.19565217391303,
          329.89130434782606
        ],
        [
          32.45652173913044,
          333.15217391304344
        ],
        [
          23.760869565217376,
          346.73913043478257
        ],
        [
          24.847826086956502,
          386.4130434782609
        ],
        [
          26.47826086956522,
          420.1086956521739
        ],
        [
          27.565217391304344,
          458.695652173913
        ],
        [
          34.63043478260869,
          468.4782608695652
        ],
        [
          36.26086956521738,
          492.9347826086956
        ],
        [
          62.3478260869565,
          508.695652173913
        ],
        [
          176,
          511
        ],
        [
          228,
          511
        ],
        [
          224.8478260869565,
          441.30434782608694
        ],
        [
          221.58695652173913,
          416.30434782608694
        ],
        [
          212.3478260869565,
          395.1086956521739
        ],
        [
          185.7173913043478,
          378.2608695652174
        ],
        [
          166.15217391304344,
          366.30434782608694
        ],
        [
          153.65217391304344,
          358.695652173913
        ],
        [
          152.56521739130432,
          346.73913043478257
        ],
        [
          126.47826086956519,
          341.30434782608694
        ],
        [
          67.2391304347826,
          325.0
        ],
        [
          54.739130434782595,
          323.9130434782609
        ]
      ],
      "shape_type": "polygon",
      "flags": {}
    },
    {
      "label": "plastic02",
      "line_color": null,
      "fill_color": null,
      "points": [
        [
          324.8478260869565,
          241.30434782608694
        ],
        [
          324.30434782608694,
          223.36956521739128
        ],
        [
          334.6304347826087,
          213.58695652173913
        ],
        [
          354.195652173913,
          209.78260869565216
        ],
        [
          365.0652173913044,
          201.6304347826087
        ],
        [
          427.02173913043475,
          208.15217391304347
        ],
        [
          431.36956521739125,
          214.1304347826087
        ],
        [
          459.63043478260863,
          228.26086956521738
        ],
        [
          465.6086956521739,
          252.7173913043478
        ],
        [
          466.695652173913,
          295.1086956521739
        ],
        [
          458.0,
          282.6086956521739
        ],
        [
          443.32608695652175,
          270.1086956521739
        ],
        [
          422.13043478260863,
          261.4130434782609
        ],
        [
          408.5434782608695,
          251.6304347826087
        ],
        [
          379.195652173913,
          243.47826086956522
        ],
        [
          353.6521739130435,
          240.76086956521738
        ]
      ],
      "shape_type": "polygon",
      "flags": {}
    },
    {
      "label": "metal01",
      "line_color": null,
      "fill_color": null,
      "points": [
        [
          353.1086956521739,
          488.5869565217391
        ],
        [
          359.63043478260863,
          475.54347826086956
        ],
        [
          375.391304347826,
          464.67391304347825
        ],
        [
          395.5,
          454.89130434782606
        ],
        [
          396.5869565217391,
          465.2173913043478
        ],
        [
          356,
          511
        ],
        [
          340.6086956521739,
          509.78260869565213
        ],
        [
          343.86956521739125,
          497.28260869565213
        ]
      ],
      "shape_type": "polygon",
      "flags": {}
    }
  ],
  "lineColor": [
    0,
    255,
    0,
    128
  ],
  "fillColor": [
    255,
    0,
    0,
    128
  ],
  "imagePath": "..\\pic\\359.jpg",
  "imageData": "",
  "imageHeight": 512,
  "imageWidth": 512
}
