{
  "version": "3.20.1",
  "flags": {},
  "shapes": [
    {
      "label": "glass01",
      "line_color": null,
      "fill_color": null,
      "points": [
        [
          282.8260869565217,
          125.54347826086956
        ],
        [
          500.7608695652174,
          116.84782608695652
        ],
        [
          499.67391304347825,
          89.67391304347825
        ],
        [
          490.4347826086956,
          77.17391304347825
        ],
        [
          476.8478260869565,
          60.326086956521735
        ],
        [
          458.9130434782609,
          49.45652173913043
        ],
        [
          423.5869565217391,
          38.04347826086956
        ],
        [
          404.02173913043475,
          35.869565217391305
        ],
        [
          376.3043478260869,
          37.5
        ],
        [
          350.7608695652174,
          46.73913043478261
        ],
        [
          324.67391304347825,
          61.41304347826087
        ],
        [
          301.30434782608694,
          80.43478260869564
        ],
        [
          283.9130434782609,
          119.02173913043478
        ]
      ],
      "shape_type": "polygon",
      "flags": {}
    },
    {
      "label": "glass02",
      "line_color": null,
      "fill_color": null,
      "points": [
        [
          284.45652173913044,
          175.0
        ],
        [
          372.5,
          171.7391304347826
        ],
        [
          373.0434782608695,
          299.45652173913044
        ],
        [
          365.4347826086956,
          309.2391304347826
        ],
        [
          338.80434782608694,
          317.39130434782606
        ],
        [
          326.8478260869565,
          326.0869565217391
        ],
        [
          316.52173913043475,
          322.82608695652175
        ],
        [
          306.73913043478257,
          317.9347826086956
        ],
        [
          288.2608695652174,
          319.5652173913043
        ]
      ],
      "shape_type": "polygon",
      "flags": {}
    },
    {
      "label": "glass03",
      "line_color": null,
      "fill_color": null,
      "points": [
        [
          404.5652173913044,
          173.91304347826087
        ],
        [
          405.6521739130435,
          312.5
        ],
        [
          405.6521739130435,
          319.5652173913043
        ],
        [
          415.97826086956525,
          331.52173913043475
        ],
        [
          413.8043478260869,
          389.1304347826087
        ],
        [
          458.36956521739125,
          389.1304347826087
        ],
        [
          461.63043478260863,
          397.82608695652175
        ],
        [
          503.47826086956513,
          400.54347826086956
        ],
        [
          501.3043478260869,
          169.56521739130434
        ]
      ],
      "shape_type": "polygon",
      "flags": {}
    },
    {
      "label": "glass04",
      "line_color": null,
      "fill_color": null,
      "points": [
        [
          158.91304347826087,
          171.7391304347826
        ],
        [
          161.08695652173913,
          282.0652173913043
        ],
        [
          244.23913043478257,
          287.5
        ],
        [
          244.78260869565213,
          166.8478260869565
        ]
      ],
      "shape_type": "polygon",
      "flags": {}
    },
    {
      "label": "fabric01",
      "line_color": null,
      "fill_color": null,
      "points": [
        [
          111.63043478260869,
          405.9782608695652
        ],
        [
          219.23913043478257,
          416.30434782608694
        ],
        [
          217.60869565217388,
          383.695652173913
        ],
        [
          214.89130434782606,
          392.39130434782606
        ],
        [
          194.7826086956522,
          386.4130434782609
        ],
        [
          194.7826086956522,
          376.6304347826087
        ],
        [
          187.7173913043478,
          377.7173913043478
        ],
        [
          193.695652173913,
          386.4130434782609
        ],
        [
          185.0,
          399.45652173913044
        ],
        [
          154.02173913043475,
          395.1086956521739
        ],
        [
          157.2826086956522,
          384.78260869565213
        ],
        [
          157.2826086956522,
          373.9130434782609
        ],
        [
          119.78260869565219,
          370.1086956521739
        ],
        [
          102.93478260869563,
          376.6304347826087
        ]
      ],
      "shape_type": "polygon",
      "flags": {}
    },
    {
      "label": "fabric02",
      "line_color": null,
      "fill_color": null,
      "points": [
        [
          348.0434782608695,
          385.8695652173913
        ],
        [
          348.5869565217391,
          400.54347826086956
        ],
        [
          348.5869565217391,
          423.9130434782609
        ],
        [
          439.3478260869565,
          431.52173913043475
        ],
        [
          440.4347826086956,
          435.3260869565217
        ],
        [
          442.0652173913044,
          447.8260869565217
        ],
        [
          440.4347826086956,
          473.3695652173913
        ],
        [
          453.47826086956525,
          474.45652173913044
        ],
        [
          454.5652173913044,
          446.73913043478257
        ],
        [
          462.17391304347825,
          442.9347826086956
        ],
        [
          457.28260869565213,
          434.23913043478257
        ],
        [
          456.7391304347826,
          392.9347826086956
        ]
      ],
      "shape_type": "polygon",
      "flags": {}
    },
    {
      "label": "wood01",
      "line_color": null,
      "fill_color": null,
      "points": [
        [
          14.891304347826093,
          509.23913043478257
        ],
        [
          13.260869565217376,
          458.695652173913
        ],
        [
          21.956521739130437,
          450.54347826086956
        ],
        [
          29.565217391304344,
          485.3260869565217
        ],
        [
          26.847826086956502,
          509.78260869565213
        ],
        [
          140.43478260869563,
          509.23913043478257
        ],
        [
          195.32608695652175,
          473.3695652173913
        ],
        [
          195.8695652173913,
          460.8695652173913
        ],
        [
          226.8478260869565,
          460.8695652173913
        ],
        [
          231.195652173913,
          507.6086956521739
        ],
        [
          283.9130434782609,
          509.23913043478257
        ],
        [
          249.67391304347825,
          502.7173913043478
        ],
        [
          245.32608695652175,
          461.95652173913044
        ],
        [
          337.17391304347825,
          470.1086956521739
        ],
        [
          337.17391304347825,
          508.695652173913
        ],
        [
          352.391304347826,
          510.3260869565217
        ],
        [
          352.391304347826,
          472.8260869565217
        ],
        [
          392.0652173913044,
          476.0869565217391
        ],
        [
          399.13043478260863,
          489.1304347826087
        ],
        [
          412.71739130434776,
          498.36956521739125
        ],
        [
          412.71739130434776,
          509.23913043478257
        ],
        [
          435.0,
          510.3260869565217
        ],
        [
          433.9130434782609,
          484.78260869565213
        ],
        [
          439.891304347826,
          472.8260869565217
        ],
        [
          443.1521739130435,
          454.3478260869565
        ],
        [
          440.4347826086956,
          436.95652173913044
        ],
        [
          26.847826086956502,
          401.6304347826087
        ],
        [
          7.282608695652158,
          411.95652173913044
        ],
        [
          0.7608695652173765,
          410.8695652173913
        ],
        [
          1.3043478260869392,
          510.86956521739125
        ]
      ],
      "shape_type": "polygon",
      "flags": {}
    },
    {
      "label": "wood02",
      "line_color": null,
      "fill_color": null,
      "points": [
        [
          446.9565217391304,
          475.54347826086956
        ],
        [
          446.4130434782609,
          508.15217391304344
        ],
        [
          457.28260869565213,
          508.15217391304344
        ],
        [
          458.36956521739125,
          451.6304347826087
        ],
        [
          455.1086956521739,
          449.45652173913044
        ],
        [
          455.1086956521739,
          473.3695652173913
        ]
      ],
      "shape_type": "polygon",
      "flags": {}
    },
    {
      "label": "wood03",
      "line_color": null,
      "fill_color": null,
      "points": [
        [
          57.82608695652172,
          349.45652173913044
        ],
        [
          60.0,
          388.04347826086956
        ],
        [
          120.86956521739131,
          367.39130434782606
        ],
        [
          155.65217391304344,
          363.5869565217391
        ],
        [
          156.73913043478257,
          343.4782608695652
        ],
        [
          123.04347826086956,
          345.65217391304344
        ],
        [
          63.80434782608694,
          345.65217391304344
        ]
      ],
      "shape_type": "polygon",
      "flags": {}
    },
    {
      "label": "wood04",
      "line_color": null,
      "fill_color": null,
      "points": [
        [
          10.0,
          408.15217391304344
        ],
        [
          2.934782608695656,
          370.1086956521739
        ],
        [
          3.4782608695652186,
          359.23913043478257
        ],
        [
          31.195652173913032,
          349.45652173913044
        ],
        [
          36.086956521739125,
          329.89130434782606
        ],
        [
          43.69565217391303,
          330.4347826086956
        ],
        [
          49.67391304347825,
          344.5652173913043
        ],
        [
          58.36956521739128,
          351.6304347826087
        ],
        [
          56.739130434782595,
          355.9782608695652
        ],
        [
          40.97826086956522,
          347.82608695652175
        ],
        [
          13.260869565217376,
          363.5869565217391
        ],
        [
          13.260869565217376,
          369.5652173913043
        ],
        [
          18.695652173913032,
          403.80434782608694
        ]
      ],
      "shape_type": "polygon",
      "flags": {}
    }
  ],
  "lineColor": [
    0,
    255,
    0,
    128
  ],
  "fillColor": [
    255,
    0,
    0,
    128
  ],
  "imagePath": "..\\pic\\532.jpg",
  "imageData": "",
  "imageHeight": 512,
  "imageWidth": 512
}
