{
  "version": "3.18.0",
  "flags": {},
  "shapes": [
    {
      "label": "fabric01",
      "line_color": null,
      "fill_color": null,
      "points": [
        [
          172.36040609137058,
          151.26903553299493
        ],
        [
          421.0913705583756,
          105.58375634517766
        ],
        [
          421.0913705583756,
          295.43147208121826
        ],
        [
          411.4467005076142,
          290.3553299492386
        ],
        [
          404.34010152284264,
          294.9238578680203
        ],
        [
          375.4060913705584,
          293.9086294416244
        ],
        [
          373.88324873096445,
          324.3654822335025
        ],
        [
          367.79187817258884,
          326.9035532994924
        ],
        [
          366.2690355329949,
          281.21827411167516
        ],
        [
          329.7208121827411,
          279.18781725888323
        ],
        [
          328.1979695431472,
          307.10659898477155
        ],
        [
          319.06091370558374,
          307.61421319796955
        ],
        [
          320.5837563451777,
          332.994923857868
        ],
        [
          244.44162436548226,
          326.9035532994924
        ],
        [
          247.48730964467006,
          270.55837563451774
        ],
        [
          240.88832487309645,
          269.03553299492387
        ],
        [
          237.84263959390864,
          277.15736040609136
        ],
        [
          233.2741116751269,
          278.1725888324873
        ],
        [
          232.25888324873097,
          247.71573604060913
        ],
        [
          208.90862944162438,
          244.16243654822335
        ],
        [
          208.90862944162438,
          249.74619289340103
        ],
        [
          194.18781725888323,
          255.32994923857868
        ],
        [
          193.6802030456853,
          226.39593908629442
        ],
        [
          183.02030456852793,
          230.96446700507616
        ],
        [
          181.497461928934,
          271.06598984771574
        ],
        [
          187.08121827411168,
          273.6040609137056
        ],
        [
          185.0507614213198,
          278.1725888324873
        ],
        [
          168.2994923857868,
          276.1421319796954
        ]
      ],
      "shape_type": "polygon",
      "flags": {}
    },
    {
      "label": "fabric02",
      "line_color": null,
      "fill_color": null,
      "points": [
        [
          64.23857868020303,
          136.5482233502538
        ],
        [
          112.46192893401016,
          154.8223350253807
        ],
        [
          113.98477157360406,
          235.53299492385787
        ],
        [
          95.20304568527919,
          234.51776649746193
        ],
        [
          96.7258883248731,
          265.98984771573606
        ],
        [
          75.40609137055839,
          265.48223350253807
        ],
        [
          72.36040609137055,
          287.3096446700508
        ],
        [
          62.71573604060913,
          288.83248730964465
        ]
      ],
      "shape_type": "polygon",
      "flags": {}
    },
    {
      "label": "fabric03",
      "line_color": null,
      "fill_color": null,
      "points": [
        [
          408.9086294416244,
          291.8781725888325
        ],
        [
          400.78680203045684,
          309.1370558375635
        ],
        [
          399.7715736040609,
          318.2741116751269
        ],
        [
          426.16751269035535,
          320.81218274111677
        ],
        [
          432.25888324873097,
          309.6446700507614
        ],
        [
          425.65989847715736,
          309.6446700507614
        ],
        [
          432.25888324873097,
          294.4162436548223
        ],
        [
          417.53807106598987,
          297.9695431472081
        ]
      ],
      "shape_type": "polygon",
      "flags": {}
    },
    {
      "label": "fabric04",
      "line_color": null,
      "fill_color": null,
      "points": [
        [
          377.43654822335026,
          296.4467005076142
        ],
        [
          376.9289340101523,
          319.28934010152284
        ],
        [
          395.71065989847716,
          319.79695431472084
        ],
        [
          404.34010152284264,
          298.98477157360406
        ]
      ],
      "shape_type": "polygon",
      "flags": {}
    },
    {
      "label": "fabric05",
      "line_color": null,
      "fill_color": null,
      "points": [
        [
          332.76649746192896,
          302.53807106598987
        ],
        [
          335.81218274111677,
          316.24365482233503
        ],
        [
          356.11675126903555,
          316.75126903553297
        ],
        [
          357.1319796954315,
          304.06091370558374
        ],
        [
          344.9492385786802,
          300.507614213198
        ]
      ],
      "shape_type": "polygon",
      "flags": {}
    },
    {
      "label": "wood01",
      "line_color": null,
      "fill_color": null,
      "points": [
        [
          415.0,
          376.6497461928934
        ],
        [
          411.9543147208122,
          491.3705583756345
        ],
        [
          499.26395939086296,
          508.12182741116754
        ],
        [
          504.84771573604064,
          508.12182741116754
        ],
        [
          504.3401015228427,
          416.24365482233503
        ],
        [
          475.40609137055833,
          381.21827411167516
        ],
        [
          460.17766497461935,
          378.6802030456853
        ],
        [
          471.3451776649746,
          395.93908629441626
        ],
        [
          454.59390862944167,
          398.4771573604061
        ],
        [
          442.4111675126903,
          391.8781725888325
        ],
        [
          433.27411167512696,
          384.26395939086296
        ]
      ],
      "shape_type": "polygon",
      "flags": {}
    },
    {
      "label": "wood02",
      "line_color": null,
      "fill_color": null,
      "points": [
        [
          52.56345177664974,
          291.8781725888325
        ],
        [
          50.53299492385787,
          391.3705583756345
        ],
        [
          107.38578680203045,
          407.61421319796955
        ],
        [
          155.1015228426396,
          384.26395939086296
        ],
        [
          156.11675126903555,
          364.46700507614213
        ],
        [
          185.55837563451774,
          350.76142131979697
        ],
        [
          186.06598984771574,
          345.1776649746193
        ],
        [
          173.88324873096445,
          340.1015228426396
        ],
        [
          167.79187817258884,
          330.96446700507613
        ],
        [
          166.7766497461929,
          310.1522842639594
        ],
        [
          169.31472081218274,
          305.0761421319797
        ],
        [
          189.61928934010155,
          302.0304568527919
        ],
        [
          193.1725888324873,
          282.74111675126903
        ],
        [
          171.34517766497464,
          288.83248730964465
        ],
        [
          120.58375634517768,
          295.43147208121826
        ],
        [
          96.7258883248731,
          294.4162436548223
        ],
        [
          92.66497461928935,
          288.83248730964465
        ]
      ],
      "shape_type": "polygon",
      "flags": {}
    },
    {
      "label": "glass01",
      "line_color": null,
      "fill_color": null,
      "points": [
        [
          47.99492385786803,
          5.0761421319796955
        ],
        [
          169.31472081218274,
          98.4771573604061
        ],
        [
          197.2335025380711,
          88.83248730964468
        ],
        [
          104.84771573604061,
          1.015228426395939
        ]
      ],
      "shape_type": "polygon",
      "flags": {}
    },
    {
      "label": "plastic01",
      "line_color": null,
      "fill_color": null,
      "points": [
        [
          450.0253807106599,
          337.0558375634518
        ],
        [
          462.2081218274112,
          337.56345177664974
        ],
        [
          468.29949238578683,
          346.7005076142132
        ],
        [
          464.74619289340103,
          368.02030456852793
        ],
        [
          450.0253807106599,
          367.51269035532994
        ],
        [
          443.4263959390863,
          343.65482233502536
        ]
      ],
      "shape_type": "polygon",
      "flags": {}
    },
    {
      "label": "fabric06",
      "line_color": null,
      "fill_color": null,
      "points": [
        [
          309.9238578680203,
          371.06598984771574
        ],
        [
          293.1725888324873,
          382.2335025380711
        ],
        [
          291.1421319796954,
          393.9086294416244
        ],
        [
          306.8781725888325,
          421.8274111675127
        ]
      ],
      "shape_type": "polygon",
      "flags": {}
    },
    {
      "label": "fabric07",
      "line_color": null,
      "fill_color": null,
      "points": [
        [
          398.24873096446703,
          324.8730964467005
        ],
        [
          436.3197969543147,
          325.38071065989845
        ],
        [
          450.0253807106599,
          328.93401015228426
        ],
        [
          442.4111675126903,
          342.6395939086294
        ],
        [
          446.9796954314721,
          367.005076142132
        ],
        [
          442.4111675126903,
          370.0507614213198
        ],
        [
          435.81218274111677,
          364.46700507614213
        ],
        [
          434.28934010152284,
          358.3756345177665
        ],
        [
          425.65989847715736,
          358.3756345177665
        ],
        [
          411.4467005076142,
          364.9746192893401
        ],
        [
          412.46192893401013,
          341.6243654822335
        ]
      ],
      "shape_type": "polygon",
      "flags": {}
    },
    {
      "label": "plastic02",
      "line_color": null,
      "fill_color": null,
      "points": [
        [
          321.5989847715736,
          360.4060913705584
        ],
        [
          310.43147208121826,
          484.7715736040609
        ],
        [
          395.2030456852792,
          456.34517766497464
        ],
        [
          405.8629441624366,
          346.7005076142132
        ]
      ],
      "shape_type": "polygon",
      "flags": {}
    },
    {
      "label": "plastic03",
      "line_color": null,
      "fill_color": null,
      "points": [
        [
          271.8527918781726,
          387.8172588832487
        ],
        [
          309.9238578680203,
          450.76142131979697
        ],
        [
          311.4467005076142,
          439.5939086294416
        ],
        [
          277.43654822335026,
          382.74111675126903
        ],
        [
          268.29949238578683,
          383.24873096446703
        ]
      ],
      "shape_type": "polygon",
      "flags": {}
    }
  ],
  "lineColor": [
    0,
    255,
    0,
    128
  ],
  "fillColor": [
    255,
    0,
    0,
    128
  ],
  "imagePath": "a1badf5.jpg",
  "imageData": "",
  "imageHeight": 512,
  "imageWidth": 512
}
