{
  "version": "3.20.1",
  "flags": {},
  "shapes": [
    {
      "label": "fabric01",
      "line_color": null,
      "fill_color": null,
      "points": [
        [
          36.63043478260869,
          240.76086956521738
        ],
        [
          51.8478260869565,
          353.80434782608694
        ],
        [
          71.41304347826085,
          411.4130434782609
        ],
        [
          67.6086956521739,
          493.4782608695652
        ],
        [
          67,
          511
        ],
        [
          206.73913043478257,
          508.695652173913
        ],
        [
          231.195652173913,
          498.9130434782609
        ],
        [
          250.2173913043478,
          501.0869565217391
        ],
        [
          277.9347826086956,
          497.28260869565213
        ],
        [
          274.67391304347825,
          509.78260869565213
        ],
        [
          300.2173913043478,
          508.15217391304344
        ],
        [
          300.2173913043478,
          494.02173913043475
        ],
        [
          299.67391304347825,
          439.1304347826087
        ],
        [
          284.45652173913044,
          391.30434782608694
        ],
        [
          250.76086956521738,
          358.695652173913
        ],
        [
          195.32608695652175,
          300.54347826086956
        ],
        [
          174.1304347826087,
          264.67391304347825
        ],
        [
          173.04347826086956,
          250.0
        ],
        [
          179.56521739130432,
          246.7391304347826
        ],
        [
          139.89130434782606,
          195.65217391304347
        ],
        [
          85.54347826086956,
          202.17391304347825
        ],
        [
          47.5,
          204.3478260869565
        ],
        [
          52.934782608695656,
          218.47826086956522
        ],
        [
          48.586956521739125,
          227.7173913043478
        ],
        [
          49.13043478260869,
          238.58695652173913
        ]
      ],
      "shape_type": "polygon",
      "flags": {}
    },
    {
      "label": "fabric02",
      "line_color": null,
      "fill_color": null,
      "points": [
        [
          4.565217391304344,
          440.2173913043478
        ],
        [
          69.78260869565216,
          417.9347826086956
        ],
        [
          65.43478260869566,
          509.78260869565213
        ],
        [
          0.7608695652173765,
          509.78260869565213
        ],
        [
          0,
          477
        ],
        [
          0,
          451
        ],
        [
          0,
          442
        ]
      ],
      "shape_type": "polygon",
      "flags": {}
    },
    {
      "label": "fabric03",
      "line_color": null,
      "fill_color": null,
      "points": [
        [
          258.9130434782609,
          364.1304347826087
        ],
        [
          283.9130434782609,
          392.39130434782606
        ],
        [
          299.67391304347825,
          441.8478260869565
        ],
        [
          300.2173913043478,
          510.3260869565217
        ],
        [
          511,
          509
        ],
        [
          298.04347826086956,
          352.7173913043478
        ]
      ],
      "shape_type": "polygon",
      "flags": {}
    },
    {
      "label": "wood01",
      "line_color": null,
      "fill_color": null,
      "points": [
        [
          369.78260869565213,
          246.7391304347826
        ],
        [
          365.4347826086956,
          293.4782608695652
        ],
        [
          387.71739130434776,
          323.9130434782609
        ],
        [
          437.17391304347825,
          316.8478260869565
        ],
        [
          442.6086956521739,
          258.695652173913
        ],
        [
          393.695652173913,
          264.67391304347825
        ]
      ],
      "shape_type": "polygon",
      "flags": {}
    },
    {
      "label": "wood02",
      "line_color": null,
      "fill_color": null,
      "points": [
        [
          170.8695652173913,
          214.67391304347825
        ],
        [
          169.7826086956522,
          227.7173913043478
        ],
        [
          180.10869565217388,
          245.65217391304347
        ],
        [
          177.93478260869563,
          249.45652173913044
        ],
        [
          174.1304347826087,
          263.04347826086956
        ],
        [
          196.95652173913044,
          299.45652173913044
        ],
        [
          234.45652173913044,
          340.2173913043478
        ],
        [
          245.8695652173913,
          343.4782608695652
        ],
        [
          311.6304347826087,
          321.195652173913
        ],
        [
          311.0869565217391,
          315.7608695652174
        ],
        [
          305.1086956521739,
          317.39130434782606
        ],
        [
          284.45652173913044,
          319.02173913043475
        ],
        [
          276.8478260869565,
          316.30434782608694
        ],
        [
          272.5,
          324.45652173913044
        ],
        [
          258.9130434782609,
          325.54347826086956
        ],
        [
          254.56521739130432,
          221.19565217391303
        ],
        [
          195.8695652173913,
          225.0
        ]
      ],
      "shape_type": "polygon",
      "flags": {}
    },
    {
      "label": "metal01",
      "line_color": null,
      "fill_color": null,
      "points": [
        [
          491.52173913043475,
          234.2391304347826
        ],
        [
          482.28260869565213,
          355.4347826086956
        ],
        [
          457.28260869565213,
          363.5869565217391
        ],
        [
          463.8043478260869,
          376.6304347826087
        ],
        [
          489.891304347826,
          374.45652173913044
        ],
        [
          506.195652173913,
          385.8695652173913
        ],
        [
          510.0,
          372.82608695652175
        ],
        [
          497.5,
          363.04347826086956
        ],
        [
          504.02173913043475,
          266.8478260869565
        ],
        [
          507.82608695652175,
          234.2391304347826
        ]
      ],
      "shape_type": "polygon",
      "flags": {}
    },
    {
      "label": "metal02",
      "line_color": null,
      "fill_color": null,
      "points": [
        [
          339.3478260869565,
          300.54347826086956
        ],
        [
          376.8478260869565,
          334.23913043478257
        ],
        [
          376.3043478260869,
          345.65217391304344
        ],
        [
          338.2608695652174,
          316.30434782608694
        ]
      ],
      "shape_type": "polygon",
      "flags": {}
    },
    {
      "label": "metal03",
      "line_color": null,
      "fill_color": null,
      "points": [
        [
          444.2391304347826,
          316.30434782608694
        ],
        [
          452.391304347826,
          325.0
        ],
        [
          450.21739130434776,
          338.5869565217391
        ],
        [
          438.2608695652174,
          325.54347826086956
        ]
      ],
      "shape_type": "polygon",
      "flags": {}
    },
    {
      "label": "fabric04",
      "line_color": null,
      "fill_color": null,
      "points": [
        [
          355.6521739130435,
          180.97826086956522
        ],
        [
          377.391304347826,
          195.1086956521739
        ],
        [
          388.2608695652174,
          200.54347826086956
        ],
        [
          388.2608695652174,
          234.2391304347826
        ],
        [
          403.47826086956525,
          222.82608695652172
        ],
        [
          447.5,
          220.1086956521739
        ],
        [
          444.2391304347826,
          248.91304347826085
        ],
        [
          446.9565217391304,
          252.17391304347825
        ],
        [
          443.1521739130435,
          305.4347826086956
        ],
        [
          452.391304347826,
          305.4347826086956
        ],
        [
          454.02173913043475,
          307.0652173913043
        ],
        [
          460.0,
          270.65217391304344
        ],
        [
          454.02173913043475,
          186.41304347826087
        ],
        [
          406.195652173913,
          163.04347826086956
        ],
        [
          395.32608695652175,
          165.2173913043478
        ],
        [
          373.0434782608695,
          166.30434782608694
        ],
        [
          362.71739130434776,
          170.1086956521739
        ]
      ],
      "shape_type": "polygon",
      "flags": {}
    }
  ],
  "lineColor": [
    0,
    255,
    0,
    128
  ],
  "fillColor": [
    255,
    0,
    0,
    128
  ],
  "imagePath": "..\\pic\\60.jpg",
  "imageData": "",
  "imageHeight": 512,
  "imageWidth": 512
}
