{
  "version": "4.5.6",
  "flags": {},
  "shapes": [
    {
      "label": "fabric01",
      "points": [
        [
          199.81481481481478,
          468.2539682539682
        ],
        [
          410.3968253968253,
          468.2539682539682
        ],
        [
          421,
          511
        ],
        [
          189.76190476190476,
          510.5820105820105
        ]
      ],
      "group_id": null,
      "shape_type": "polygon",
      "flags": {}
    },
    {
      "label": "fabric02",
      "points": [
        [
          0.3439153439153415,
          224.33862433862433
        ],
        [
          9.86772486772486,
          214.8148148148148
        ],
        [
          52.72486772486772,
          342.32804232804233
        ],
        [
          25.2116402116402,
          347.6190476190476
        ],
        [
          0.8730158730158593,
          294.1798941798942
        ]
      ],
      "group_id": null,
      "shape_type": "polygon",
      "flags": {}
    },
    {
      "label": "fabric03",
      "points": [
        [
          1.4021164021163912,
          391.5343915343915
        ],
        [
          22.037037037037038,
          370.8994708994709
        ],
        [
          22.56613756613757,
          348.67724867724866
        ],
        [
          0,
          294
        ]
      ],
      "group_id": null,
      "shape_type": "polygon",
      "flags": {}
    },
    {
      "label": "fabric04",
      "points": [
        [
          21.507936507936506,
          239.15343915343914
        ],
        [
          45.846560846560834,
          247.08994708994706
        ],
        [
          68.5978835978836,
          248.67724867724866
        ],
        [
          79.17989417989418,
          271.4285714285714
        ],
        [
          92.40740740740739,
          325.39682539682536
        ],
        [
          48.492063492063494,
          328.042328042328
        ]
      ],
      "group_id": null,
      "shape_type": "polygon",
      "flags": {}
    },
    {
      "label": "fabric05",
      "points": [
        [
          2.989417989417987,
          415.34391534391534
        ],
        [
          10.925925925925924,
          404.2328042328042
        ],
        [
          61.71957671957671,
          389.4179894179894
        ],
        [
          117.27513227513225,
          391.5343915343915
        ],
        [
          144.25925925925924,
          405.82010582010577
        ],
        [
          153.78306878306876,
          464.021164021164
        ],
        [
          161.7195767195767,
          479.36507936507934
        ],
        [
          152.1957671957672,
          488.35978835978835
        ],
        [
          162,
          511
        ],
        [
          105,
          511
        ],
        [
          106.69312169312167,
          429.6296296296296
        ],
        [
          1.4021164021163912,
          426.98412698412693
        ]
      ],
      "group_id": null,
      "shape_type": "polygon",
      "flags": {}
    },
    {
      "label": "fabric06",
      "points": [
        [
          98.22751322751321,
          321.69312169312167
        ],
        [
          119.92063492063491,
          321.16402116402116
        ],
        [
          132.08994708994706,
          316.4021164021164
        ],
        [
          162.2486772486772,
          314.2857142857143
        ],
        [
          186.58730158730157,
          321.16402116402116
        ],
        [
          189.2328042328042,
          332.80423280423275
        ],
        [
          183.41269841269838,
          345.50264550264546
        ],
        [
          167.53968253968253,
          370.8994708994709
        ],
        [
          146.90476190476187,
          412.69841269841265
        ],
        [
          137.38095238095235,
          402.11640211640207
        ],
        [
          108.8095238095238,
          390.4761904761904
        ],
        [
          70.7142857142857,
          388.35978835978835
        ],
        [
          34.73544973544972,
          396.29629629629625
        ],
        [
          11.455026455026442,
          402.64550264550263
        ],
        [
          0,
          415
        ],
        [
          2.460317460317455,
          392.59259259259255
        ],
        [
          22.037037037037038,
          370.3703703703703
        ],
        [
          23.624338624338606,
          356.6137566137566
        ],
        [
          53.783068783068785,
          343.9153439153439
        ],
        [
          53.25396825396825,
          329.6296296296296
        ],
        [
          90.8201058201058,
          325.9259259259259
        ]
      ],
      "group_id": null,
      "shape_type": "polygon",
      "flags": {}
    },
    {
      "label": "fabric07",
      "points": [
        [
          510.92592592592587,
          247.6190476190476
        ],
        [
          493.4656084656084,
          266.1375661375661
        ],
        [
          465.4232804232804,
          464.5502645502645
        ],
        [
          456.42857142857144,
          478.8359788359788
        ],
        [
          463.83597883597884,
          502.64550264550263
        ],
        [
          507.75132275132273,
          510.05291005291
        ],
        [
          511,
          508
        ],
        [
          511,
          249
        ]
      ],
      "group_id": null,
      "shape_type": "polygon",
      "flags": {}
    },
    {
      "label": "plastic01",
      "points": [
        [
          358.5449735449735,
          239.15343915343914
        ],
        [
          328.38624338624334,
          271.4285714285714
        ],
        [
          365.9523809523809,
          275.13227513227514
        ],
        [
          391.87830687830683,
          276.19047619047615
        ],
        [
          377.59259259259255,
          287.3015873015873
        ],
        [
          355.3703703703703,
          288.88888888888886
        ],
        [
          335.7936507936508,
          286.77248677248673
        ],
        [
          325.2116402116402,
          281.48148148148147
        ],
        [
          328.38624338624334,
          286.77248677248673
        ],
        [
          366.48148148148147,
          292.59259259259255
        ],
        [
          376.005291005291,
          295.23809523809524
        ],
        [
          395.05291005291,
          293.1216931216931
        ],
        [
          422.03703703703695,
          275.66137566137564
        ],
        [
          418.8624338624338,
          262.43386243386243
        ],
        [
          429.9735449735449,
          240.74074074074073
        ]
      ],
      "group_id": null,
      "shape_type": "polygon",
      "flags": {}
    },
    {
      "label": "plastic02",
      "points": [
        [
          374.41798941798936,
          221.69312169312167
        ],
        [
          431.56084656084647,
          221.69312169312167
        ],
        [
          423.0952380952381,
          213.2275132275132
        ],
        [
          408.80952380952374,
          207.4074074074074
        ],
        [
          396.6402116402116,
          207.93650793650792
        ],
        [
          384.99999999999994,
          212.69841269841268
        ]
      ],
      "group_id": null,
      "shape_type": "polygon",
      "flags": {}
    },
    {
      "label": "metal01",
      "points": [
        [
          224.15343915343914,
          237.56613756613754
        ],
        [
          220.97883597883595,
          421.69312169312167
        ],
        [
          228.9153439153439,
          421.16402116402116
        ],
        [
          232.0899470899471,
          237.56613756613754
        ]
      ],
      "group_id": null,
      "shape_type": "polygon",
      "flags": {}
    },
    {
      "label": "metal02",
      "points": [
        [
          232.6190476190476,
          237.037037037037
        ],
        [
          231.03174603174602,
          393.6507936507936
        ],
        [
          237.9100529100529,
          393.1216931216931
        ],
        [
          239.49735449735448,
          237.56613756613754
        ]
      ],
      "group_id": null,
      "shape_type": "polygon",
      "flags": {}
    },
    {
      "label": "metal03",
      "points": [
        [
          374.9470899470899,
          313.7566137566137
        ],
        [
          374.9470899470899,
          356.6137566137566
        ],
        [
          334.20634920634916,
          353.4391534391534
        ],
        [
          332.6190476190476,
          361.90476190476187
        ],
        [
          339.4973544973545,
          362.96296296296293
        ],
        [
          325.2116402116402,
          369.31216931216926
        ],
        [
          326.79894179894177,
          375.66137566137564
        ],
        [
          376.005291005291,
          367.1957671957672
        ],
        [
          391.87830687830683,
          382.01058201058197
        ],
        [
          395.5820105820105,
          381.48148148148147
        ],
        [
          395.05291005291,
          370.8994708994709
        ],
        [
          390.29100529100526,
          367.7248677248677
        ],
        [
          436.85185185185185,
          372.48677248677245
        ],
        [
          437.91005291005285,
          364.021164021164
        ],
        [
          404.5767195767196,
          359.25925925925924
        ],
        [
          404.04761904761904,
          352.9100529100529
        ],
        [
          383.94179894179894,
          355.55555555555554
        ],
        [
          382.3544973544973,
          313.2275132275132
        ]
      ],
      "group_id": null,
      "shape_type": "polygon",
      "flags": {}
    }
  ],
  "imagePath": "14.JPG",
  "imageData": "",
  "imageHeight": 512,
  "imageWidth": 512
}
