{
  "version": "4.5.6",
  "flags": {},
  "shapes": [
    {
      "label": "wood01",
      "points": [
        [
          17.804232804232782,
          300.0
        ],
        [
          58.01587301587301,
          284.1269841269841
        ],
        [
          144.7883597883598,
          292.06349206349205
        ],
        [
          144.7883597883598,
          296.8253968253968
        ],
        [
          122.56613756613754,
          308.46560846560845
        ],
        [
          122.56613756613754,
          315.87301587301585
        ],
        [
          0,
          374
        ],
        [
          0.8730158730158593,
          330.1587301587301
        ],
        [
          48.492063492063494,
          307.9365079365079
        ]
      ],
      "group_id": null,
      "shape_type": "polygon",
      "flags": {}
    },
    {
      "label": "wood02",
      "points": [
        [
          81.29629629629628,
          282.53968253968253
        ],
        [
          155.89947089947088,
          289.9470899470899
        ],
        [
          220.97883597883595,
          261.37566137566137
        ],
        [
          215.68783068783068,
          258.73015873015873
        ],
        [
          183.94179894179894,
          256.6137566137566
        ],
        [
          149.55026455026456,
          268.78306878306876
        ],
        [
          114.62962962962962,
          266.66666666666663
        ],
        [
          106.69312169312167,
          267.1957671957672
        ],
        [
          107.2222222222222,
          273.015873015873
        ],
        [
          98.22751322751321,
          277.77777777777777
        ],
        [
          91.87830687830686,
          275.66137566137564
        ]
      ],
      "group_id": null,
      "shape_type": "polygon",
      "flags": {}
    },
    {
      "label": "wood03",
      "points": [
        [
          277.59259259259255,
          260.3174603174603
        ],
        [
          269.1269841269841,
          280.4232804232804
        ],
        [
          268.5978835978836,
          285.7142857142857
        ],
        [
          315.6878306878307,
          285.7142857142857
        ],
        [
          316.2169312169312,
          266.1375661375661
        ],
        [
          336.85185185185185,
          266.1375661375661
        ],
        [
          340.026455026455,
          252.38095238095235
        ],
        [
          281.29629629629625,
          249.2063492063492
        ]
      ],
      "group_id": null,
      "shape_type": "polygon",
      "flags": {}
    },
    {
      "label": "wood04",
      "points": [
        [
          420.4497354497354,
          309.5238095238095
        ],
        [
          434.20634920634916,
          336.5079365079365
        ],
        [
          511,
          343
        ],
        [
          509.86772486772486,
          315.34391534391534
        ]
      ],
      "group_id": null,
      "shape_type": "polygon",
      "flags": {}
    },
    {
      "label": "wood05",
      "points": [
        [
          510.92592592592587,
          474.6031746031746
        ],
        [
          433.6772486772486,
          466.1375661375661
        ],
        [
          433.6772486772486,
          482.53968253968253
        ],
        [
          440,
          511
        ],
        [
          510,
          511
        ]
      ],
      "group_id": null,
      "shape_type": "polygon",
      "flags": {}
    },
    {
      "label": "wood06",
      "points": [
        [
          3.518518518518505,
          404.2328042328042
        ],
        [
          84.47089947089947,
          417.4603174603174
        ],
        [
          84.47089947089947,
          421.16402116402116
        ],
        [
          309.86772486772486,
          455.026455026455
        ],
        [
          302,
          511
        ],
        [
          283,
          511
        ],
        [
          286.58730158730157,
          504.7619047619047
        ],
        [
          263.3068783068783,
          488.88888888888886
        ],
        [
          260.1322751322751,
          469.31216931216926
        ],
        [
          232.0899470899471,
          468.2539682539682
        ],
        [
          217.80423280423275,
          478.3068783068783
        ],
        [
          200.34391534391534,
          495.2380952380952
        ],
        [
          213.57142857142856,
          503.17460317460313
        ],
        [
          209,
          511
        ],
        [
          183,
          511
        ],
        [
          195.05291005291002,
          471.95767195767195
        ],
        [
          183.94179894179894,
          465.07936507936506
        ],
        [
          152.1957671957672,
          464.5502645502645
        ],
        [
          137.91005291005288,
          461.90476190476187
        ],
        [
          113.04232804232802,
          463.49206349206344
        ],
        [
          88.7037037037037,
          487.3015873015873
        ],
        [
          84.47089947089947,
          501.58730158730157
        ],
        [
          88,
          511
        ],
        [
          50.60846560846559,
          510.5820105820105
        ],
        [
          47.96296296296296,
          491.005291005291
        ],
        [
          39.49735449735448,
          486.77248677248673
        ],
        [
          23.624338624338606,
          492.06349206349205
        ],
        [
          0,
          493
        ]
      ],
      "group_id": null,
      "shape_type": "polygon",
      "flags": {}
    },
    {
      "label": "wood07",
      "points": [
        [
          387.11640211640207,
          251.85185185185185
        ],
        [
          445.8465608465608,
          250.79365079365078
        ],
        [
          446.9047619047618,
          257.67195767195767
        ],
        [
          393.46560846560845,
          258.2010582010582
        ],
        [
          391.87830687830683,
          308.99470899470896
        ],
        [
          420.97883597883595,
          311.1111111111111
        ],
        [
          420.4497354497354,
          314.2857142857143
        ],
        [
          391.87830687830683,
          312.69841269841265
        ],
        [
          390.82010582010577,
          363.4920634920635
        ],
        [
          384.47089947089944,
          356.6137566137566
        ]
      ],
      "group_id": null,
      "shape_type": "polygon",
      "flags": {}
    },
    {
      "label": "plastic01",
      "points": [
        [
          257.48677248677245,
          325.39682539682536
        ],
        [
          257.48677248677245,
          368.78306878306876
        ],
        [
          268.5978835978836,
          369.8412698412698
        ],
        [
          271.2433862433862,
          361.90476190476187
        ],
        [
          271.77248677248673,
          323.8095238095238
        ]
      ],
      "group_id": null,
      "shape_type": "polygon",
      "flags": {}
    },
    {
      "label": "plastic02",
      "points": [
        [
          276.5343915343915,
          307.9365079365079
        ],
        [
          276.5343915343915,
          342.85714285714283
        ],
        [
          284.47089947089944,
          349.20634920634916
        ],
        [
          289.2328042328042,
          347.0899470899471
        ],
        [
          292.4074074074074,
          312.16931216931215
        ],
        [
          285.5291005291005,
          311.1111111111111
        ]
      ],
      "group_id": null,
      "shape_type": "polygon",
      "flags": {}
    },
    {
      "label": "wood08",
      "points": [
        [
          44.78835978835977,
          355.55555555555554
        ],
        [
          46.375661375661366,
          395.2380952380952
        ],
        [
          65.95238095238093,
          397.3544973544973
        ],
        [
          66.48148148148147,
          346.031746031746
        ]
      ],
      "group_id": null,
      "shape_type": "polygon",
      "flags": {}
    },
    {
      "label": "wood09",
      "points": [
        [
          74.94708994708992,
          393.6507936507936
        ],
        [
          91.87830687830686,
          383.5978835978836
        ],
        [
          91.34920634920633,
          334.3915343915344
        ],
        [
          74.94708994708992,
          341.26984126984127
        ]
      ],
      "group_id": null,
      "shape_type": "polygon",
      "flags": {}
    }
  ],
  "imagePath": "57.jpg",
  "imageData": "",
  "imageHeight": 512,
  "imageWidth": 512
}
