{
  "version": "4.5.6",
  "flags": {},
  "shapes": [
    {
      "label": "wood01",
      "points": [
        [
          191.34920634920633,
          313.7566137566137
        ],
        [
          198.75661375661372,
          312.16931216931215
        ],
        [
          211.45502645502643,
          315.34391534391534
        ],
        [
          236.3227513227513,
          312.16931216931215
        ],
        [
          238.43915343915342,
          316.9312169312169
        ],
        [
          264.89417989417984,
          319.04761904761904
        ],
        [
          264.89417989417984,
          315.34391534391534
        ],
        [
          274.4179894179894,
          317.4603174603174
        ],
        [
          269.65608465608466,
          323.28042328042324
        ],
        [
          283.94179894179894,
          331.2169312169312
        ],
        [
          298.2275132275132,
          328.042328042328
        ],
        [
          299.8148148148148,
          332.80423280423275
        ],
        [
          332.6190476190476,
          335.97883597883595
        ],
        [
          336.3227513227513,
          332.27513227513225
        ],
        [
          336.3227513227513,
          332.27513227513225
        ],
        [
          486.058201058201,
          360.3174603174603
        ],
        [
          385.5291005291005,
          377.2486772486772
        ],
        [
          296.6402116402116,
          351.3227513227513
        ],
        [
          287.11640211640207,
          338.6243386243386
        ],
        [
          234.73544973544972,
          324.86772486772486
        ],
        [
          241.08465608465605,
          335.97883597883595
        ]
      ],
      "group_id": null,
      "shape_type": "polygon",
      "flags": {}
    },
    {
      "label": "wood02",
      "points": [
        [
          328.9153439153439,
          391.5343915343915
        ],
        [
          324.68253968253964,
          466.1375661375661
        ],
        [
          367.01058201058197,
          487.3015873015873
        ],
        [
          374.41798941798936,
          403.7037037037037
        ]
      ],
      "group_id": null,
      "shape_type": "polygon",
      "flags": {}
    },
    {
      "label": "wood03",
      "points": [
        [
          208.8095238095238,
          351.85185185185185
        ],
        [
          208.8095238095238,
          406.3492063492063
        ],
        [
          228.38624338624334,
          419.04761904761904
        ],
        [
          229.97354497354496,
          359.78835978835974
        ]
      ],
      "group_id": null,
      "shape_type": "polygon",
      "flags": {}
    },
    {
      "label": "plastic01",
      "points": [
        [
          392.9365079365079,
          384.65608465608466
        ],
        [
          385.5291005291005,
          489.9470899470899
        ],
        [
          448.4920634920635,
          469.8412698412698
        ],
        [
          452.1957671957672,
          383.5978835978836
        ],
        [
          429.44444444444446,
          378.3068783068783
        ]
      ],
      "group_id": null,
      "shape_type": "polygon",
      "flags": {}
    },
    {
      "label": "metal01",
      "points": [
        [
          199.81481481481478,
          325.9259259259259
        ],
        [
          241.6137566137566,
          339.15343915343914
        ],
        [
          249.5502645502645,
          349.20634920634916
        ],
        [
          249.021164021164,
          361.37566137566137
        ],
        [
          237.38095238095235,
          387.3015873015873
        ],
        [
          236.3227513227513,
          399.47089947089944
        ],
        [
          245.8465608465608,
          402.64550264550263
        ],
        [
          245.3174603174603,
          422.2222222222222
        ],
        [
          272.8306878306878,
          415.34391534391534
        ],
        [
          270.71428571428567,
          423.8095238095238
        ],
        [
          242.1428571428571,
          431.2169312169312
        ],
        [
          231.03174603174602,
          425.9259259259259
        ],
        [
          231.56084656084653,
          343.9153439153439
        ],
        [
          199.28571428571428,
          332.27513227513225
        ]
      ],
      "group_id": null,
      "shape_type": "polygon",
      "flags": {}
    },
    {
      "label": "metal02",
      "points": [
        [
          302.989417989418,
          364.021164021164
        ],
        [
          373.35978835978835,
          385.18518518518516
        ],
        [
          368.06878306878303,
          504.7619047619047
        ],
        [
          377,
          511
        ],
        [
          470.1851851851851,
          480.4232804232804
        ],
        [
          479.1798941798942,
          367.1957671957672
        ],
        [
          461.7195767195767,
          367.1957671957672
        ],
        [
          454.84126984126976,
          471.4285714285714
        ],
        [
          382.3544973544973,
          496.8253968253968
        ],
        [
          391.3492063492063,
          379.89417989417984
        ],
        [
          302.4603174603174,
          355.026455026455
        ]
      ],
      "group_id": null,
      "shape_type": "polygon",
      "flags": {}
    },
    {
      "label": "plastic02",
      "points": [
        [
          238.96825396825392,
          329.10052910052906
        ],
        [
          250.60846560846556,
          348.67724867724866
        ],
        [
          249.021164021164,
          362.96296296296293
        ],
        [
          239.49735449735448,
          385.18518518518516
        ],
        [
          238.96825396825392,
          397.8835978835979
        ],
        [
          269.65608465608466,
          410.5820105820106
        ],
        [
          287.64550264550263,
          417.989417989418
        ],
        [
          287.11640211640207,
          428.042328042328
        ],
        [
          261.7195767195767,
          428.042328042328
        ],
        [
          252.1957671957672,
          431.7460317460317
        ],
        [
          283.94179894179894,
          435.44973544973544
        ],
        [
          272.8306878306878,
          453.4391534391534
        ],
        [
          284.47089947089944,
          458.7301587301587
        ],
        [
          300.34391534391534,
          435.44973544973544
        ],
        [
          323.6243386243386,
          431.2169312169312
        ],
        [
          327.3280423280423,
          383.06878306878303
        ],
        [
          307.2222222222222,
          374.0740740740741
        ],
        [
          286.58730158730157,
          342.85714285714283
        ]
      ],
      "group_id": null,
      "shape_type": "polygon",
      "flags": {}
    },
    {
      "label": "plastic03",
      "points": [
        [
          152.1957671957672,
          298.94179894179894
        ],
        [
          176.5343915343915,
          306.3492063492063
        ],
        [
          192.4074074074074,
          323.28042328042324
        ],
        [
          195.58201058201058,
          332.80423280423275
        ],
        [
          212.5132275132275,
          339.68253968253964
        ],
        [
          205.1058201058201,
          342.85714285714283
        ],
        [
          204.57671957671954,
          378.3068783068783
        ],
        [
          207.75132275132273,
          387.3015873015873
        ],
        [
          194.52380952380952,
          388.88888888888886
        ],
        [
          186.58730158730157,
          400.0
        ],
        [
          179.17989417989418,
          396.29629629629625
        ],
        [
          183.94179894179894,
          388.35978835978835
        ],
        [
          162.77777777777777,
          387.8306878306878
        ],
        [
          161.7195767195767,
          383.06878306878303
        ],
        [
          191.34920634920633,
          382.01058201058197
        ],
        [
          193.99470899470896,
          377.2486772486772
        ],
        [
          193.46560846560845,
          361.37566137566137
        ],
        [
          177.06349206349205,
          362.43386243386243
        ],
        [
          153.78306878306876,
          351.85185185185185
        ],
        [
          165.4232804232804,
          324.86772486772486
        ]
      ],
      "group_id": null,
      "shape_type": "polygon",
      "flags": {}
    },
    {
      "label": "glass01",
      "points": [
        [
          81.29629629629628,
          57.14285714285714
        ],
        [
          142.67195767195767,
          70.8994708994709
        ],
        [
          226.79894179894177,
          0.5291005291005291
        ],
        [
          124.68253968253967,
          0.0
        ]
      ],
      "group_id": null,
      "shape_type": "polygon",
      "flags": {}
    },
    {
      "label": "plastic04",
      "points": [
        [
          199.28571428571428,
          309.5238095238095
        ],
        [
          214.10052910052906,
          314.2857142857143
        ],
        [
          236.3227513227513,
          311.1111111111111
        ],
        [
          235.79365079365078,
          303.7037037037037
        ],
        [
          247.43386243386243,
          302.64550264550263
        ],
        [
          247.96296296296293,
          283.06878306878303
        ],
        [
          231.03174603174602,
          278.83597883597884
        ],
        [
          208.8095238095238,
          280.9523809523809
        ],
        [
          208.8095238095238,
          296.8253968253968
        ],
        [
          199.28571428571428,
          301.05820105820106
        ]
      ],
      "group_id": null,
      "shape_type": "polygon",
      "flags": {}
    }
  ],
  "imagePath": "105.jpg",
  "imageData": "",
  "imageHeight": 512,
  "imageWidth": 512
}
