{
  "version": "4.5.6",
  "flags": {},
  "shapes": [
    {
      "label": "plastic01",
      "points": [
        [
          101.40211640211638,
          58.73015873015873
        ],
        [
          100.34391534391534,
          84.65608465608464
        ],
        [
          110.92592592592592,
          120.63492063492063
        ],
        [
          120.44973544973544,
          118.5185185185185
        ],
        [
          125.2116402116402,
          97.88359788359787
        ],
        [
          120.44973544973544,
          61.37566137566137
        ]
      ],
      "group_id": null,
      "shape_type": "polygon",
      "flags": {}
    },
    {
      "label": "wood01",
      "points": [
        [
          177.59259259259255,
          287.3015873015873
        ],
        [
          177.06349206349205,
          311.64021164021165
        ],
        [
          196.64021164021165,
          363.4920634920635
        ],
        [
          347.43386243386243,
          331.74603174603175
        ],
        [
          351.66666666666663,
          230.68783068783068
        ],
        [
          283.4126984126984,
          230.15873015873015
        ],
        [
          279.1798941798942,
          276.7195767195767
        ]
      ],
      "group_id": null,
      "shape_type": "polygon",
      "flags": {}
    },
    {
      "label": "wood02",
      "points": [
        [
          205.6349206349206,
          131.74603174603175
        ],
        [
          204.04761904761904,
          279.36507936507934
        ],
        [
          252.7248677248677,
          277.2486772486772
        ],
        [
          253.78306878306876,
          139.15343915343914
        ]
      ],
      "group_id": null,
      "shape_type": "polygon",
      "flags": {}
    },
    {
      "label": "glass01",
      "points": [
        [
          138.43915343915342,
          159.78835978835977
        ],
        [
          137.91005291005288,
          225.3968253968254
        ],
        [
          173.35978835978835,
          225.92592592592592
        ],
        [
          174.94708994708992,
          164.55026455026453
        ],
        [
          169.65608465608466,
          162.96296296296296
        ],
        [
          169.1269841269841,
          191.00529100529099
        ],
        [
          161.7195767195767,
          188.88888888888889
        ],
        [
          162.2486772486772,
          162.96296296296296
        ]
      ],
      "group_id": null,
      "shape_type": "polygon",
      "flags": {}
    },
    {
      "label": "glass02",
      "points": [
        [
          140.026455026455,
          133.86243386243385
        ],
        [
          140.55555555555554,
          153.96825396825395
        ],
        [
          173.35978835978835,
          157.14285714285714
        ],
        [
          171.24338624338623,
          134.9206349206349
        ]
      ],
      "group_id": null,
      "shape_type": "polygon",
      "flags": {}
    },
    {
      "label": "metal01",
      "points": [
        [
          76.53439153439152,
          273.015873015873
        ],
        [
          80.23809523809521,
          374.6031746031746
        ],
        [
          89.76190476190476,
          373.015873015873
        ],
        [
          116.21693121693121,
          312.16931216931215
        ],
        [
          114.10052910052909,
          256.6137566137566
        ]
      ],
      "group_id": null,
      "shape_type": "polygon",
      "flags": {}
    }
  ],
  "imagePath": "13.jpg",
  "imageData": "",
  "imageHeight": 512,
  "imageWidth": 512
}
