{
  "version": "3.20.1",
  "flags": {},
  "shapes": [
    {
      "label": "wood01",
      "line_color": null,
      "fill_color": null,
      "points": [
        [
          138.9782608695652,
          1.6304347826086956
        ],
        [
          204.73913043478257,
          26.08695652173913
        ],
        [
          198.2173913043478,
          249.45652173913044
        ],
        [
          190.06521739130432,
          260.32608695652175
        ],
        [
          187.3478260869565,
          272.82608695652175
        ],
        [
          187.89130434782606,
          288.04347826086956
        ],
        [
          189.52173913043475,
          290.7608695652174
        ],
        [
          190.60869565217388,
          313.04347826086956
        ],
        [
          172.67391304347825,
          315.2173913043478
        ],
        [
          174.30434782608694,
          362.5
        ],
        [
          3.6521739130434696,
          404.89130434782606
        ],
        [
          0.39130434782609314,
          0.0
        ]
      ],
      "shape_type": "polygon",
      "flags": {}
    },
    {
      "label": "wood02",
      "line_color": null,
      "fill_color": null,
      "points": [
        [
          222.67391304347825,
          105.97826086956522
        ],
        [
          273.7608695652174,
          95.65217391304347
        ],
        [
          270.5,
          251.6304347826087
        ],
        [
          247.67391304347825,
          241.30434782608694
        ],
        [
          219.95652173913044,
          240.2173913043478
        ]
      ],
      "shape_type": "polygon",
      "flags": {}
    },
    {
      "label": "wood03",
      "line_color": null,
      "fill_color": null,
      "points": [
        [
          467.78260869565213,
          282.0652173913043
        ],
        [
          449.3043478260869,
          285.32608695652175
        ],
        [
          450.9347826086956,
          289.67391304347825
        ],
        [
          447.13043478260863,
          408.695652173913
        ],
        [
          507.4565217391304,
          425.54347826086956
        ],
        [
          510.71739130434776,
          294.5652173913043
        ],
        [
          497.13043478260863,
          285.8695652173913
        ]
      ],
      "shape_type": "polygon",
      "flags": {}
    },
    {
      "label": "fabric01",
      "line_color": null,
      "fill_color": null,
      "points": [
        [
          342.23913043478257,
          272.2826086956522
        ],
        [
          401.47826086956525,
          279.3478260869565
        ],
        [
          418.86956521739125,
          279.3478260869565
        ],
        [
          429.195652173913,
          272.82608695652175
        ],
        [
          427.5652173913044,
          264.1304347826087
        ],
        [
          416.695652173913,
          254.3478260869565
        ],
        [
          399.8478260869565,
          251.6304347826087
        ],
        [
          377.5652173913044,
          251.08695652173913
        ],
        [
          360.17391304347825,
          250.54347826086956
        ],
        [
          346.0434782608695,
          259.7826086956522
        ],
        [
          341.695652173913,
          264.1304347826087
        ]
      ],
      "shape_type": "polygon",
      "flags": {}
    },
    {
      "label": "fabric02",
      "line_color": null,
      "fill_color": null,
      "points": [
        [
          395.5,
          291.30434782608694
        ],
        [
          409.63043478260863,
          285.32608695652175
        ],
        [
          422.13043478260863,
          280.9782608695652
        ],
        [
          430.82608695652175,
          284.2391304347826
        ],
        [
          435.71739130434776,
          295.1086956521739
        ],
        [
          436.2608695652174,
          303.2608695652174
        ],
        [
          406.9130434782609,
          312.5
        ],
        [
          395.5,
          327.17391304347825
        ]
      ],
      "shape_type": "polygon",
      "flags": {}
    },
    {
      "label": "fabric03",
      "line_color": null,
      "fill_color": null,
      "points": [
        [
          301.4782608695652,
          292.9347826086956
        ],
        [
          300.39130434782606,
          308.695652173913
        ],
        [
          300.39130434782606,
          320.65217391304344
        ],
        [
          305.8260869565217,
          325.54347826086956
        ],
        [
          305.8260869565217,
          339.67391304347825
        ],
        [
          374.8478260869565,
          327.17391304347825
        ],
        [
          373.21739130434776,
          304.3478260869565
        ],
        [
          373.21739130434776,
          302.17391304347825
        ],
        [
          333.0,
          296.195652173913
        ],
        [
          323.2173913043478,
          296.195652173913
        ],
        [
          312.89130434782606,
          294.5652173913043
        ],
        [
          312.3478260869565,
          292.9347826086956
        ]
      ],
      "shape_type": "polygon",
      "flags": {}
    },
    {
      "label": "plastic01",
      "line_color": null,
      "fill_color": null,
      "points": [
        [
          191.15217391304344,
          320.1086956521739
        ],
        [
          196.04347826086956,
          322.2826086956522
        ],
        [
          264.52173913043475,
          340.2173913043478
        ],
        [
          299.8478260869565,
          341.30434782608694
        ],
        [
          300.39130434782606,
          278.80434782608694
        ],
        [
          292.23913043478257,
          264.1304347826087
        ],
        [
          274.30434782608694,
          252.17391304347825
        ],
        [
          250.93478260869563,
          247.82608695652172
        ],
        [
          226.4782608695652,
          244.02173913043478
        ],
        [
          202.56521739130432,
          248.36956521739128
        ],
        [
          192.7826086956522,
          256.52173913043475
        ],
        [
          186.80434782608694,
          273.9130434782609
        ],
        [
          188.43478260869563,
          288.04347826086956
        ],
        [
          191.15217391304344,
          307.6086956521739
        ]
      ],
      "shape_type": "polygon",
      "flags": {}
    },
    {
      "label": "plastic02",
      "line_color": null,
      "fill_color": null,
      "points": [
        [
          372.13043478260863,
          383.15217391304344
        ],
        [
          305.28260869565213,
          413.04347826086956
        ],
        [
          290.6086956521739,
          404.3478260869565
        ],
        [
          289.52173913043475,
          379.89130434782606
        ],
        [
          290.0652173913043,
          358.15217391304344
        ],
        [
          298.7608695652174,
          345.65217391304344
        ],
        [
          373.21739130434776,
          328.80434782608694
        ],
        [
          373.21739130434776,
          370.65217391304344
        ]
      ],
      "shape_type": "polygon",
      "flags": {}
    },
    {
      "label": "plastic03",
      "line_color": null,
      "fill_color": null,
      "points": [
        [
          448.21739130434776,
          302.17391304347825
        ],
        [
          448.7608695652174,
          344.5652173913043
        ],
        [
          392.78260869565213,
          371.73913043478257
        ],
        [
          392.78260869565213,
          337.5
        ],
        [
          400.391304347826,
          312.5
        ]
      ],
      "shape_type": "polygon",
      "flags": {}
    },
    {
      "label": "metal01",
      "line_color": null,
      "fill_color": null,
      "points": [
        [
          374.8478260869565,
          417.9347826086956
        ],
        [
          373.7608695652174,
          457.0652173913043
        ],
        [
          390.6086956521739,
          456.52173913043475
        ],
        [
          388.4347826086956,
          412.5
        ]
      ],
      "shape_type": "polygon",
      "flags": {}
    }
  ],
  "lineColor": [
    0,
    255,
    0,
    128
  ],
  "fillColor": [
    255,
    0,
    0,
    128
  ],
  "imagePath": "..\\pic\\337.jpg",
  "imageData": "",
  "imageHeight": 512,
  "imageWidth": 512
}
