{
  "version": "4.5.6",
  "flags": {},
  "shapes": [
    {
      "label": "fabric01",
      "points": [
        [
          287.11640211640207,
          75.66137566137566
        ],
        [
          283.4126984126984,
          85.18518518518518
        ],
        [
          283.94179894179894,
          352.9100529100529
        ],
        [
          335.7936507936508,
          344.4444444444444
        ],
        [
          325.2116402116402,
          78.83597883597884
        ]
      ],
      "group_id": null,
      "shape_type": "polygon",
      "flags": {}
    },
    {
      "label": "fabric02",
      "points": [
        [
          207.22222222222223,
          369.31216931216926
        ],
        [
          207.75132275132273,
          398.4126984126984
        ],
        [
          271.2433862433862,
          510.05291005291
        ],
        [
          388.7037037037037,
          508.99470899470896
        ],
        [
          478.12169312169306,
          476.7195767195767
        ],
        [
          479.1798941798942,
          374.0740740740741
        ],
        [
          387.11640211640207,
          334.3915343915344
        ]
      ],
      "group_id": null,
      "shape_type": "polygon",
      "flags": {}
    },
    {
      "label": "wood01",
      "points": [
        [
          207.22222222222223,
          400.5291005291005
        ],
        [
          205.1058201058201,
          433.3333333333333
        ],
        [
          245.8465608465608,
          510.5820105820105
        ],
        [
          272.8306878306878,
          510.5820105820105
        ]
      ],
      "group_id": null,
      "shape_type": "polygon",
      "flags": {}
    },
    {
      "label": "wood02",
      "points": [
        [
          397.1693121693121,
          271.95767195767195
        ],
        [
          388.7037037037037,
          300.5291005291005
        ],
        [
          388.7037037037037,
          331.2169312169312
        ],
        [
          480.2380952380952,
          372.48677248677245
        ],
        [
          478.12169312169306,
          286.77248677248673
        ]
      ],
      "group_id": null,
      "shape_type": "polygon",
      "flags": {}
    },
    {
      "label": "wood03",
      "points": [
        [
          63.3068783068783,
          327.5132275132275
        ],
        [
          46.375661375661366,
          355.55555555555554
        ],
        [
          47.43386243386243,
          361.90476190476187
        ],
        [
          61.71957671957671,
          360.8465608465608
        ],
        [
          68.06878306878306,
          469.8412698412698
        ],
        [
          106.16402116402114,
          464.5502645502645
        ],
        [
          102.46031746031744,
          353.4391534391534
        ],
        [
          106.69312169312167,
          351.85185185185185
        ],
        [
          106.69312169312167,
          321.69312169312167
        ]
      ],
      "group_id": null,
      "shape_type": "polygon",
      "flags": {}
    },
    {
      "label": "plastic01",
      "points": [
        [
          14.629629629629619,
          23.28042328042328
        ],
        [
          14.100529100529087,
          78.83597883597884
        ],
        [
          36.322751322751316,
          110.58201058201057
        ],
        [
          54.31216931216929,
          110.58201058201057
        ],
        [
          60.13227513227511,
          99.47089947089947
        ],
        [
          62.24867724867724,
          66.13756613756614
        ],
        [
          52.19576719576719,
          29.629629629629626
        ]
      ],
      "group_id": null,
      "shape_type": "polygon",
      "flags": {}
    }
  ],
  "imagePath": "30.jpg",
  "imageData": "",
  "imageHeight": 512,
  "imageWidth": 512
}
