{
  "version": "4.5.6",
  "flags": {},
  "shapes": [
    {
      "label": "wood01",
      "points": [
        [
          46.9047619047619,
          273.015873015873
        ],
        [
          47.96296296296296,
          279.8941798941799
        ],
        [
          210.92592592592592,
          355.026455026455
        ],
        [
          433.6772486772486,
          167.72486772486772
        ],
        [
          371.77248677248673,
          158.2010582010582
        ]
      ],
      "group_id": null,
      "shape_type": "polygon",
      "flags": {}
    },
    {
      "label": "metal01",
      "points": [
        [
          130.5026455026455,
          320.1058201058201
        ],
        [
          116.74603174603172,
          353.9682539682539
        ],
        [
          106.69312169312167,
          352.38095238095235
        ],
        [
          106.69312169312167,
          360.3174603174603
        ],
        [
          116.21693121693121,
          362.43386243386243
        ],
        [
          114.10052910052909,
          369.8412698412698
        ],
        [
          85.5291005291005,
          392.06349206349205
        ],
        [
          90.8201058201058,
          398.4126984126984
        ],
        [
          106.69312169312167,
          388.88888888888886
        ],
        [
          84.47089947089947,
          456.6137566137566
        ],
        [
          86.05820105820104,
          470.3703703703703
        ],
        [
          92.93650793650792,
          470.3703703703703
        ],
        [
          92.93650793650792,
          461.37566137566137
        ],
        [
          123.6243386243386,
          375.1322751322751
        ],
        [
          136.85185185185185,
          368.25396825396825
        ],
        [
          143.20105820105817,
          408.46560846560845
        ],
        [
          146.37566137566137,
          407.4074074074074
        ],
        [
          142.67195767195767,
          365.07936507936506
        ],
        [
          171.77248677248673,
          374.0740740740741
        ],
        [
          177,
          511
        ],
        [
          182.88359788359787,
          509.5238095238095
        ],
        [
          179.70899470899468,
          339.68253968253964
        ],
        [
          172.8306878306878,
          337.56613756613757
        ],
        [
          172.8306878306878,
          360.8465608465608
        ],
        [
          141.6137566137566,
          347.6190476190476
        ],
        [
          141.08465608465605,
          333.3333333333333
        ],
        [
          141.6137566137566,
          323.8095238095238
        ]
      ],
      "group_id": null,
      "shape_type": "polygon",
      "flags": {}
    },
    {
      "label": "metal02",
      "points": [
        [
          287.64550264550263,
          437.5661375661375
        ],
        [
          232.0899470899471,
          442.85714285714283
        ],
        [
          232.0899470899471,
          457.1428571428571
        ],
        [
          236.85185185185185,
          455.55555555555554
        ],
        [
          281.8253968253968,
          458.7301587301587
        ],
        [
          251.66666666666663,
          510.5820105820105
        ],
        [
          264.36507936507934,
          510.5820105820105
        ],
        [
          289.76190476190476,
          466.66666666666663
        ],
        [
          299.2857142857143,
          464.5502645502645
        ],
        [
          328,
          511
        ],
        [
          340,
          511
        ],
        [
          311.4550264550264,
          460.8465608465608
        ],
        [
          351.1375661375661,
          457.6719576719576
        ],
        [
          351.66666666666663,
          447.6190476190476
        ],
        [
          317.80423280423275,
          437.5661375661375
        ],
        [
          301.9312169312169,
          439.68253968253964
        ],
        [
          298.2275132275132,
          443.38624338624334
        ],
        [
          292.4074074074074,
          443.38624338624334
        ]
      ],
      "group_id": null,
      "shape_type": "polygon",
      "flags": {}
    },
    {
      "label": "wood03",
      "points": [
        [
          338.9682539682539,
          378.83597883597884
        ],
        [
          333.1481481481481,
          387.8306878306878
        ],
        [
          330.50264550264546,
          407.9365079365079
        ],
        [
          345.8465608465608,
          386.77248677248673
        ],
        [
          345.8465608465608,
          377.2486772486772
        ]
      ],
      "group_id": null,
      "shape_type": "polygon",
      "flags": {}
    },
    {
      "label": "metal03",
      "points": [
        [
          363.3068783068783,
          352.38095238095235
        ],
        [
          356.4285714285714,
          368.78306878306876
        ],
        [
          389.7619047619047,
          407.4074074074074
        ],
        [
          395.5820105820105,
          403.17460317460313
        ],
        [
          363.8359788359788,
          360.3174603174603
        ],
        [
          392.4074074074074,
          365.60846560846556
        ],
        [
          393.99470899470896,
          362.96296296296293
        ]
      ],
      "group_id": null,
      "shape_type": "polygon",
      "flags": {}
    },
    {
      "label": "metal04",
      "points": [
        [
          389.2328042328042,
          309.5238095238095
        ],
        [
          403.5185185185185,
          332.80423280423275
        ],
        [
          405.10582010582004,
          329.6296296296296
        ],
        [
          395.5820105820105,
          304.76190476190476
        ]
      ],
      "group_id": null,
      "shape_type": "polygon",
      "flags": {}
    },
    {
      "label": "metal05",
      "points": [
        [
          409.86772486772486,
          277.2486772486772
        ],
        [
          430.50264550264546,
          288.88888888888886
        ],
        [
          432.6190476190476,
          283.5978835978836
        ],
        [
          415.1587301587301,
          269.8412698412698
        ]
      ],
      "group_id": null,
      "shape_type": "polygon",
      "flags": {}
    },
    {
      "label": "plastic01",
      "points": [
        [
          327.85714285714283,
          284.1269841269841
        ],
        [
          313.042328042328,
          280.9523809523809
        ],
        [
          306.16402116402116,
          287.8306878306878
        ],
        [
          305.1058201058201,
          300.0
        ],
        [
          313.042328042328,
          330.1587301587301
        ],
        [
          316.7460317460317,
          320.6349206349206
        ],
        [
          314.10052910052906,
          307.4074074074074
        ],
        [
          314.6296296296296,
          300.0
        ],
        [
          321.5079365079365,
          303.17460317460313
        ]
      ],
      "group_id": null,
      "shape_type": "polygon",
      "flags": {}
    },
    {
      "label": "plastic02",
      "points": [
        [
          316.2169312169312,
          343.9153439153439
        ],
        [
          301.40211640211635,
          352.9100529100529
        ],
        [
          267.01058201058197,
          329.6296296296296
        ],
        [
          255.37037037037032,
          331.74603174603175
        ],
        [
          250.60846560846556,
          341.79894179894177
        ],
        [
          257.48677248677245,
          342.85714285714283
        ],
        [
          287.64550264550263,
          360.3174603174603
        ],
        [
          305.6349206349206,
          361.90476190476187
        ]
      ],
      "group_id": null,
      "shape_type": "polygon",
      "flags": {}
    }
  ],
  "imagePath": "47.jpg",
  "imageData": "",
  "imageHeight": 512,
  "imageWidth": 512
}
