{
  "version": "4.5.6",
  "flags": {},
  "shapes": [
    {
      "label": "wood01",
      "points": [
        [
          244.25925925925924,
          320.1058201058201
        ],
        [
          206.16402116402116,
          332.80423280423275
        ],
        [
          206.16402116402116,
          366.66666666666663
        ],
        [
          214.10052910052906,
          368.78306878306876
        ],
        [
          214.10052910052906,
          415.87301587301585
        ],
        [
          241.08465608465605,
          429.6296296296296
        ],
        [
          267.01058201058197,
          412.16931216931215
        ],
        [
          269.65608465608466,
          385.18518518518516
        ],
        [
          295.5820105820106,
          396.29629629629625
        ],
        [
          296.1111111111111,
          453.9682539682539
        ],
        [
          331.031746031746,
          471.4285714285714
        ],
        [
          330.50264550264546,
          408.46560846560845
        ],
        [
          333.67724867724866,
          407.4074074074074
        ],
        [
          334.7354497354497,
          374.0740740740741
        ],
        [
          341.08465608465605,
          374.0740740740741
        ],
        [
          339.4973544973545,
          467.7248677248677
        ],
        [
          361.19047619047615,
          442.3280423280423
        ],
        [
          361.19047619047615,
          362.43386243386243
        ],
        [
          368.59788359788354,
          348.67724867724866
        ],
        [
          369.1269841269841,
          343.9153439153439
        ]
      ],
      "group_id": null,
      "shape_type": "polygon",
      "flags": {}
    },
    {
      "label": "wood02",
      "points": [
        [
          31.031746031746025,
          321.69312169312167
        ],
        [
          60.13227513227511,
          334.3915343915344
        ],
        [
          105.1058201058201,
          324.3386243386243
        ],
        [
          107.2222222222222,
          308.99470899470896
        ]
      ],
      "group_id": null,
      "shape_type": "polygon",
      "flags": {}
    },
    {
      "label": "wood03",
      "points": [
        [
          141.6137566137566,
          302.11640211640207
        ],
        [
          138.43915343915342,
          319.04761904761904
        ],
        [
          150.60846560846556,
          316.9312169312169
        ],
        [
          154.31216931216932,
          302.64550264550263
        ]
      ],
      "group_id": null,
      "shape_type": "polygon",
      "flags": {}
    },
    {
      "label": "wood04",
      "points": [
        [
          423.62433862433863,
          368.25396825396825
        ],
        [
          394.5238095238095,
          367.1957671957672
        ],
        [
          382.8835978835979,
          359.25925925925924
        ],
        [
          392.9365079365079,
          352.38095238095235
        ],
        [
          419.3915343915344,
          348.14814814814815
        ],
        [
          436.85185185185185,
          351.85185185185185
        ],
        [
          444.25925925925924,
          363.4920634920635
        ],
        [
          432.6190476190476,
          367.7248677248677
        ]
      ],
      "group_id": null,
      "shape_type": "polygon",
      "flags": {}
    },
    {
      "label": "metal01",
      "points": [
        [
          432.6190476190476,
          383.06878306878303
        ],
        [
          431.56084656084647,
          434.9206349206349
        ],
        [
          385.5291005291005,
          438.6243386243386
        ],
        [
          386.058201058201,
          443.9153439153439
        ],
        [
          425.74074074074076,
          439.15343915343914
        ],
        [
          433.6772486772486,
          473.015873015873
        ],
        [
          437.91005291005285,
          451.85185185185185
        ],
        [
          463.3068783068783,
          460.3174603174603
        ],
        [
          469.65608465608466,
          452.91005291005285
        ],
        [
          437.91005291005285,
          429.6296296296296
        ],
        [
          437.3809523809523,
          389.9470899470899
        ],
        [
          444.7883597883598,
          385.18518518518516
        ],
        [
          443.7301587301587,
          375.66137566137564
        ],
        [
          429.9735449735449,
          369.31216931216926
        ],
        [
          418.8624338624338,
          371.95767195767195
        ]
      ],
      "group_id": null,
      "shape_type": "polygon",
      "flags": {}
    },
    {
      "label": "glass01",
      "points": [
        [
          2.989417989417987,
          156.6137566137566
        ],
        [
          74.94708994708992,
          170.89947089947088
        ],
        [
          74.94708994708992,
          285.7142857142857
        ],
        [
          56.428571428571416,
          284.65608465608466
        ],
        [
          43.730158730158706,
          288.35978835978835
        ],
        [
          45.846560846560834,
          312.16931216931215
        ],
        [
          26.798941798941797,
          320.1058201058201
        ],
        [
          38.439153439153415,
          330.6878306878307
        ],
        [
          44.25925925925924,
          347.6190476190476
        ],
        [
          0.8730158730158593,
          360.3174603174603
        ]
      ],
      "group_id": null,
      "shape_type": "polygon",
      "flags": {}
    },
    {
      "label": "glass02",
      "points": [
        [
          83.4126984126984,
          174.07407407407408
        ],
        [
          81.82539682539681,
          308.99470899470896
        ],
        [
          96.64021164021162,
          306.3492063492063
        ],
        [
          94.52380952380952,
          287.8306878306878
        ],
        [
          101.40211640211638,
          280.9523809523809
        ],
        [
          120.97883597883597,
          282.01058201058197
        ],
        [
          124.15343915343914,
          296.2962962962963
        ],
        [
          144.7883597883598,
          295.76719576719574
        ],
        [
          157.48677248677245,
          296.2962962962963
        ],
        [
          176.5343915343915,
          289.4179894179894
        ],
        [
          182.3544973544973,
          291.5343915343915
        ],
        [
          182.3544973544973,
          191.53439153439152
        ]
      ],
      "group_id": null,
      "shape_type": "polygon",
      "flags": {}
    },
    {
      "label": "metal02",
      "points": [
        [
          60.13227513227511,
          339.15343915343914
        ],
        [
          60.661375661375644,
          384.1269841269841
        ],
        [
          56.95767195767195,
          381.48148148148147
        ],
        [
          53.25396825396825,
          385.71428571428567
        ],
        [
          74.41798941798942,
          402.64550264550263
        ],
        [
          79.70899470899471,
          399.47089947089944
        ],
        [
          66.48148148148147,
          386.77248677248673
        ],
        [
          67.53968253968253,
          337.56613756613757
        ]
      ],
      "group_id": null,
      "shape_type": "polygon",
      "flags": {}
    }
  ],
  "imagePath": "95.jpg",
  "imageData": "",
  "imageHeight": 512,
  "imageWidth": 512
}
