{
  "version": "4.5.6",
  "flags": {},
  "shapes": [
    {
      "label": "wood01",
      "points": [
        [
          5.634920634920633,
          73.01587301587301
        ],
        [
          510.92592592592587,
          12.698412698412698
        ],
        [
          510.3968253968253,
          1.0582010582010581
        ],
        [
          122.56613756613754,
          1.0582010582010581
        ],
        [
          2.460317460317455,
          23.809523809523807
        ],
        [
          0.3439153439153415,
          73.54497354497354
        ]
      ],
      "group_id": null,
      "shape_type": "polygon",
      "flags": {}
    },
    {
      "label": "wood02",
      "points": [
        [
          1.9312169312169232,
          4.232804232804233
        ],
        [
          20.449735449735442,
          1.5873015873015872
        ],
        [
          120.97883597883597,
          1.0582010582010581
        ],
        [
          0.0,
          24.0
        ]
      ],
      "group_id": null,
      "shape_type": "polygon",
      "flags": {}
    },
    {
      "label": "wood03",
      "points": [
        [
          67.010582010582,
          108.99470899470899
        ],
        [
          218.86243386243382,
          124.86772486772486
        ],
        [
          219.39153439153438,
          99.47089947089947
        ],
        [
          62.24867724867724,
          66.66666666666666
        ]
      ],
      "group_id": null,
      "shape_type": "polygon",
      "flags": {}
    },
    {
      "label": "wood04",
      "points": [
        [
          313.042328042328,
          129.62962962962962
        ],
        [
          416.21693121693113,
          125.39682539682539
        ],
        [
          418.33333333333326,
          94.70899470899471
        ],
        [
          311.4550264550264,
          101.05820105820105
        ]
      ],
      "group_id": null,
      "shape_type": "polygon",
      "flags": {}
    },
    {
      "label": "wood05",
      "points": [
        [
          462.7777777777777,
          92.59259259259258
        ],
        [
          511.0,
          88.0
        ],
        [
          511.0,
          364.0
        ],
        [
          441.0846560846561,
          356.08465608465605
        ],
        [
          440.026455026455,
          338.0952380952381
        ],
        [
          465.4232804232804,
          335.97883597883595
        ]
      ],
      "group_id": null,
      "shape_type": "polygon",
      "flags": {}
    },
    {
      "label": "wood07",
      "points": [
        [
          161.7195767195767,
          270.3703703703704
        ],
        [
          175.47619047619048,
          413.7566137566137
        ],
        [
          189.2328042328042,
          413.7566137566137
        ],
        [
          185.5291005291005,
          370.8994708994709
        ],
        [
          252.7248677248677,
          380.4232804232804
        ],
        [
          254.31216931216926,
          457.6719576719576
        ],
        [
          267.53968253968253,
          455.026455026455
        ],
        [
          265.9523809523809,
          436.5079365079365
        ],
        [
          304.57671957671954,
          411.1111111111111
        ],
        [
          305.1058201058201,
          423.28042328042324
        ],
        [
          310.9259259259259,
          422.2222222222222
        ],
        [
          310.39682539682536,
          343.38624338624334
        ],
        [
          265.4232804232804,
          339.15343915343914
        ],
        [
          259.0740740740741,
          278.3068783068783
        ],
        [
          243.20105820105817,
          277.2486772486772
        ],
        [
          243.20105820105817,
          282.01058201058197
        ],
        [
          209.86772486772486,
          283.5978835978836
        ]
      ],
      "group_id": null,
      "shape_type": "polygon",
      "flags": {}
    },
    {
      "label": "wood08",
      "points": [
        [
          385.5291005291005,
          268.78306878306876
        ],
        [
          365.4232804232804,
          374.0740740740741
        ],
        [
          360.66137566137564,
          422.2222222222222
        ],
        [
          371.77248677248673,
          422.2222222222222
        ],
        [
          374.9470899470899,
          405.82010582010577
        ],
        [
          414.62962962962956,
          391.5343915343915
        ],
        [
          413.042328042328,
          405.29100529100526
        ],
        [
          422.5661375661375,
          406.87830687830683
        ],
        [
          428.38624338624334,
          388.35978835978835
        ],
        [
          434.7354497354497,
          387.3015873015873
        ],
        [
          440.026455026455,
          318.5185185185185
        ],
        [
          460.6613756613756,
          250.79365079365078
        ],
        [
          445.31746031746025,
          242.85714285714283
        ],
        [
          441.61375661375655,
          262.96296296296293
        ],
        [
          431.031746031746,
          270.3703703703704
        ],
        [
          407.2222222222222,
          273.5449735449735
        ],
        [
          400.8730158730158,
          273.015873015873
        ],
        [
          400.8730158730158,
          269.3121693121693
        ]
      ],
      "group_id": null,
      "shape_type": "polygon",
      "flags": {}
    },
    {
      "label": "wood10",
      "points": [
        [
          146.90476190476187,
          253.43915343915342
        ],
        [
          160.66137566137564,
          323.28042328042324
        ],
        [
          165.9523809523809,
          324.86772486772486
        ],
        [
          161.7195767195767,
          269.8412698412698
        ],
        [
          193.99470899470896,
          280.4232804232804
        ],
        [
          201.9312169312169,
          279.36507936507934
        ],
        [
          192.4074074074074,
          247.08994708994706
        ],
        [
          156.4285714285714,
          256.6137566137566
        ],
        [
          156.4285714285714,
          253.43915343915342
        ]
      ],
      "group_id": null,
      "shape_type": "polygon",
      "flags": {}
    },
    {
      "label": "wood11",
      "points": [
        [
          205.1058201058201,
          243.9153439153439
        ],
        [
          211.984126984127,
          275.13227513227514
        ],
        [
          290.29100529100526,
          258.73015873015873
        ],
        [
          288.17460317460313,
          251.32275132275132
        ],
        [
          299.8148148148148,
          245.5026455026455
        ],
        [
          246.37566137566137,
          242.3280423280423
        ],
        [
          215.15873015873012,
          249.73544973544972
        ],
        [
          215.15873015873012,
          246.03174603174602
        ]
      ],
      "group_id": null,
      "shape_type": "polygon",
      "flags": {}
    },
    {
      "label": "wood12",
      "points": [
        [
          200.34391534391534,
          278.83597883597884
        ],
        [
          293.99470899470896,
          259.7883597883598
        ],
        [
          288.17460317460313,
          272.48677248677245
        ],
        [
          308.28042328042324,
          273.015873015873
        ],
        [
          307.2222222222222,
          275.13227513227514
        ],
        [
          322.037037037037,
          275.66137566137564
        ],
        [
          324.15343915343914,
          258.73015873015873
        ],
        [
          333.1481481481481,
          257.1428571428571
        ],
        [
          332.6190476190476,
          274.0740740740741
        ],
        [
          374.9470899470899,
          278.3068783068783
        ],
        [
          377.06349206349205,
          261.37566137566137
        ],
        [
          415.6878306878307,
          262.43386243386243
        ],
        [
          431.56084656084647,
          266.1375661375661
        ],
        [
          421.5079365079365,
          270.8994708994709
        ],
        [
          386.58730158730157,
          268.78306878306876
        ],
        [
          382.3544973544973,
          291.5343915343915
        ],
        [
          331.031746031746,
          308.99470899470896
        ],
        [
          262.77777777777777,
          304.2328042328042
        ],
        [
          258.015873015873,
          277.2486772486772
        ],
        [
          243.73015873015873,
          277.2486772486772
        ],
        [
          244.25925925925924,
          283.06878306878303
        ],
        [
          209.86772486772486,
          284.1269841269841
        ]
      ],
      "group_id": null,
      "shape_type": "polygon",
      "flags": {}
    },
    {
      "label": "wood13",
      "points": [
        [
          2.460317460317455,
          323.8095238095238
        ],
        [
          55.37037037037035,
          322.22222222222223
        ],
        [
          45.846560846560834,
          143.9153439153439
        ],
        [
          0.0,
          142.0
        ]
      ],
      "group_id": null,
      "shape_type": "polygon",
      "flags": {}
    },
    {
      "label": "glass01",
      "points": [
        [
          65.95238095238093,
          111.1111111111111
        ],
        [
          66.48148148148147,
          321.16402116402116
        ],
        [
          125.2116402116402,
          317.989417989418
        ],
        [
          128.9153439153439,
          117.98941798941799
        ]
      ],
      "group_id": null,
      "shape_type": "polygon",
      "flags": {}
    },
    {
      "label": "glass02",
      "points": [
        [
          143.73015873015873,
          115.87301587301586
        ],
        [
          144.7883597883598,
          316.9312169312169
        ],
        [
          159.60317460317458,
          319.57671957671954
        ],
        [
          147.43386243386243,
          251.85185185185185
        ],
        [
          192.4074074074074,
          249.2063492063492
        ],
        [
          200.34391534391534,
          277.2486772486772
        ],
        [
          210.39682539682536,
          274.0740740740741
        ],
        [
          204.04761904761904,
          240.74074074074073
        ],
        [
          216.2169312169312,
          242.3280423280423
        ],
        [
          219.39153439153438,
          126.98412698412697
        ]
      ],
      "group_id": null,
      "shape_type": "polygon",
      "flags": {}
    },
    {
      "label": "glass03",
      "points": [
        [
          313.042328042328,
          131.21693121693121
        ],
        [
          416.21693121693113,
          125.39682539682539
        ],
        [
          414.1005291005291,
          235.97883597883597
        ],
        [
          397.1693121693121,
          238.6243386243386
        ],
        [
          364.89417989417984,
          235.44973544973544
        ],
        [
          411.4550264550264,
          195.2380952380952
        ],
        [
          311.4550264550264,
          188.88888888888889
        ]
      ],
      "group_id": null,
      "shape_type": "polygon",
      "flags": {}
    },
    {
      "label": "fabric01",
      "points": [
        [
          0.3439153439153415,
          72.48677248677248
        ],
        [
          63.835978835978835,
          67.19576719576719
        ],
        [
          65.95238095238093,
          320.1058201058201
        ],
        [
          55.37037037037035,
          320.1058201058201
        ],
        [
          49.021164021164,
          135.97883597883597
        ],
        [
          0.3439153439153415,
          129.62962962962962
        ]
      ],
      "group_id": null,
      "shape_type": "polygon",
      "flags": {}
    },
    {
      "label": "fabric02",
      "points": [
        [
          224.68253968253964,
          94.70899470899471
        ],
        [
          259.6031746031746,
          102.64550264550265
        ],
        [
          263.83597883597884,
          216.9312169312169
        ],
        [
          254.84126984126982,
          237.56613756613754
        ],
        [
          219.92063492063488,
          245.5026455026455
        ]
      ],
      "group_id": null,
      "shape_type": "polygon",
      "flags": {}
    },
    {
      "label": "fabric03",
      "points": [
        [
          271.77248677248673,
          102.11640211640211
        ],
        [
          268.5978835978836,
          202.64550264550263
        ],
        [
          297.69841269841265,
          203.7037037037037
        ],
        [
          297.16931216931215,
          217.98941798941797
        ],
        [
          303.5185185185185,
          221.69312169312167
        ],
        [
          310.9259259259259,
          104.23280423280423
        ]
      ],
      "group_id": null,
      "shape_type": "polygon",
      "flags": {}
    },
    {
      "label": "fabric04",
      "points": [
        [
          418.33333333333326,
          93.12169312169311
        ],
        [
          458.54497354497346,
          93.12169312169311
        ],
        [
          467.01058201058197,
          335.97883597883595
        ],
        [
          442.1428571428571,
          335.44973544973544
        ],
        [
          439.4973544973544,
          320.6349206349206
        ],
        [
          459.6031746031746,
          250.79365079365078
        ],
        [
          443.2010582010581,
          242.3280423280423
        ],
        [
          441.0846560846561,
          263.4920634920635
        ],
        [
          419.3915343915344,
          261.90476190476187
        ]
      ],
      "group_id": null,
      "shape_type": "polygon",
      "flags": {}
    },
    {
      "label": "fabric06",
      "points": [
        [
          4.047619047619037,
          324.86772486772486
        ],
        [
          106.69312169312167,
          320.6349206349206
        ],
        [
          120.97883597883597,
          393.1216931216931
        ],
        [
          95.58201058201058,
          373.015873015873
        ],
        [
          5.634920634920633,
          495.2380952380952
        ]
      ],
      "group_id": null,
      "shape_type": "polygon",
      "flags": {}
    },
    {
      "label": "fabric07",
      "points": [
        [
          106.69312169312167,
          321.69312169312167
        ],
        [
          121.5079365079365,
          395.2380952380952
        ],
        [
          154.31216931216932,
          415.34391534391534
        ],
        [
          175.47619047619048,
          413.7566137566137
        ],
        [
          165.9523809523809,
          323.8095238095238
        ],
        [
          132.6190476190476,
          319.57671957671954
        ]
      ],
      "group_id": null,
      "shape_type": "polygon",
      "flags": {}
    },
    {
      "label": "fabric08",
      "points": [
        [
          0.0,
          511.0
        ],
        [
          97.16931216931215,
          374.0740740740741
        ],
        [
          122.56613756613754,
          393.6507936507936
        ],
        [
          154.31216931216932,
          418.5185185185185
        ],
        [
          253.25396825396825,
          413.2275132275132
        ],
        [
          205.6349206349206,
          508.46560846560845
        ]
      ],
      "group_id": null,
      "shape_type": "polygon",
      "flags": {}
    },
    {
      "label": "fabric10",
      "points": [
        [
          223.09523809523807,
          477.2486772486772
        ],
        [
          306.69312169312167,
          477.2486772486772
        ],
        [
          336.85185185185185,
          462.96296296296293
        ],
        [
          360.66137566137564,
          462.96296296296293
        ],
        [
          382.8835978835979,
          484.6560846560846
        ],
        [
          408.2804232804233,
          489.41798941798936
        ],
        [
          419.3915343915344,
          477.77777777777777
        ],
        [
          420.4497354497354,
          458.7301587301587
        ],
        [
          434.7354497354497,
          450.7936507936508
        ],
        [
          473.8888888888888,
          459.78835978835974
        ],
        [
          492.4074074074074,
          458.7301587301587
        ],
        [
          456.42857142857144,
          426.4550264550264
        ],
        [
          487.6455026455026,
          404.76190476190476
        ],
        [
          480.2380952380952,
          385.71428571428567
        ],
        [
          511.0,
          379.0
        ],
        [
          511.0,
          370.0
        ],
        [
          434.20634920634916,
          364.021164021164
        ],
        [
          435.2645502645503,
          386.2433862433862
        ],
        [
          429.44444444444446,
          388.35978835978835
        ],
        [
          424.1534391534391,
          407.4074074074074
        ],
        [
          415.1587301587301,
          407.4074074074074
        ],
        [
          415.1587301587301,
          392.06349206349205
        ],
        [
          374.9470899470899,
          405.82010582010577
        ],
        [
          373.35978835978835,
          421.16402116402116
        ],
        [
          360.66137566137564,
          421.69312169312167
        ],
        [
          363.8359788359788,
          378.3068783068783
        ],
        [
          347.96296296296293,
          377.2486772486772
        ],
        [
          354.31216931216926,
          424.3386243386243
        ],
        [
          323.0952380952381,
          420.6349206349206
        ],
        [
          313.042328042328,
          374.0740740740741
        ],
        [
          310.9259259259259,
          422.75132275132273
        ],
        [
          305.1058201058201,
          423.28042328042324
        ],
        [
          306.69312169312167,
          409.5238095238095
        ],
        [
          267.53968253968253,
          437.037037037037
        ],
        [
          269.1269841269841,
          454.4973544973545
        ],
        [
          255.89947089947088,
          458.2010582010582
        ],
        [
          252.7248677248677,
          414.2857142857143
        ]
      ],
      "group_id": null,
      "shape_type": "polygon",
      "flags": {}
    },
    {
      "label": "fabric11",
      "points": [
        [
          208.28042328042324,
          507.9365079365079
        ],
        [
          511.0,
          510.0
        ],
        [
          511.0,
          382.0
        ],
        [
          480.2380952380952,
          386.2433862433862
        ],
        [
          486.058201058201,
          402.64550264550263
        ],
        [
          459.074074074074,
          426.98412698412693
        ],
        [
          471.7724867724868,
          447.0899470899471
        ],
        [
          493.99470899470896,
          459.78835978835974
        ],
        [
          474.9470899470899,
          461.37566137566137
        ],
        [
          452.72486772486764,
          451.85185185185185
        ],
        [
          420.97883597883595,
          457.6719576719576
        ],
        [
          419.92063492063494,
          481.48148148148147
        ],
        [
          409.86772486772486,
          489.9470899470899
        ],
        [
          382.8835978835979,
          483.59788359788354
        ],
        [
          361.19047619047615,
          464.5502645502645
        ],
        [
          334.20634920634916,
          462.96296296296293
        ],
        [
          305.1058201058201,
          477.2486772486772
        ],
        [
          222.56613756613757,
          477.2486772486772
        ]
      ],
      "group_id": null,
      "shape_type": "polygon",
      "flags": {}
    }
  ],
  "imagePath": "b14cb0b.jpg",
  "imageData": "",
  "imageHeight": 512,
  "imageWidth": 512
}
