{
  "version": "4.5.6",
  "flags": {},
  "shapes": [
    {
      "label": "fabric01",
      "points": [
        [
          116.21693121693121,
          374.6031746031746
        ],
        [
          43,
          511
        ],
        [
          510.92592592592587,
          510.5820105820105
        ],
        [
          510.3968253968253,
          496.8253968253968
        ],
        [
          440.026455026455,
          403.7037037037037
        ],
        [
          437.91005291005285,
          414.8148148148148
        ],
        [
          426.79894179894177,
          414.8148148148148
        ],
        [
          428.9153439153439,
          392.06349206349205
        ],
        [
          414.1005291005291,
          371.4285714285714
        ],
        [
          269.65608465608466,
          371.4285714285714
        ],
        [
          268.5978835978836,
          501.058201058201
        ],
        [
          137.91005291005288,
          500.5291005291005
        ],
        [
          141.08465608465605,
          404.2328042328042
        ],
        [
          131.56084656084656,
          404.2328042328042
        ],
        [
          129.97354497354496,
          391.005291005291
        ],
        [
          137.91005291005288,
          371.95767195767195
        ]
      ],
      "group_id": null,
      "shape_type": "polygon",
      "flags": {}
    },
    {
      "label": "fabric02",
      "points": [
        [
          2.460317460317455,
          214.8148148148148
        ],
        [
          28.386243386243365,
          207.93650793650792
        ],
        [
          31.560846560846556,
          237.037037037037
        ],
        [
          70.18518518518516,
          242.3280423280423
        ],
        [
          76.00529100529099,
          264.021164021164
        ],
        [
          115.68783068783068,
          271.95767195767195
        ],
        [
          117.27513227513225,
          354.4973544973545
        ],
        [
          29.97354497354496,
          505.82010582010577
        ],
        [
          0,
          503
        ]
      ],
      "group_id": null,
      "shape_type": "polygon",
      "flags": {}
    },
    {
      "label": "fabric03",
      "points": [
        [
          510.92592592592587,
          238.09523809523807
        ],
        [
          482.3544973544973,
          310.05291005291
        ],
        [
          429.44444444444446,
          314.8148148148148
        ],
        [
          423.0952380952381,
          366.1375661375661
        ],
        [
          505.10582010582004,
          419.57671957671954
        ],
        [
          511,
          416
        ],
        [
          511,
          239
        ]
      ],
      "group_id": null,
      "shape_type": "polygon",
      "flags": {}
    },
    {
      "label": "fabric04",
      "points": [
        [
          144.25925925925924,
          200.0
        ],
        [
          149.021164021164,
          300.5291005291005
        ],
        [
          161.7195767195767,
          322.75132275132273
        ],
        [
          171.24338624338623,
          295.76719576719574
        ],
        [
          214.10052910052906,
          301.05820105820106
        ],
        [
          222.037037037037,
          292.06349206349205
        ],
        [
          230.50264550264546,
          298.94179894179894
        ],
        [
          232.0899470899471,
          273.5449735449735
        ],
        [
          213.57142857142856,
          263.4920634920635
        ],
        [
          210.92592592592592,
          199.47089947089947
        ]
      ],
      "group_id": null,
      "shape_type": "polygon",
      "flags": {}
    },
    {
      "label": "wood01",
      "points": [
        [
          225.2116402116402,
          201.58730158730157
        ],
        [
          322.5661375661375,
          201.58730158730157
        ],
        [
          323.6243386243386,
          300.5291005291005
        ],
        [
          319.9206349206349,
          297.3544973544973
        ],
        [
          319.3915343915344,
          253.96825396825395
        ],
        [
          314.10052910052906,
          253.96825396825395
        ],
        [
          313.57142857142856,
          298.94179894179894
        ],
        [
          310.9259259259259,
          295.76719576719574
        ],
        [
          309.3386243386243,
          255.55555555555554
        ],
        [
          246.37566137566137,
          257.1428571428571
        ],
        [
          245.3174603174603,
          299.47089947089944
        ],
        [
          241.08465608465605,
          297.3544973544973
        ],
        [
          240.02645502645498,
          255.55555555555554
        ],
        [
          231.56084656084653,
          254.49735449735448
        ],
        [
          231.56084656084653,
          273.5449735449735
        ],
        [
          224.68253968253964,
          268.25396825396825
        ]
      ],
      "group_id": null,
      "shape_type": "polygon",
      "flags": {}
    },
    {
      "label": "wood02",
      "points": [
        [
          171.24338624338623,
          302.11640211640207
        ],
        [
          131.56084656084656,
          390.4761904761904
        ],
        [
          131.56084656084656,
          405.29100529100526
        ],
        [
          271.77248677248673,
          402.64550264550263
        ],
        [
          262.2486772486772,
          300.0
        ],
        [
          231.56084656084653,
          298.94179894179894
        ],
        [
          233.14814814814815,
          319.57671957671954
        ],
        [
          219.92063492063488,
          332.80423280423275
        ],
        [
          216.74603174603175,
          344.97354497354496
        ],
        [
          199.81481481481478,
          344.4444444444444
        ],
        [
          193.46560846560845,
          330.1587301587301
        ],
        [
          193.46560846560845,
          311.64021164021165
        ],
        [
          200.34391534391534,
          311.1111111111111
        ],
        [
          213.042328042328,
          312.16931216931215
        ],
        [
          217.27513227513225,
          302.11640211640207
        ]
      ],
      "group_id": null,
      "shape_type": "polygon",
      "flags": {}
    },
    {
      "label": "wood03",
      "points": [
        [
          61.71957671957671,
          224.33862433862433
        ],
        [
          50.60846560846559,
          227.5132275132275
        ],
        [
          52.19576719576719,
          235.44973544973544
        ],
        [
          71.77248677248676,
          241.79894179894177
        ],
        [
          77.59259259259258,
          259.25925925925924
        ],
        [
          121.5079365079365,
          258.2010582010582
        ],
        [
          133.67724867724866,
          252.91005291005288
        ],
        [
          136.85185185185185,
          232.27513227513225
        ],
        [
          120.44973544973544,
          229.1005291005291
        ],
        [
          67.53968253968253,
          229.1005291005291
        ]
      ],
      "group_id": null,
      "shape_type": "polygon",
      "flags": {}
    }
  ],
  "imagePath": "3.jpg",
  "imageData": "",
  "imageHeight": 512,
  "imageWidth": 512
}
