{
  "version": "3.20.1",
  "flags": {},
  "shapes": [
    {
      "label": "fabric01",
      "line_color": null,
      "fill_color": null,
      "points": [
        [
          35.17391304347825,
          286.95652173913044
        ],
        [
          185.17391304347825,
          275.54347826086956
        ],
        [
          228.65217391304344,
          355.4347826086956
        ],
        [
          298.7608695652174,
          445.65217391304344
        ],
        [
          314.52173913043475,
          472.8260869565217
        ],
        [
          325,
          511
        ],
        [
          43,
          511
        ]
      ],
      "shape_type": "polygon",
      "flags": {}
    },
    {
      "label": "wood01",
      "line_color": null,
      "fill_color": null,
      "points": [
        [
          403.6521739130435,
          251.08695652173913
        ],
        [
          380.28260869565213,
          253.80434782608694
        ],
        [
          369.9565217391304,
          370.1086956521739
        ],
        [
          362.3478260869565,
          382.0652173913043
        ],
        [
          418.86956521739125,
          416.30434782608694
        ],
        [
          432.4565217391304,
          316.30434782608694
        ],
        [
          453.6521739130435,
          321.73913043478257
        ],
        [
          453.6521739130435,
          305.4347826086956
        ],
        [
          474.3043478260869,
          304.89130434782606
        ],
        [
          475.9347826086956,
          281.52173913043475
        ],
        [
          449.8478260869565,
          280.9782608695652
        ],
        [
          415.6086956521739,
          260.8695652173913
        ]
      ],
      "shape_type": "polygon",
      "flags": {}
    },
    {
      "label": "wood02",
      "line_color": null,
      "fill_color": null,
      "points": [
        [
          199.8478260869565,
          288.5869565217391
        ],
        [
          198.76086956521738,
          301.0869565217391
        ],
        [
          236.26086956521738,
          303.2608695652174
        ],
        [
          244.41304347826087,
          294.5652173913043
        ],
        [
          227.02173913043475,
          293.4782608695652
        ],
        [
          211.26086956521738,
          285.32608695652175
        ]
      ],
      "shape_type": "polygon",
      "flags": {}
    },
    {
      "label": "plastic01",
      "line_color": null,
      "fill_color": null,
      "points": [
        [
          329.73913043478257,
          129.3478260869565
        ],
        [
          309.6304347826087,
          346.73913043478257
        ],
        [
          334.6304347826087,
          354.3478260869565
        ],
        [
          358.5434782608695,
          371.73913043478257
        ],
        [
          366.1521739130435,
          367.39130434782606
        ],
        [
          380.82608695652175,
          251.08695652173913
        ],
        [
          404.195652173913,
          251.08695652173913
        ],
        [
          417.78260869565213,
          236.95652173913044
        ],
        [
          425.391304347826,
          136.41304347826087
        ],
        [
          363.97826086956525,
          122.28260869565217
        ]
      ],
      "shape_type": "polygon",
      "flags": {}
    }
  ],
  "lineColor": [
    0,
    255,
    0,
    128
  ],
  "fillColor": [
    255,
    0,
    0,
    128
  ],
  "imagePath": "..\\pic\\459.jpg",
  "imageData": "",
  "imageHeight": 512,
  "imageWidth": 512
}
