{
  "version": "3.20.1",
  "flags": {},
  "shapes": [
    {
      "label": "plastic01",
      "line_color": null,
      "fill_color": null,
      "points": [
        [
          283.0,
          16.304347826086957
        ],
        [
          435.71739130434776,
          3.260869565217391
        ],
        [
          448.21739130434776,
          2.717391304347826
        ],
        [
          437.891304347826,
          233.69565217391303
        ],
        [
          279.73913043478257,
          216.30434782608694
        ]
      ],
      "shape_type": "polygon",
      "flags": {}
    },
    {
      "label": "plastic02",
      "line_color": null,
      "fill_color": null,
      "points": [
        [
          227.02173913043475,
          330.4347826086956
        ],
        [
          255.28260869565213,
          346.195652173913
        ],
        [
          295.5,
          316.30434782608694
        ],
        [
          273.2173913043478,
          306.52173913043475
        ],
        [
          249.8478260869565,
          315.2173913043478
        ]
      ],
      "shape_type": "polygon",
      "flags": {}
    },
    {
      "label": "plastic03",
      "line_color": null,
      "fill_color": null,
      "points": [
        [
          222.67391304347825,
          333.15217391304344
        ],
        [
          223.2173913043478,
          346.73913043478257
        ],
        [
          225.93478260869563,
          354.89130434782606
        ],
        [
          250.39130434782606,
          365.7608695652174
        ],
        [
          320.5,
          322.2826086956522
        ],
        [
          312.3478260869565,
          319.02173913043475
        ],
        [
          308.0,
          316.8478260869565
        ],
        [
          301.4782608695652,
          307.6086956521739
        ],
        [
          289.52173913043475,
          310.8695652173913
        ],
        [
          296.04347826086956,
          316.8478260869565
        ],
        [
          257.45652173913044,
          345.1086956521739
        ]
      ],
      "shape_type": "polygon",
      "flags": {}
    },
    {
      "label": "wood01",
      "line_color": null,
      "fill_color": null,
      "points": [
        [
          261.80434782608694,
          508.695652173913
        ],
        [
          272.1304347826087,
          497.28260869565213
        ],
        [
          246.04347826086956,
          484.23913043478257
        ],
        [
          247.1304347826087,
          463.5869565217391
        ],
        [
          258.0,
          469.02173913043475
        ],
        [
          271.04347826086956,
          469.5652173913043
        ],
        [
          283.54347826086956,
          471.73913043478257
        ],
        [
          283.0,
          475.54347826086956
        ],
        [
          258.54347826086956,
          480.4347826086956
        ],
        [
          263.4347826086956,
          490.2173913043478
        ],
        [
          284.6304347826087,
          489.67391304347825
        ],
        [
          285.17391304347825,
          492.9347826086956
        ],
        [
          300.9347826086956,
          495.65217391304344
        ],
        [
          310.7173913043478,
          493.4782608695652
        ],
        [
          310.7173913043478,
          484.78260869565213
        ],
        [
          318.86956521739125,
          480.4347826086956
        ],
        [
          312.89130434782606,
          471.73913043478257
        ],
        [
          312.89130434782606,
          466.8478260869565
        ],
        [
          330.28260869565213,
          482.0652173913043
        ],
        [
          322.67391304347825,
          483.695652173913
        ],
        [
          328.65217391304344,
          499.45652173913044
        ],
        [
          348.7608695652174,
          498.36956521739125
        ],
        [
          344.95652173913044,
          483.15217391304344
        ],
        [
          358.5434782608695,
          475.0
        ],
        [
          358.5434782608695,
          485.3260869565217
        ],
        [
          356.36956521739125,
          495.1086956521739
        ],
        [
          351.47826086956525,
          504.89130434782606
        ],
        [
          349.3043478260869,
          509.23913043478257
        ]
      ],
      "shape_type": "polygon",
      "flags": {}
    },
    {
      "label": "wood02",
      "line_color": null,
      "fill_color": null,
      "points": [
        [
          5.826086956521721,
          460.3260869565217
        ],
        [
          69.95652173913044,
          508.695652173913
        ],
        [
          53.65217391304347,
          509.78260869565213
        ],
        [
          2.565217391304344,
          476.0869565217391
        ]
      ],
      "shape_type": "polygon",
      "flags": {}
    },
    {
      "label": "wood03",
      "line_color": null,
      "fill_color": null,
      "points": [
        [
          54.739130434782595,
          387.5
        ],
        [
          80.28260869565216,
          398.9130434782609
        ],
        [
          84.63043478260869,
          410.32608695652175
        ],
        [
          94.41304347826087,
          413.04347826086956
        ],
        [
          112.89130434782606,
          425.54347826086956
        ],
        [
          138.43478260869563,
          416.30434782608694
        ],
        [
          112.3478260869565,
          414.67391304347825
        ],
        [
          118.86956521739131,
          398.3695652173913
        ],
        [
          94.41304347826087,
          379.3478260869565
        ],
        [
          71.04347826086956,
          378.2608695652174
        ]
      ],
      "shape_type": "polygon",
      "flags": {}
    },
    {
      "label": "fabric01",
      "line_color": null,
      "fill_color": null,
      "points": [
        [
          419.4130434782609,
          366.30434782608694
        ],
        [
          411.8043478260869,
          355.4347826086956
        ],
        [
          408.0,
          332.0652173913043
        ],
        [
          408.0,
          312.5
        ],
        [
          410.71739130434776,
          282.0652173913043
        ],
        [
          417.78260869565213,
          258.695652173913
        ],
        [
          432.4565217391304,
          247.28260869565216
        ],
        [
          440.6086956521739,
          247.28260869565216
        ],
        [
          445.5,
          252.7173913043478
        ],
        [
          430.82608695652175,
          311.4130434782609
        ],
        [
          424.3043478260869,
          325.54347826086956
        ],
        [
          423.7608695652174,
          336.95652173913044
        ],
        [
          425.391304347826,
          354.3478260869565
        ]
      ],
      "shape_type": "polygon",
      "flags": {}
    },
    {
      "label": "fabric02",
      "line_color": null,
      "fill_color": null,
      "points": [
        [
          354.7391304347826,
          353.2608695652174
        ],
        [
          343.3260869565217,
          355.4347826086956
        ],
        [
          334.6304347826087,
          360.8695652173913
        ],
        [
          331.36956521739125,
          369.02173913043475
        ],
        [
          329.73913043478257,
          386.4130434782609
        ],
        [
          329.73913043478257,
          398.3695652173913
        ],
        [
          342.23913043478257,
          401.0869565217391
        ],
        [
          373.21739130434776,
          403.2608695652174
        ],
        [
          398.21739130434776,
          408.15217391304344
        ],
        [
          405.82608695652175,
          405.9782608695652
        ],
        [
          411.2608695652174,
          395.1086956521739
        ],
        [
          406.9130434782609,
          378.2608695652174
        ],
        [
          396.0434782608695,
          367.39130434782606
        ],
        [
          379.195652173913,
          363.04347826086956
        ],
        [
          365.0652173913044,
          363.04347826086956
        ],
        [
          356.36956521739125,
          359.7826086956522
        ]
      ],
      "shape_type": "polygon",
      "flags": {}
    },
    {
      "label": "wood04",
      "line_color": null,
      "fill_color": null,
      "points": [
        [
          430.82608695652175,
          423.9130434782609
        ],
        [
          446.0434782608695,
          394.02173913043475
        ],
        [
          453.1086956521739,
          285.32608695652175
        ],
        [
          443.32608695652175,
          273.3695652173913
        ],
        [
          436.2608695652174,
          292.39130434782606
        ],
        [
          440.6086956521739,
          301.0869565217391
        ],
        [
          438.4347826086956,
          313.04347826086956
        ],
        [
          432.4565217391304,
          325.0
        ]
      ],
      "shape_type": "polygon",
      "flags": {}
    }
  ],
  "lineColor": [
    0,
    255,
    0,
    128
  ],
  "fillColor": [
    255,
    0,
    0,
    128
  ],
  "imagePath": "..\\pic\\377.jpg",
  "imageData": "",
  "imageHeight": 512,
  "imageWidth": 512
}
