{
  "version": "3.20.1",
  "flags": {},
  "shapes": [
    {
      "label": "glass01",
      "line_color": null,
      "fill_color": null,
      "points": [
        [
          202.02173913043475,
          339.1304347826087
        ],
        [
          241.15217391304344,
          341.8478260869565
        ],
        [
          267.78260869565213,
          336.95652173913044
        ],
        [
          302.5652173913043,
          332.0652173913043
        ],
        [
          334.0869565217391,
          319.5652173913043
        ],
        [
          344.95652173913044,
          304.3478260869565
        ],
        [
          333.0,
          289.1304347826087
        ],
        [
          309.6304347826087,
          276.0869565217391
        ],
        [
          278.65217391304344,
          268.4782608695652
        ],
        [
          246.04347826086956,
          260.8695652173913
        ],
        [
          219.95652173913044,
          259.2391304347826
        ],
        [
          216.15217391304344,
          259.2391304347826
        ],
        [
          222.1304347826087,
          272.2826086956522
        ],
        [
          211.80434782608694,
          273.9130434782609
        ],
        [
          211.80434782608694,
          286.4130434782609
        ],
        [
          157.45652173913044,
          285.32608695652175
        ],
        [
          150.39130434782606,
          272.82608695652175
        ],
        [
          144.95652173913044,
          265.7608695652174
        ],
        [
          98.76086956521738,
          271.7391304347826
        ],
        [
          72.13043478260869,
          285.32608695652175
        ],
        [
          80.28260869565216,
          304.3478260869565
        ],
        [
          91.695652173913,
          307.6086956521739
        ],
        [
          196.58695652173913,
          309.7826086956522
        ],
        [
          199.8478260869565,
          320.1086956521739
        ]
      ],
      "shape_type": "polygon",
      "flags": {}
    },
    {
      "label": "plastic01",
      "line_color": null,
      "fill_color": null,
      "points": [
        [
          160.17391304347825,
          216.30434782608694
        ],
        [
          159.6304347826087,
          260.8695652173913
        ],
        [
          211.80434782608694,
          259.2391304347826
        ],
        [
          214.52173913043475,
          221.7391304347826
        ]
      ],
      "shape_type": "polygon",
      "flags": {}
    },
    {
      "label": "plastic02",
      "line_color": null,
      "fill_color": null,
      "points": [
        [
          351.47826086956525,
          245.65217391304347
        ],
        [
          337.89130434782606,
          292.39130434782606
        ],
        [
          343.86956521739125,
          309.7826086956522
        ],
        [
          331.36956521739125,
          322.82608695652175
        ],
        [
          308.54347826086956,
          329.3478260869565
        ],
        [
          284.6304347826087,
          334.23913043478257
        ],
        [
          263.4347826086956,
          339.67391304347825
        ],
        [
          251.4782608695652,
          340.7608695652174
        ],
        [
          248.2173913043478,
          377.17391304347825
        ],
        [
          256.9130434782609,
          412.5
        ],
        [
          268.8695652173913,
          412.5
        ],
        [
          271.04347826086956,
          354.3478260869565
        ],
        [
          322.67391304347825,
          353.80434782608694
        ],
        [
          319.95652173913044,
          379.3478260869565
        ],
        [
          325.9347826086956,
          379.3478260869565
        ],
        [
          328.1086956521739,
          353.2608695652174
        ],
        [
          337.89130434782606,
          352.7173913043478
        ],
        [
          332.45652173913044,
          398.9130434782609
        ],
        [
          337.89130434782606,
          404.3478260869565
        ],
        [
          346.0434782608695,
          338.5869565217391
        ],
        [
          377.5652173913044,
          263.5869565217391
        ]
      ],
      "shape_type": "polygon",
      "flags": {}
    },
    {
      "label": "plastic03",
      "line_color": null,
      "fill_color": null,
      "points": [
        [
          83.0,
          310.32608695652175
        ],
        [
          200.93478260869563,
          311.4130434782609
        ],
        [
          196.04347826086956,
          354.89130434782606
        ],
        [
          203.10869565217388,
          359.23913043478257
        ],
        [
          204.195652173913,
          391.8478260869565
        ],
        [
          198.2173913043478,
          408.15217391304344
        ],
        [
          195.5,
          427.7173913043478
        ],
        [
          97.67391304347825,
          436.95652173913044
        ],
        [
          97.13043478260869,
          410.8695652173913
        ],
        [
          83.54347826086956,
          376.0869565217391
        ],
        [
          85.17391304347825,
          366.30434782608694
        ],
        [
          93.86956521739131,
          352.7173913043478
        ]
      ],
      "shape_type": "polygon",
      "flags": {}
    },
    {
      "label": "metal01",
      "line_color": null,
      "fill_color": null,
      "points": [
        [
          218.32608695652175,
          347.82608695652175
        ],
        [
          232.45652173913044,
          438.04347826086956
        ],
        [
          229.73913043478257,
          445.1086956521739
        ],
        [
          242.78260869565213,
          447.28260869565213
        ],
        [
          250.93478260869563,
          442.39130434782606
        ],
        [
          241.15217391304344,
          438.04347826086956
        ],
        [
          225.93478260869563,
          345.65217391304344
        ]
      ],
      "shape_type": "polygon",
      "flags": {}
    }
  ],
  "lineColor": [
    0,
    255,
    0,
    128
  ],
  "fillColor": [
    255,
    0,
    0,
    128
  ],
  "imagePath": "..\\pic\\453.jpg",
  "imageData": "",
  "imageHeight": 512,
  "imageWidth": 512
}
