{
  "version": "4.5.6",
  "flags": {},
  "shapes": [
    {
      "label": "glass01",
      "points": [
        [
          2.989417989417987,
          275.13227513227514
        ],
        [
          7.751322751322746,
          400.5291005291005
        ],
        [
          29.97354497354496,
          382.53968253968253
        ],
        [
          29.44444444444443,
          265.07936507936506
        ]
      ],
      "group_id": null,
      "shape_type": "polygon",
      "flags": {}
    },
    {
      "label": "glass02",
      "points": [
        [
          39.49735449735448,
          262.43386243386243
        ],
        [
          42.67195767195767,
          370.8994708994709
        ],
        [
          84.47089947089947,
          330.1587301587301
        ],
        [
          81.82539682539681,
          252.38095238095235
        ]
      ],
      "group_id": null,
      "shape_type": "polygon",
      "flags": {}
    },
    {
      "label": "fabric01",
      "points": [
        [
          149.021164021164,
          457.1428571428571
        ],
        [
          136,
          511
        ],
        [
          209,
          511
        ],
        [
          468.068783068783,
          463.49206349206344
        ],
        [
          453.2539682539682,
          450.7936507936508
        ],
        [
          398.2275132275132,
          442.85714285714283
        ],
        [
          393.99470899470896,
          417.4603174603174
        ],
        [
          387.64550264550263,
          376.7195767195767
        ],
        [
          388.7037037037037,
          357.67195767195767
        ],
        [
          369.6560846560846,
          341.79894179894177
        ],
        [
          347.43386243386243,
          346.5608465608465
        ],
        [
          355.3703703703703,
          380.9523809523809
        ],
        [
          354.8412698412698,
          437.037037037037
        ],
        [
          329.97354497354496,
          433.8624338624338
        ],
        [
          327.85714285714283,
          379.89417989417984
        ],
        [
          263.3068783068783,
          373.015873015873
        ],
        [
          261.7195767195767,
          423.28042328042324
        ],
        [
          256.95767195767195,
          421.16402116402116
        ],
        [
          258.5449735449735,
          371.4285714285714
        ],
        [
          266.48148148148147,
          354.4973544973545
        ],
        [
          233.14814814814815,
          356.08465608465605
        ],
        [
          232.6190476190476,
          422.75132275132273
        ],
        [
          156.95767195767195,
          461.37566137566137
        ]
      ],
      "group_id": null,
      "shape_type": "polygon",
      "flags": {}
    },
    {
      "label": "metal01",
      "points": [
        [
          144.7883597883598,
          317.989417989418
        ],
        [
          145.8465608465608,
          454.4973544973545
        ],
        [
          156.95767195767195,
          462.43386243386243
        ],
        [
          231.56084656084653,
          422.2222222222222
        ],
        [
          233.67724867724866,
          322.75132275132273
        ],
        [
          219.92063492063488,
          322.22222222222223
        ],
        [
          221.5079365079365,
          340.2116402116402
        ],
        [
          223.62433862433858,
          344.97354497354496
        ],
        [
          223.09523809523807,
          389.4179894179894
        ],
        [
          189.2328042328042,
          402.64550264550263
        ],
        [
          177.59259259259255,
          398.4126984126984
        ],
        [
          168.06878306878303,
          346.031746031746
        ],
        [
          222.56613756613757,
          341.26984126984127
        ],
        [
          219.39153439153438,
          320.6349206349206
        ],
        [
          167.53968253968253,
          322.75132275132273
        ],
        [
          155.37037037037038,
          320.6349206349206
        ]
      ],
      "group_id": null,
      "shape_type": "polygon",
      "flags": {}
    },
    {
      "label": "metal02",
      "points": [
        [
          404.5767195767196,
          328.57142857142856
        ],
        [
          399.8148148148148,
          332.27513227513225
        ],
        [
          399.8148148148148,
          440.2116402116402
        ],
        [
          496.64021164021165,
          456.08465608465605
        ],
        [
          503.5185185185185,
          319.57671957671954
        ],
        [
          488.17460317460313,
          324.3386243386243
        ],
        [
          486.58730158730157,
          351.85185185185185
        ],
        [
          474.41798941798936,
          399.47089947089944
        ],
        [
          464.3650793650793,
          408.99470899470896
        ],
        [
          414.1005291005291,
          400.0
        ],
        [
          414.62962962962956,
          350.7936507936508
        ],
        [
          487.1164021164021,
          347.0899470899471
        ],
        [
          488.17460317460313,
          323.8095238095238
        ]
      ],
      "group_id": null,
      "shape_type": "polygon",
      "flags": {}
    },
    {
      "label": "wood01",
      "points": [
        [
          106.16402116402114,
          266.1375661375661
        ],
        [
          109.33862433862433,
          347.0899470899471
        ],
        [
          113.04232804232802,
          347.0899470899471
        ],
        [
          113.04232804232802,
          338.0952380952381
        ],
        [
          129.97354497354496,
          335.44973544973544
        ],
        [
          128.38624338624336,
          306.87830687830683
        ],
        [
          141.08465608465605,
          293.6507936507936
        ],
        [
          152.7248677248677,
          294.1798941798942
        ],
        [
          163.30687830687827,
          303.7037037037037
        ],
        [
          197.16931216931215,
          303.7037037037037
        ],
        [
          197.69841269841265,
          319.04761904761904
        ],
        [
          201.4021164021164,
          319.04761904761904
        ],
        [
          199.81481481481478,
          268.25396825396825
        ],
        [
          203.51851851851848,
          260.8465608465608
        ],
        [
          177.06349206349205,
          260.3174603174603
        ],
        [
          175.47619047619048,
          264.021164021164
        ],
        [
          136.32275132275132,
          264.021164021164
        ],
        [
          137.91005291005288,
          260.8465608465608
        ],
        [
          112.51322751322749,
          262.96296296296293
        ]
      ],
      "group_id": null,
      "shape_type": "polygon",
      "flags": {}
    }
  ],
  "imagePath": "35.jpg",
  "imageData": "",
  "imageHeight": 512,
  "imageWidth": 512
}
