{
  "version": "4.5.6",
  "flags": {},
  "shapes": [
    {
      "label": "fabric01",
      "points": [
        [
          33.14814814814815,
          102.11640211640211
        ],
        [
          313.042328042328,
          131.21693121693121
        ],
        [
          319.9206349206349,
          301.58730158730157
        ],
        [
          61.71957671957671,
          304.2328042328042
        ],
        [
          96.64021164021162,
          277.77777777777777
        ],
        [
          99.28571428571428,
          228.57142857142856
        ],
        [
          70.18518518518516,
          207.93650793650792
        ],
        [
          41.61375661375661,
          203.17460317460316
        ]
      ],
      "group_id": null,
      "shape_type": "polygon",
      "flags": {}
    },
    {
      "label": "fabric02",
      "points": [
        [
          434.20634920634916,
          330.6878306878307
        ],
        [
          458.015873015873,
          332.27513227513225
        ],
        [
          509.86772486772486,
          353.4391534391534
        ],
        [
          510.92592592592587,
          321.16402116402116
        ],
        [
          469.1269841269841,
          315.87301587301585
        ]
      ],
      "group_id": null,
      "shape_type": "polygon",
      "flags": {}
    },
    {
      "label": "fabric03",
      "points": [
        [
          433.6772486772486,
          331.2169312169312
        ],
        [
          279.7089947089947,
          336.5079365079365
        ],
        [
          255.89947089947088,
          345.50264550264546
        ],
        [
          227.85714285714283,
          398.94179894179894
        ],
        [
          254.84126984126982,
          417.4603174603174
        ],
        [
          290.82010582010577,
          464.5502645502645
        ],
        [
          281.29629629629625,
          477.77777777777777
        ],
        [
          285.0,
          485.71428571428567
        ],
        [
          306.69312169312167,
          488.35978835978835
        ],
        [
          309.86772486772486,
          475.66137566137564
        ],
        [
          379.1798941798941,
          459.25925925925924
        ],
        [
          469.65608465608466,
          446.5608465608465
        ],
        [
          484.47089947089944,
          410.05291005291
        ],
        [
          511,
          405
        ],
        [
          510.92592592592587,
          356.6137566137566
        ],
        [
          459.074074074074,
          332.80423280423275
        ]
      ],
      "group_id": null,
      "shape_type": "polygon",
      "flags": {}
    },
    {
      "label": "wood01",
      "points": [
        [
          14.100529100529087,
          323.28042328042324
        ],
        [
          2.989417989417987,
          333.3333333333333
        ],
        [
          1,
          511
        ],
        [
          67,
          511
        ],
        [
          94.52380952380952,
          445.50264550264546
        ],
        [
          92.40740740740739,
          321.16402116402116
        ]
      ],
      "group_id": null,
      "shape_type": "polygon",
      "flags": {}
    },
    {
      "label": "plastic01",
      "points": [
        [
          421.5079365079365,
          226.98412698412696
        ],
        [
          417.27513227513225,
          273.5449735449735
        ],
        [
          453.78306878306876,
          276.7195767195767
        ],
        [
          452.72486772486764,
          229.62962962962962
        ]
      ],
      "group_id": null,
      "shape_type": "polygon",
      "flags": {}
    },
    {
      "label": "fabric04",
      "points": [
        [
          97.16931216931215,
          407.4074074074074
        ],
        [
          224.15343915343914,
          396.8253968253968
        ],
        [
          252.1957671957672,
          416.40211640211635
        ],
        [
          288.7037037037037,
          461.90476190476187
        ],
        [
          280.2380952380952,
          475.1322751322751
        ],
        [
          286.058201058201,
          486.2433862433862
        ],
        [
          307.75132275132273,
          491.005291005291
        ],
        [
          310.39682539682536,
          477.2486772486772
        ],
        [
          381.29629629629625,
          459.78835978835974
        ],
        [
          472.8306878306878,
          446.5608465608465
        ],
        [
          467.01058201058197,
          510.05291005291
        ],
        [
          68.06878306878306,
          510.05291005291
        ],
        [
          95.05291005291005,
          445.50264550264546
        ]
      ],
      "group_id": null,
      "shape_type": "polygon",
      "flags": {}
    }
  ],
  "imagePath": "bbfb49e.jpg",
  "imageData": "",
  "imageHeight": 512,
  "imageWidth": 512
}
