{
  "version": "3.20.1",
  "flags": {},
  "shapes": [
    {
      "label": "fabric01",
      "line_color": null,
      "fill_color": null,
      "points": [
        [
          1.4603174603174551,
          350.7936507936508
        ],
        [
          50.66666666666666,
          340.7407407407407
        ],
        [
          46.43386243386243,
          65.60846560846561
        ],
        [
          0,
          41
        ]
      ],
      "shape_type": "polygon",
      "flags": {}
    },
    {
      "label": "fabric02",
      "line_color": null,
      "fill_color": null,
      "points": [
        [
          194.58201058201058,
          334.3915343915344
        ],
        [
          212.57142857142856,
          366.66666666666663
        ],
        [
          211.5132275132275,
          380.4232804232804
        ],
        [
          216.27513227513225,
          385.71428571428567
        ],
        [
          230.03174603174602,
          387.3015873015873
        ],
        [
          278.1798941798942,
          407.4074074074074
        ],
        [
          290.87830687830683,
          425.39682539682536
        ],
        [
          313.6296296296296,
          426.4550264550264
        ],
        [
          357.5449735449735,
          438.0952380952381
        ],
        [
          415.21693121693113,
          468.78306878306876
        ],
        [
          430.031746031746,
          472.48677248677245
        ],
        [
          447.4920634920635,
          478.8359788359788
        ],
        [
          511,
          432
        ],
        [
          509.92592592592587,
          194.17989417989418
        ],
        [
          491.93650793650795,
          192.06349206349205
        ],
        [
          468.65608465608466,
          191.53439153439152
        ],
        [
          453.84126984126976,
          191.00529100529099
        ],
        [
          449.6084656084656,
          177.24867724867724
        ],
        [
          440.0846560846561,
          184.12698412698413
        ],
        [
          427.38624338624334,
          207.93650793650792
        ],
        [
          419.97883597883595,
          232.80423280423278
        ],
        [
          416.8042328042328,
          238.09523809523807
        ],
        [
          403.5767195767196,
          238.09523809523807
        ],
        [
          372.35978835978835,
          241.79894179894177
        ],
        [
          342.2010582010582,
          242.85714285714283
        ],
        [
          239.55555555555554,
          261.37566137566137
        ],
        [
          221.56613756613757,
          280.4232804232804
        ]
      ],
      "shape_type": "polygon",
      "flags": {}
    },
    {
      "label": "fabric03",
      "line_color": null,
      "fill_color": null,
      "points": [
        [
          183.47089947089944,
          215.87301587301585
        ],
        [
          193.52380952380952,
          233.86243386243385
        ],
        [
          192.46560846560845,
          239.15343915343914
        ],
        [
          184.5291005291005,
          261.37566137566137
        ],
        [
          178.70899470899468,
          266.1375661375661
        ],
        [
          240.6137566137566,
          263.4920634920635
        ],
        [
          237.96825396825392,
          248.67724867724866
        ],
        [
          243.25925925925924,
          212.69841269841268
        ],
        [
          224.2116402116402,
          214.8148148148148
        ],
        [
          207.28042328042324,
          215.87301587301585
        ]
      ],
      "shape_type": "polygon",
      "flags": {}
    },
    {
      "label": "plastic01",
      "line_color": null,
      "fill_color": null,
      "points": [
        [
          379.2380952380952,
          174.60317460317458
        ],
        [
          391.9365079365079,
          177.77777777777777
        ],
        [
          405.16402116402116,
          179.36507936507937
        ],
        [
          419.97883597883595,
          177.77777777777777
        ],
        [
          430.56084656084647,
          175.1322751322751
        ],
        [
          418.92063492063494,
          140.74074074074073
        ],
        [
          394.5820105820105,
          139.68253968253967
        ],
        [
          386.64550264550263,
          155.026455026455
        ]
      ],
      "shape_type": "polygon",
      "flags": {}
    },
    {
      "label": "wood01",
      "line_color": null,
      "fill_color": null,
      "points": [
        [
          369.71428571428567,
          230.15873015873015
        ],
        [
          350.66666666666663,
          232.27513227513225
        ],
        [
          351.7248677248677,
          234.39153439153438
        ],
        [
          352.78306878306876,
          242.3280423280423
        ],
        [
          397.2275132275132,
          235.97883597883597
        ]
      ],
      "shape_type": "polygon",
      "flags": {}
    },
    {
      "label": "glass01",
      "line_color": null,
      "fill_color": null,
      "points": [
        [
          55.428571428571416,
          268.25396825396825
        ],
        [
          70.24338624338623,
          274.0740740740741
        ],
        [
          87.17460317460316,
          275.13227513227514
        ],
        [
          103.57671957671957,
          273.5449735449735
        ],
        [
          113.62962962962962,
          266.66666666666663
        ],
        [
          107.8095238095238,
          262.43386243386243
        ],
        [
          89.29100529100529,
          261.37566137566137
        ],
        [
          71.30158730158729,
          261.37566137566137
        ]
      ],
      "shape_type": "polygon",
      "flags": {}
    }
  ],
  "lineColor": [
    0,
    255,
    0,
    128
  ],
  "fillColor": [
    255,
    0,
    0,
    128
  ],
  "imagePath": "..\\pic\\91.jpg",
  "imageData": "",
  "imageHeight": 512,
  "imageWidth": 512
}
