{
  "version": "4.5.6",
  "flags": {},
  "shapes": [
    {
      "label": "fabric01",
      "points": [
        [
          186.58730158730157,
          233.33333333333331
        ],
        [
          188.17460317460313,
          243.38624338624336
        ],
        [
          229.97354497354496,
          285.7142857142857
        ],
        [
          253.25396825396825,
          270.8994708994709
        ],
        [
          270.18518518518516,
          265.07936507936506
        ],
        [
          268.06878306878303,
          254.49735449735448
        ],
        [
          230.50264550264546,
          213.2275132275132
        ],
        [
          218.33333333333331,
          215.87301587301585
        ]
      ],
      "group_id": null,
      "shape_type": "polygon",
      "flags": {}
    },
    {
      "label": "fabric02",
      "points": [
        [
          372.8306878306878,
          3.1746031746031744
        ],
        [
          358.015873015873,
          157.14285714285714
        ],
        [
          368.59788359788354,
          160.84656084656083
        ],
        [
          377.59259259259255,
          169.3121693121693
        ],
        [
          394.5238095238095,
          177.24867724867724
        ],
        [
          415.6878306878307,
          178.83597883597884
        ],
        [
          424.68253968253964,
          178.83597883597884
        ],
        [
          428.9153439153439,
          2.645502645502645
        ]
      ],
      "group_id": null,
      "shape_type": "polygon",
      "flags": {}
    },
    {
      "label": "fabric03",
      "points": [
        [
          95.05291005291005,
          326.4550264550264
        ],
        [
          111.45502645502643,
          327.5132275132275
        ],
        [
          138.96825396825395,
          370.8994708994709
        ],
        [
          215.68783068783068,
          449.7354497354497
        ],
        [
          215.68783068783068,
          463.49206349206344
        ],
        [
          243.20105820105817,
          481.48148148148147
        ],
        [
          256.4285714285714,
          510.5820105820105
        ],
        [
          303.0,
          511.0
        ],
        [
          377.06349206349205,
          509.5238095238095
        ],
        [
          398.7566137566138,
          503.17460317460313
        ],
        [
          456.42857142857144,
          451.85185185185185
        ],
        [
          472.8306878306878,
          449.7354497354497
        ],
        [
          496.64021164021165,
          441.26984126984127
        ],
        [
          510.92592592592587,
          430.6878306878307
        ],
        [
          510.92592592592587,
          336.5079365079365
        ],
        [
          498.75661375661366,
          324.86772486772486
        ],
        [
          481.2962962962963,
          310.05291005291
        ],
        [
          323.6243386243386,
          255.026455026455
        ],
        [
          280.76719576719574,
          215.87301587301585
        ],
        [
          259.0740740740741,
          212.16931216931215
        ],
        [
          237.38095238095235,
          219.57671957671957
        ],
        [
          270.18518518518516,
          255.026455026455
        ],
        [
          270.71428571428567,
          265.07936507936506
        ],
        [
          252.7248677248677,
          271.4285714285714
        ],
        [
          229.97354497354496,
          287.8306878306878
        ],
        [
          187.64550264550263,
          243.9153439153439
        ],
        [
          186.58730158730157,
          233.33333333333331
        ],
        [
          134.73544973544972,
          243.38624338624336
        ],
        [
          108.8095238095238,
          247.6190476190476
        ],
        [
          100.34391534391534,
          266.66666666666663
        ],
        [
          96.64021164021162,
          285.18518518518516
        ],
        [
          92.40740740740739,
          295.76719576719574
        ]
      ],
      "group_id": null,
      "shape_type": "polygon",
      "flags": {}
    },
    {
      "label": "glass01",
      "points": [
        [
          443.7301587301587,
          1.0582010582010581
        ],
        [
          436.3227513227513,
          156.6137566137566
        ],
        [
          471.2433862433862,
          164.021164021164
        ],
        [
          479.7089947089946,
          0.5291005291005291
        ]
      ],
      "group_id": null,
      "shape_type": "polygon",
      "flags": {}
    },
    {
      "label": "wood01",
      "points": [
        [
          287.64550264550263,
          223.8095238095238
        ],
        [
          324.15343915343914,
          253.43915343915342
        ],
        [
          372.3015873015873,
          271.4285714285714
        ],
        [
          371.77248677248673,
          224.33862433862433
        ],
        [
          360.66137566137564,
          213.2275132275132
        ],
        [
          337.91005291005285,
          207.93650793650792
        ],
        [
          336.3227513227513,
          215.87301587301585
        ],
        [
          319.9206349206349,
          215.87301587301585
        ],
        [
          315.6878306878307,
          209.52380952380952
        ],
        [
          300.87301587301585,
          210.05291005291005
        ],
        [
          292.4074074074074,
          214.28571428571428
        ]
      ],
      "group_id": null,
      "shape_type": "polygon",
      "flags": {}
    },
    {
      "label": "wood02",
      "points": [
        [
          79.70899470899471,
          179.36507936507937
        ],
        [
          86.05820105820104,
          287.3015873015873
        ],
        [
          92.93650793650792,
          294.1798941798942
        ],
        [
          107.2222222222222,
          246.03174603174602
        ],
        [
          186.05820105820106,
          232.27513227513225
        ],
        [
          219.92063492063488,
          214.8148148148148
        ],
        [
          232.0899470899471,
          214.28571428571428
        ],
        [
          236.85185185185185,
          218.5185185185185
        ],
        [
          260.66137566137564,
          212.16931216931215
        ],
        [
          270.71428571428567,
          212.69841269841268
        ],
        [
          270.18518518518516,
          156.08465608465607
        ],
        [
          216.74603174603175,
          128.57142857142856
        ],
        [
          189.2328042328042,
          119.57671957671957
        ],
        [
          164.8941798941799,
          124.86772486772486
        ],
        [
          134.2063492063492,
          139.68253968253967
        ]
      ],
      "group_id": null,
      "shape_type": "polygon",
      "flags": {}
    },
    {
      "label": "wood03",
      "points": [
        [
          4.047619047619037,
          286.77248677248673
        ],
        [
          17.27513227513228,
          292.59259259259255
        ],
        [
          28.915343915343897,
          289.4179894179894
        ],
        [
          47.43386243386243,
          285.7142857142857
        ],
        [
          54.31216931216929,
          270.8994708994709
        ],
        [
          68.06878306878306,
          270.3703703703704
        ],
        [
          86.58730158730157,
          287.8306878306878
        ],
        [
          98.75661375661375,
          388.35978835978835
        ],
        [
          93.99470899470899,
          398.94179894179894
        ],
        [
          13.571428571428555,
          432.80423280423275
        ],
        [
          1.9312169312169232,
          417.989417989418
        ]
      ],
      "group_id": null,
      "shape_type": "polygon",
      "flags": {}
    },
    {
      "label": "plastic01",
      "points": [
        [
          8.280423280423278,
          256.08465608465605
        ],
        [
          16.216931216931215,
          260.8465608465608
        ],
        [
          36.322751322751316,
          260.8465608465608
        ],
        [
          57.48677248677248,
          255.026455026455
        ],
        [
          66.48148148148147,
          246.03174603174602
        ],
        [
          43.2010582010582,
          215.87301587301585
        ],
        [
          33.677248677248656,
          213.75661375661375
        ],
        [
          21.507936507936506,
          214.28571428571428
        ],
        [
          20.978835978835974,
          220.63492063492063
        ]
      ],
      "group_id": null,
      "shape_type": "polygon",
      "flags": {}
    },
    {
      "label": "plastic02",
      "points": [
        [
          308.28042328042324,
          194.7089947089947
        ],
        [
          328.38624338624334,
          197.88359788359787
        ],
        [
          347.96296296296293,
          193.1216931216931
        ],
        [
          335.2645502645502,
          166.13756613756613
        ],
        [
          319.9206349206349,
          165.07936507936506
        ]
      ],
      "group_id": null,
      "shape_type": "polygon",
      "flags": {}
    }
  ],
  "imagePath": "c1009b3.jpg",
  "imageData": "",
  "imageHeight": 512,
  "imageWidth": 512
}
