{
  "version": "3.20.1",
  "flags": {},
  "shapes": [
    {
      "label": "fabric01",
      "line_color": null,
      "fill_color": null,
      "points": [
        [
          72.67391304347825,
          0.5434782608695652
        ],
        [
          76.47826086956522,
          197.28260869565216
        ],
        [
          85.71739130434781,
          188.04347826086956
        ],
        [
          115.06521739130432,
          189.67391304347825
        ],
        [
          130.82608695652175,
          186.41304347826087
        ],
        [
          130.82608695652175,
          144.56521739130434
        ],
        [
          156.91304347826087,
          140.76086956521738
        ],
        [
          161.80434782608694,
          141.30434782608694
        ],
        [
          164.52173913043475,
          95.1086956521739
        ],
        [
          168.8695652173913,
          120.1086956521739
        ],
        [
          183.0,
          119.56521739130434
        ],
        [
          192.7826086956522,
          114.13043478260869
        ],
        [
          172.67391304347825,
          75.54347826086956
        ],
        [
          181.3695652173913,
          79.34782608695652
        ],
        [
          200.93478260869563,
          120.1086956521739
        ],
        [
          211.80434782608694,
          119.02173913043478
        ],
        [
          212.89130434782606,
          96.73913043478261
        ],
        [
          217.23913043478257,
          88.04347826086956
        ],
        [
          228.65217391304344,
          102.17391304347825
        ],
        [
          242.23913043478257,
          119.02173913043478
        ],
        [
          276.4782608695652,
          120.1086956521739
        ],
        [
          266.695652173913,
          130.97826086956522
        ],
        [
          253.65217391304344,
          152.7173913043478
        ],
        [
          258.0,
          169.56521739130434
        ],
        [
          259.6304347826087,
          185.32608695652172
        ],
        [
          253.65217391304344,
          178.80434782608694
        ],
        [
          249.30434782608694,
          188.58695652173913
        ],
        [
          249.30434782608694,
          199.45652173913044
        ],
        [
          267.78260869565213,
          198.91304347826087
        ],
        [
          285.7173913043478,
          196.7391304347826
        ],
        [
          309.6304347826087,
          196.7391304347826
        ],
        [
          325.9347826086956,
          199.45652173913044
        ],
        [
          363.97826086956525,
          197.82608695652172
        ],
        [
          358.5434782608695,
          2.717391304347826
        ]
      ],
      "shape_type": "polygon",
      "flags": {}
    },
    {
      "label": "fabric02",
      "line_color": null,
      "fill_color": null,
      "points": [
        [
          471.5869565217391,
          1.6304347826086956
        ],
        [
          475.391304347826,
          194.02173913043478
        ],
        [
          510.71739130434776,
          196.19565217391303
        ],
        [
          509.63043478260863,
          1.6304347826086956
        ]
      ],
      "shape_type": "polygon",
      "flags": {}
    },
    {
      "label": "plastic01",
      "line_color": null,
      "fill_color": null,
      "points": [
        [
          433.0,
          117.39130434782608
        ],
        [
          459.0869565217391,
          116.30434782608695
        ],
        [
          472.13043478260863,
          155.43478260869566
        ],
        [
          421.0434782608695,
          156.52173913043478
        ]
      ],
      "shape_type": "polygon",
      "flags": {}
    },
    {
      "label": "glass01",
      "line_color": null,
      "fill_color": null,
      "points": [
        [
          377.02173913043475,
          267.39130434782606
        ],
        [
          369.9565217391304,
          267.9347826086956
        ],
        [
          368.86956521739125,
          275.54347826086956
        ],
        [
          368.86956521739125,
          278.80434782608694
        ],
        [
          411.8043478260869,
          292.39130434782606
        ],
        [
          480.82608695652175,
          282.0652173913043
        ],
        [
          467.2391304347826,
          274.45652173913044
        ],
        [
          464.52173913043475,
          280.9782608695652
        ],
        [
          455.28260869565213,
          281.52173913043475
        ],
        [
          446.0434782608695,
          273.3695652173913
        ],
        [
          441.695652173913,
          276.6304347826087
        ],
        [
          437.3478260869565,
          280.9782608695652
        ],
        [
          409.0869565217391,
          280.4347826086956
        ],
        [
          392.78260869565213,
          278.2608695652174
        ],
        [
          379.7391304347826,
          274.45652173913044
        ]
      ],
      "shape_type": "polygon",
      "flags": {}
    },
    {
      "label": "fabric03",
      "line_color": null,
      "fill_color": null,
      "points": [
        [
          6.369565217391283,
          269.02173913043475
        ],
        [
          12.347826086956502,
          287.5
        ],
        [
          16.15217391304347,
          322.2826086956522
        ],
        [
          17.782608695652158,
          329.89130434782606
        ],
        [
          27.565217391304344,
          336.95652173913044
        ],
        [
          38.434782608695656,
          338.5869565217391
        ],
        [
          84.08695652173913,
          329.3478260869565
        ],
        [
          93.86956521739131,
          328.80434782608694
        ],
        [
          93.32608695652175,
          345.65217391304344
        ],
        [
          92.78260869565219,
          365.2173913043478
        ],
        [
          94.41304347826087,
          375.54347826086956
        ],
        [
          97.67391304347825,
          423.3695652173913
        ],
        [
          92.78260869565219,
          428.80434782608694
        ],
        [
          92.78260869565219,
          498.36956521739125
        ],
        [
          96.04347826086956,
          508.695652173913
        ],
        [
          219.95652173913044,
          510.3260869565217
        ],
        [
          224.30434782608694,
          496.195652173913
        ],
        [
          229.195652173913,
          491.30434782608694
        ],
        [
          249.8478260869565,
          493.4782608695652
        ],
        [
          263.9782608695652,
          485.3260869565217
        ],
        [
          267.23913043478257,
          485.86956521739125
        ],
        [
          276.4782608695652,
          442.39130434782606
        ],
        [
          283.0,
          419.02173913043475
        ],
        [
          288.4347826086956,
          409.23913043478257
        ],
        [
          244.95652173913044,
          404.3478260869565
        ],
        [
          241.15217391304344,
          480.9782608695652
        ],
        [
          234.6304347826087,
          477.17391304347825
        ],
        [
          234.08695652173913,
          315.2173913043478
        ],
        [
          280.8260869565217,
          315.2173913043478
        ],
        [
          276.4782608695652,
          267.39130434782606
        ],
        [
          273.2173913043478,
          256.52173913043475
        ],
        [
          247.67391304347825,
          246.19565217391303
        ],
        [
          248.76086956521738,
          265.7608695652174
        ],
        [
          211.26086956521738,
          265.7608695652174
        ],
        [
          209.6304347826087,
          244.02173913043478
        ],
        [
          205.28260869565213,
          244.02173913043478
        ],
        [
          197.1304347826087,
          260.8695652173913
        ],
        [
          191.15217391304344,
          259.7826086956522
        ],
        [
          189.52173913043475,
          248.91304347826085
        ],
        [
          184.6304347826087,
          253.26086956521738
        ],
        [
          180.82608695652175,
          247.82608695652172
        ],
        [
          154.73913043478257,
          248.91304347826085
        ],
        [
          155.2826086956522,
          255.43478260869563
        ],
        [
          165.06521739130432,
          255.97826086956522
        ],
        [
          177.02173913043475,
          266.8478260869565
        ],
        [
          176.4782608695652,
          278.80434782608694
        ],
        [
          75.93478260869563,
          284.2391304347826
        ],
        [
          72.67391304347825,
          265.7608695652174
        ],
        [
          75.39130434782606,
          258.695652173913
        ],
        [
          79.7391304347826,
          257.0652173913043
        ],
        [
          80.28260869565216,
          245.1086956521739
        ],
        [
          61.80434782608694,
          247.28260869565216
        ],
        [
          59.63043478260869,
          257.0652173913043
        ],
        [
          61.80434782608694,
          264.67391304347825
        ],
        [
          15.608695652173907,
          270.1086956521739
        ]
      ],
      "shape_type": "polygon",
      "flags": {}
    },
    {
      "label": "wood01",
      "line_color": null,
      "fill_color": null,
      "points": [
        [
          475.391304347826,
          336.95652173913044
        ],
        [
          475.9347826086956,
          357.0652173913043
        ],
        [
          472.13043478260863,
          361.4130434782609
        ],
        [
          471.5869565217391,
          371.73913043478257
        ],
        [
          471.5869565217391,
          392.9347826086956
        ],
        [
          475.391304347826,
          409.78260869565213
        ],
        [
          483.0,
          409.78260869565213
        ],
        [
          481.36956521739125,
          389.1304347826087
        ],
        [
          482.4565217391304,
          376.0869565217391
        ],
        [
          491.1521739130435,
          361.95652173913044
        ],
        [
          511,
          367
        ],
        [
          510.71739130434776,
          350.54347826086956
        ]
      ],
      "shape_type": "polygon",
      "flags": {}
    },
    {
      "label": "fabric04",
      "line_color": null,
      "fill_color": null,
      "points": [
        [
          259.0869565217391,
          202.7173913043478
        ],
        [
          255.28260869565213,
          221.7391304347826
        ],
        [
          255.28260869565213,
          247.82608695652172
        ],
        [
          272.1304347826087,
          257.0652173913043
        ],
        [
          276.4782608695652,
          268.4782608695652
        ],
        [
          286.2608695652174,
          269.02173913043475
        ],
        [
          288.4347826086956,
          295.65217391304344
        ],
        [
          317.23913043478257,
          296.195652173913
        ],
        [
          321.04347826086956,
          271.7391304347826
        ],
        [
          329.73913043478257,
          253.26086956521738
        ],
        [
          334.0869565217391,
          241.30434782608694
        ],
        [
          333.0,
          213.04347826086956
        ],
        [
          331.36956521739125,
          197.28260869565216
        ],
        [
          286.2608695652174,
          197.28260869565216
        ]
      ],
      "shape_type": "polygon",
      "flags": {}
    }
  ],
  "lineColor": [
    0,
    255,
    0,
    128
  ],
  "fillColor": [
    255,
    0,
    0,
    128
  ],
  "imagePath": "..\\pic\\230.jpg",
  "imageData": "",
  "imageHeight": 512,
  "imageWidth": 512
}
