{
  "version": "3.20.1",
  "flags": {},
  "shapes": [
    {
      "label": "fabric01",
      "line_color": null,
      "fill_color": null,
      "points": [
        [
          1.4782608695652186,
          1.0869565217391304
        ],
        [
          1.4782608695652186,
          299.45652173913044
        ],
        [
          5.282608695652158,
          296.7391304347826
        ],
        [
          5.282608695652158,
          272.82608695652175
        ],
        [
          18.32608695652172,
          263.04347826086956
        ],
        [
          31.369565217391283,
          263.04347826086956
        ],
        [
          29.195652173913032,
          157.6086956521739
        ],
        [
          31.913043478260875,
          1.6304347826086956
        ]
      ],
      "shape_type": "polygon",
      "flags": {}
    },
    {
      "label": "fabric02",
      "line_color": null,
      "fill_color": null,
      "points": [
        [
          125.39130434782606,
          0.0
        ],
        [
          128.65217391304344,
          214.67391304347825
        ],
        [
          134.08695652173913,
          214.67391304347825
        ],
        [
          135.7173913043478,
          197.82608695652172
        ],
        [
          140.06521739130432,
          184.2391304347826
        ],
        [
          143.32608695652175,
          183.15217391304347
        ],
        [
          146.58695652173913,
          173.91304347826087
        ],
        [
          163.43478260869563,
          177.17391304347825
        ],
        [
          161.80434782608694,
          182.06521739130434
        ],
        [
          164.52173913043475,
          190.2173913043478
        ],
        [
          165.06521739130432,
          217.39130434782606
        ],
        [
          185.17391304347825,
          219.56521739130434
        ],
        [
          190.06521739130432,
          227.17391304347825
        ],
        [
          204.73913043478257,
          226.6304347826087
        ],
        [
          198.2173913043478,
          68.47826086956522
        ],
        [
          186.80434782608694,
          55.97826086956521
        ],
        [
          179.73913043478257,
          50.0
        ],
        [
          186.80434782608694,
          46.73913043478261
        ],
        [
          188.43478260869563,
          17.934782608695652
        ],
        [
          175.93478260869563,
          17.934782608695652
        ],
        [
          187.3478260869565,
          1.6304347826086956
        ]
      ],
      "shape_type": "polygon",
      "flags": {}
    },
    {
      "label": "fabric03",
      "line_color": null,
      "fill_color": null,
      "points": [
        [
          404.7391304347826,
          3.8043478260869565
        ],
        [
          409.0869565217391,
          19.565217391304348
        ],
        [
          404.7391304347826,
          32.608695652173914
        ],
        [
          405.28260869565213,
          50.0
        ],
        [
          403.6521739130435,
          71.73913043478261
        ],
        [
          385.71739130434776,
          85.8695652173913
        ],
        [
          375.9347826086956,
          103.26086956521739
        ],
        [
          373.7608695652174,
          216.30434782608694
        ],
        [
          392.78260869565213,
          215.2173913043478
        ],
        [
          415.0652173913044,
          215.76086956521738
        ],
        [
          420.5,
          214.1304347826087
        ],
        [
          420.5,
          192.39130434782606
        ],
        [
          429.195652173913,
          182.06521739130434
        ],
        [
          425.391304347826,
          168.47826086956522
        ],
        [
          447.13043478260863,
          169.02173913043478
        ],
        [
          445.5,
          1.6304347826086956
        ]
      ],
      "shape_type": "polygon",
      "flags": {}
    },
    {
      "label": "wood01",
      "line_color": null,
      "fill_color": null,
      "points": [
        [
          167.7826086956522,
          254.89130434782606
        ],
        [
          169.95652173913044,
          317.39130434782606
        ],
        [
          183.54347826086956,
          378.2608695652174
        ],
        [
          196.58695652173913,
          422.82608695652175
        ],
        [
          198.76086956521738,
          509.23913043478257
        ],
        [
          272.67391304347825,
          509.23913043478257
        ],
        [
          271.04347826086956,
          497.8260869565217
        ],
        [
          317.23913043478257,
          485.3260869565217
        ],
        [
          342.23913043478257,
          492.39130434782606
        ],
        [
          342.78260869565213,
          509.78260869565213
        ],
        [
          356.9130434782609,
          509.23913043478257
        ],
        [
          360.71739130434776,
          407.6086956521739
        ],
        [
          370.5,
          390.2173913043478
        ],
        [
          370.5,
          369.5652173913043
        ],
        [
          361.8043478260869,
          357.0652173913043
        ],
        [
          344.4130434782609,
          354.89130434782606
        ],
        [
          303.65217391304344,
          376.0869565217391
        ],
        [
          293.8695652173913,
          373.9130434782609
        ],
        [
          271.04347826086956,
          359.23913043478257
        ],
        [
          273.2173913043478,
          263.5869565217391
        ],
        [
          265.6086956521739,
          261.4130434782609
        ],
        [
          262.89130434782606,
          267.39130434782606
        ],
        [
          233.54347826086956,
          258.695652173913
        ],
        [
          211.80434782608694,
          251.08695652173913
        ],
        [
          187.3478260869565,
          252.17391304347825
        ],
        [
          178.10869565217388,
          255.97826086956522
        ]
      ],
      "shape_type": "polygon",
      "flags": {}
    },
    {
      "label": "wood02",
      "line_color": null,
      "fill_color": null,
      "points": [
        [
          274.8478260869565,
          296.7391304347826
        ],
        [
          273.2173913043478,
          324.45652173913044
        ],
        [
          421.5869565217391,
          324.45652173913044
        ],
        [
          424.3043478260869,
          303.2608695652174
        ],
        [
          416.1521739130435,
          294.02173913043475
        ],
        [
          424.8478260869565,
          278.2608695652174
        ],
        [
          415.6086956521739,
          275.54347826086956
        ],
        [
          355.82608695652175,
          276.6304347826087
        ],
        [
          341.695652173913,
          277.7173913043478
        ],
        [
          340.0652173913043,
          294.5652173913043
        ],
        [
          313.9782608695652,
          294.5652173913043
        ]
      ],
      "shape_type": "polygon",
      "flags": {}
    },
    {
      "label": "glass01",
      "line_color": null,
      "fill_color": null,
      "points": [
        [
          31.369565217391283,
          34.23913043478261
        ],
        [
          31.913043478260875,
          196.7391304347826
        ],
        [
          126.47826086956519,
          197.82608695652172
        ],
        [
          127.02173913043475,
          33.69565217391304
        ]
      ],
      "shape_type": "polygon",
      "flags": {}
    },
    {
      "label": "glass02",
      "line_color": null,
      "fill_color": null,
      "points": [
        [
          446.5869565217391,
          31.52173913043478
        ],
        [
          449.3043478260869,
          169.56521739130434
        ],
        [
          510.17391304347825,
          168.47826086956522
        ],
        [
          510.17391304347825,
          32.608695652173914
        ]
      ],
      "shape_type": "polygon",
      "flags": {}
    },
    {
      "label": "fabric01",
      "line_color": null,
      "fill_color": null,
      "points": [
        [
          72.13043478260869,
          260.8695652173913
        ],
        [
          60.717391304347814,
          260.8695652173913
        ],
        [
          46.04347826086956,
          261.4130434782609
        ],
        [
          33.0,
          265.7608695652174
        ],
        [
          19.956521739130437,
          263.04347826086956
        ],
        [
          5.826086956521721,
          271.7391304347826
        ],
        [
          4.195652173913032,
          296.195652173913
        ],
        [
          6.9130434782608745,
          329.3478260869565
        ],
        [
          8.543478260869563,
          364.1304347826087
        ],
        [
          12.891304347826093,
          395.65217391304344
        ],
        [
          13.978260869565219,
          427.7173913043478
        ],
        [
          15.065217391304344,
          441.30434782608694
        ],
        [
          5.282608695652158,
          458.15217391304344
        ],
        [
          2.565217391304344,
          467.9347826086956
        ],
        [
          2.0217391304347814,
          508.695652173913
        ],
        [
          118,
          511
        ],
        [
          159.6304347826087,
          508.695652173913
        ],
        [
          185.17391304347825,
          497.28260869565213
        ],
        [
          192.23913043478257,
          486.95652173913044
        ],
        [
          186.26086956521738,
          449.45652173913044
        ],
        [
          191.15217391304344,
          413.5869565217391
        ],
        [
          187.89130434782606,
          384.23913043478257
        ],
        [
          166.695652173913,
          373.3695652173913
        ],
        [
          142.7826086956522,
          370.65217391304344
        ],
        [
          136.26086956521738,
          361.4130434782609
        ],
        [
          137.3478260869565,
          331.52173913043475
        ],
        [
          133.54347826086956,
          323.3695652173913
        ],
        [
          131.91304347826087,
          285.8695652173913
        ],
        [
          124.8478260869565,
          271.195652173913
        ],
        [
          107.45652173913044,
          267.9347826086956
        ]
      ],
      "shape_type": "polygon",
      "flags": {}
    },
    {
      "label": "fabric02",
      "line_color": null,
      "fill_color": null,
      "points": [
        [
          509.0869565217391,
          260.32608695652175
        ],
        [
          491.1521739130435,
          256.52173913043475
        ],
        [
          459.0869565217391,
          264.1304347826087
        ],
        [
          434.63043478260863,
          267.39130434782606
        ],
        [
          429.195652173913,
          269.5652173913043
        ],
        [
          428.1086956521739,
          281.52173913043475
        ],
        [
          427.5652173913044,
          310.32608695652175
        ],
        [
          423.21739130434776,
          368.4782608695652
        ],
        [
          403.1086956521739,
          370.65217391304344
        ],
        [
          390.6086956521739,
          372.82608695652175
        ],
        [
          388.97826086956525,
          403.2608695652174
        ],
        [
          381.9130434782609,
          424.45652173913044
        ],
        [
          376.47826086956525,
          446.73913043478257
        ],
        [
          372.67391304347825,
          468.4782608695652
        ],
        [
          373.7608695652174,
          479.3478260869565
        ],
        [
          378.6521739130435,
          476.0869565217391
        ],
        [
          389.52173913043475,
          479.89130434782606
        ],
        [
          396.0434782608695,
          489.67391304347825
        ],
        [
          403.1086956521739,
          490.2173913043478
        ],
        [
          399.8478260869565,
          508.695652173913
        ],
        [
          511,
          509
        ]
      ],
      "shape_type": "polygon",
      "flags": {}
    }
  ],
  "lineColor": [
    0,
    255,
    0,
    128
  ],
  "fillColor": [
    255,
    0,
    0,
    128
  ],
  "imagePath": "..\\pic\\166.jpg",
  "imageData": "",
  "imageHeight": 512,
  "imageWidth": 512
}
