{
  "version": "3.20.1",
  "flags": {},
  "shapes": [
    {
      "label": "glass01",
      "line_color": null,
      "fill_color": null,
      "points": [
        [
          147.93478260869563,
          337.5
        ],
        [
          120.21739130434781,
          338.04347826086956
        ],
        [
          74.02173913043475,
          365.2173913043478
        ],
        [
          416.4130434782609,
          363.5869565217391
        ],
        [
          374.02173913043475,
          335.32608695652175
        ]
      ],
      "shape_type": "polygon",
      "flags": {}
    },
    {
      "label": "glass02",
      "line_color": null,
      "fill_color": null,
      "points": [
        [
          3.3695652173912833,
          311.95652173913044
        ],
        [
          49.565217391304344,
          302.7173913043478
        ],
        [
          164.23913043478257,
          298.9130434782609
        ],
        [
          164.23913043478257,
          312.5
        ],
        [
          163.695652173913,
          330.4347826086956
        ],
        [
          150.10869565217388,
          331.52173913043475
        ],
        [
          150.10869565217388,
          335.8695652173913
        ],
        [
          121.8478260869565,
          335.32608695652175
        ],
        [
          91.41304347826087,
          351.6304347826087
        ],
        [
          70.21739130434781,
          353.2608695652174
        ],
        [
          64.23913043478262,
          338.5869565217391
        ],
        [
          28.913043478260846,
          348.3695652173913
        ],
        [
          28.913043478260846,
          356.52173913043475
        ],
        [
          32.717391304347814,
          358.695652173913
        ],
        [
          39.78260869565216,
          381.52173913043475
        ],
        [
          0,
          406
        ],
        [
          0,
          312
        ]
      ],
      "shape_type": "polygon",
      "flags": {}
    },
    {
      "label": "glass03",
      "line_color": null,
      "fill_color": null,
      "points": [
        [
          172.93478260869563,
          302.7173913043478
        ],
        [
          206.08695652173913,
          301.6304347826087
        ],
        [
          208.80434782608694,
          327.17391304347825
        ],
        [
          172.93478260869563,
          326.0869565217391
        ]
      ],
      "shape_type": "polygon",
      "flags": {}
    },
    {
      "label": "glass04",
      "line_color": null,
      "fill_color": null,
      "points": [
        [
          323.47826086956525,
          302.17391304347825
        ],
        [
          415.86956521739125,
          300.0
        ],
        [
          416.9565217391304,
          335.8695652173913
        ],
        [
          415.32608695652175,
          352.17391304347825
        ],
        [
          403.9130434782609,
          351.0869565217391
        ],
        [
          377.82608695652175,
          330.4347826086956
        ],
        [
          338.1521739130435,
          332.0652173913043
        ],
        [
          320.7608695652174,
          327.17391304347825
        ]
      ],
      "shape_type": "polygon",
      "flags": {}
    },
    {
      "label": "glass05",
      "line_color": null,
      "fill_color": null,
      "points": [
        [
          275.65217391304344,
          303.2608695652174
        ],
        [
          276.195652173913,
          333.15217391304344
        ],
        [
          282.7173913043478,
          330.4347826086956
        ],
        [
          313.695652173913,
          329.3478260869565
        ],
        [
          313.695652173913,
          299.45652173913044
        ]
      ],
      "shape_type": "polygon",
      "flags": {}
    },
    {
      "label": "glass06",
      "line_color": null,
      "fill_color": null,
      "points": [
        [
          196.8478260869565,
          201.08695652173913
        ],
        [
          197.93478260869563,
          259.7826086956522
        ],
        [
          213.15217391304344,
          263.5869565217391
        ],
        [
          215.32608695652175,
          289.67391304347825
        ],
        [
          268.04347826086956,
          290.2173913043478
        ],
        [
          283.2608695652174,
          293.4782608695652
        ],
        [
          283.80434782608694,
          196.19565217391303
        ],
        [
          275.1086956521739,
          189.1304347826087
        ],
        [
          264.78260869565213,
          189.1304347826087
        ],
        [
          264.78260869565213,
          203.80434782608694
        ],
        [
          249.56521739130432,
          202.7173913043478
        ],
        [
          248.4782608695652,
          190.2173913043478
        ],
        [
          238.15217391304344,
          188.04347826086956
        ],
        [
          238.695652173913,
          202.17391304347825
        ],
        [
          226.195652173913,
          204.3478260869565
        ],
        [
          224.56521739130432,
          189.67391304347825
        ],
        [
          207.7173913043478,
          186.95652173913044
        ],
        [
          208.80434782608694,
          191.8478260869565
        ],
        [
          201.73913043478257,
          192.39130434782606
        ],
        [
          198.4782608695652,
          186.95652173913044
        ],
        [
          189.23913043478257,
          188.58695652173913
        ],
        [
          189.23913043478257,
          193.47826086956522
        ],
        [
          198.4782608695652,
          195.65217391304347
        ]
      ],
      "shape_type": "polygon",
      "flags": {}
    },
    {
      "label": "glass07",
      "line_color": null,
      "fill_color": null,
      "points": [
        [
          107.17391304347825,
          192.93478260869566
        ],
        [
          174.56521739130432,
          191.30434782608694
        ],
        [
          174.56521739130432,
          195.1086956521739
        ],
        [
          166.95652173913044,
          197.82608695652172
        ],
        [
          168.04347826086956,
          263.04347826086956
        ],
        [
          157.17391304347825,
          267.39130434782606
        ],
        [
          158.80434782608694,
          284.2391304347826
        ],
        [
          154.45652173913044,
          288.5869565217391
        ],
        [
          111.52173913043475,
          291.8478260869565
        ],
        [
          110.97826086956519,
          198.91304347826087
        ],
        [
          106.08695652173913,
          198.36956521739128
        ]
      ],
      "shape_type": "polygon",
      "flags": {}
    },
    {
      "label": "glass08",
      "line_color": null,
      "fill_color": null,
      "points": [
        [
          303.36956521739125,
          186.95652173913044
        ],
        [
          303.36956521739125,
          193.47826086956522
        ],
        [
          310.4347826086956,
          193.47826086956522
        ],
        [
          310.4347826086956,
          233.15217391304347
        ],
        [
          340.32608695652175,
          233.15217391304347
        ],
        [
          339.78260869565213,
          189.67391304347825
        ]
      ],
      "shape_type": "polygon",
      "flags": {}
    },
    {
      "label": "metal01",
      "line_color": null,
      "fill_color": null,
      "points": [
        [
          1.1956521739130324,
          301.6304347826087
        ],
        [
          50.10869565217391,
          295.65217391304344
        ],
        [
          468.0434782608695,
          291.8478260869565
        ],
        [
          468.5869565217391,
          296.195652173913
        ],
        [
          320.7608695652174,
          299.45652173913044
        ],
        [
          320.7608695652174,
          321.195652173913
        ],
        [
          314.78260869565213,
          325.54347826086956
        ],
        [
          314.78260869565213,
          298.9130434782609
        ],
        [
          271.30434782608694,
          300.0
        ],
        [
          272.9347826086956,
          332.6086956521739
        ],
        [
          263.695652173913,
          332.6086956521739
        ],
        [
          263.695652173913,
          298.3695652173913
        ],
        [
          247.93478260869563,
          299.45652173913044
        ],
        [
          245.76086956521738,
          328.2608695652174
        ],
        [
          241.95652173913044,
          328.80434782608694
        ],
        [
          239.23913043478257,
          301.0869565217391
        ],
        [
          216.95652173913044,
          301.0869565217391
        ],
        [
          214.78260869565213,
          325.54347826086956
        ],
        [
          210.43478260869563,
          325.0
        ],
        [
          209.89130434782606,
          299.45652173913044
        ],
        [
          172.39130434782606,
          300.54347826086956
        ],
        [
          170.2173913043478,
          327.7173913043478
        ],
        [
          166.41304347826087,
          327.7173913043478
        ],
        [
          164.7826086956522,
          302.17391304347825
        ],
        [
          59.891304347826065,
          302.7173913043478
        ],
        [
          49.02173913043478,
          301.6304347826087
        ],
        [
          3.9130434782608745,
          311.4130434782609
        ]
      ],
      "shape_type": "polygon",
      "flags": {}
    }
  ],
  "lineColor": [
    0,
    255,
    0,
    128
  ],
  "fillColor": [
    255,
    0,
    0,
    128
  ],
  "imagePath": "..\\pic\\694.jpg",
  "imageData": "",
  "imageHeight": 512,
  "imageWidth": 512
}
