{
  "version": "3.20.1",
  "flags": {},
  "shapes": [
    {
      "label": "fabric01",
      "line_color": null,
      "fill_color": null,
      "points": [
        [
          418.695652173913,
          1.0869565217391304
        ],
        [
          417.0652173913044,
          170.65217391304347
        ],
        [
          444.2391304347826,
          173.36956521739128
        ],
        [
          461.0869565217391,
          157.6086956521739
        ],
        [
          485.0,
          157.6086956521739
        ],
        [
          486.63043478260863,
          123.3695652173913
        ],
        [
          484.4565217391304,
          122.28260869565217
        ],
        [
          489.891304347826,
          102.17391304347825
        ],
        [
          485.5434782608695,
          2.717391304347826
        ]
      ],
      "shape_type": "polygon",
      "flags": {}
    },
    {
      "label": "fabric02",
      "line_color": null,
      "fill_color": null,
      "points": [
        [
          486.0869565217391,
          156.52173913043478
        ],
        [
          508.9130434782609,
          182.06521739130434
        ],
        [
          510.0,
          193.47826086956522
        ],
        [
          509.4565217391304,
          206.52173913043478
        ],
        [
          495.86956521739125,
          211.95652173913044
        ],
        [
          480.6521739130435,
          211.95652173913044
        ],
        [
          472.5,
          207.06521739130434
        ],
        [
          464.3478260869565,
          209.2391304347826
        ],
        [
          464.891304347826,
          227.7173913043478
        ],
        [
          465.97826086956513,
          238.04347826086956
        ],
        [
          481.195652173913,
          239.1304347826087
        ],
        [
          481.195652173913,
          225.54347826086956
        ],
        [
          493.695652173913,
          218.47826086956522
        ],
        [
          502.9347826086956,
          213.04347826086956
        ],
        [
          511,
          212
        ],
        [
          511,
          355
        ],
        [
          482.28260869565213,
          355.4347826086956
        ],
        [
          471.9565217391304,
          352.7173913043478
        ],
        [
          448.5869565217391,
          351.0869565217391
        ],
        [
          433.9130434782609,
          351.0869565217391
        ],
        [
          411.0869565217391,
          357.6086956521739
        ],
        [
          399.13043478260863,
          357.6086956521739
        ],
        [
          346.4130434782609,
          359.23913043478257
        ],
        [
          336.6304347826087,
          362.5
        ],
        [
          326.30434782608694,
          433.15217391304344
        ],
        [
          328.4782608695652,
          463.04347826086956
        ],
        [
          331.73913043478257,
          475.0
        ],
        [
          298.04347826086956,
          475.54347826086956
        ],
        [
          264.89130434782606,
          476.0869565217391
        ],
        [
          237.17391304347825,
          472.8260869565217
        ],
        [
          226.8478260869565,
          475.54347826086956
        ],
        [
          206.73913043478257,
          480.9782608695652
        ],
        [
          192.06521739130432,
          488.04347826086956
        ],
        [
          164.3478260869565,
          497.8260869565217
        ],
        [
          147.5,
          501.0869565217391
        ],
        [
          134.45652173913044,
          491.8478260869565
        ],
        [
          136.6304347826087,
          483.695652173913
        ],
        [
          132.82608695652175,
          471.195652173913
        ],
        [
          123.04347826086956,
          464.1304347826087
        ],
        [
          138.26086956521738,
          404.89130434782606
        ],
        [
          150.76086956521738,
          357.0652173913043
        ],
        [
          161.08695652173913,
          334.23913043478257
        ],
        [
          195.8695652173913,
          292.39130434782606
        ],
        [
          194.23913043478257,
          286.95652173913044
        ],
        [
          202.39130434782606,
          272.82608695652175
        ],
        [
          201.8478260869565,
          263.04347826086956
        ],
        [
          213.80434782608694,
          223.91304347826085
        ],
        [
          235.0,
          191.30434782608694
        ],
        [
          245.8695652173913,
          180.97826086956522
        ],
        [
          270.3260869565217,
          177.17391304347825
        ],
        [
          416.52173913043475,
          169.56521739130434
        ],
        [
          443.1521739130435,
          172.28260869565216
        ],
        [
          462.71739130434776,
          158.69565217391303
        ]
      ],
      "shape_type": "polygon",
      "flags": {}
    },
    {
      "label": "wood01",
      "line_color": null,
      "fill_color": null,
      "points": [
        [
          486.0869565217391,
          156.52173913043478
        ],
        [
          488.2608695652174,
          123.3695652173913
        ],
        [
          502.9347826086956,
          131.52173913043478
        ],
        [
          503.47826086956513,
          149.45652173913044
        ],
        [
          511,
          148
        ],
        [
          510.0,
          181.52173913043478
        ]
      ],
      "shape_type": "polygon",
      "flags": {}
    },
    {
      "label": "wood02",
      "line_color": null,
      "fill_color": null,
      "points": [
        [
          464.891304347826,
          211.95652173913044
        ],
        [
          465.97826086956513,
          228.80434782608694
        ],
        [
          472.5,
          235.86956521739128
        ],
        [
          476.3043478260869,
          235.86956521739128
        ],
        [
          477.391304347826,
          223.36956521739128
        ],
        [
          487.71739130434776,
          219.56521739130434
        ],
        [
          480.1086956521739,
          215.76086956521738
        ],
        [
          476.3043478260869,
          212.5
        ]
      ],
      "shape_type": "polygon",
      "flags": {}
    },
    {
      "label": "wood03",
      "line_color": null,
      "fill_color": null,
      "points": [
        [
          1.3043478260869392,
          181.52173913043478
        ],
        [
          40.434782608695656,
          167.3913043478261
        ],
        [
          83.91304347826085,
          167.93478260869566
        ],
        [
          83.91304347826085,
          160.32608695652172
        ],
        [
          99.13043478260869,
          150.54347826086956
        ],
        [
          120.86956521739131,
          148.3695652173913
        ],
        [
          124.67391304347825,
          165.76086956521738
        ],
        [
          173.58695652173913,
          168.47826086956522
        ],
        [
          176.30434782608694,
          174.45652173913044
        ],
        [
          176.8478260869565,
          236.95652173913044
        ],
        [
          169.7826086956522,
          240.2173913043478
        ],
        [
          169.23913043478257,
          210.86956521739128
        ],
        [
          164.89130434782606,
          213.04347826086956
        ],
        [
          165.43478260869563,
          244.56521739130434
        ],
        [
          159.45652173913044,
          245.1086956521739
        ],
        [
          157.82608695652175,
          217.93478260869566
        ],
        [
          147.5,
          223.36956521739128
        ],
        [
          146.41304347826087,
          260.8695652173913
        ],
        [
          106.195652173913,
          297.2826086956522
        ],
        [
          93.695652173913,
          297.2826086956522
        ],
        [
          91.52173913043475,
          247.28260869565216
        ],
        [
          76.8478260869565,
          248.91304347826085
        ],
        [
          76.30434782608694,
          300.0
        ],
        [
          71.41304347826085,
          305.9782608695652
        ],
        [
          69.78260869565216,
          300.54347826086956
        ],
        [
          58.913043478260846,
          302.17391304347825
        ],
        [
          53.47826086956522,
          328.80434782608694
        ],
        [
          0,
          335
        ]
      ],
      "shape_type": "polygon",
      "flags": {}
    },
    {
      "label": "plastic01",
      "line_color": null,
      "fill_color": null,
      "points": [
        [
          42.60869565217391,
          26.08695652173913
        ],
        [
          38.26086956521738,
          66.30434782608695
        ],
        [
          101.8478260869565,
          66.84782608695652
        ],
        [
          95.86956521739131,
          27.173913043478258
        ]
      ],
      "shape_type": "polygon",
      "flags": {}
    },
    {
      "label": "glass01",
      "line_color": null,
      "fill_color": null,
      "points": [
        [
          269.23913043478257,
          11.41304347826087
        ],
        [
          271.95652173913044,
          172.82608695652172
        ],
        [
          348.5869565217391,
          171.19565217391303
        ],
        [
          346.95652173913044,
          9.782608695652174
        ]
      ],
      "shape_type": "polygon",
      "flags": {}
    },
    {
      "label": "glass02",
      "line_color": null,
      "fill_color": null,
      "points": [
        [
          358.36956521739125,
          10.869565217391305
        ],
        [
          360.5434782608695,
          171.19565217391303
        ],
        [
          418.1521739130435,
          169.56521739130434
        ],
        [
          417.0652173913044,
          10.869565217391305
        ]
      ],
      "shape_type": "polygon",
      "flags": {}
    },
    {
      "label": "fabric03",
      "line_color": null,
      "fill_color": null,
      "points": [
        [
          4.565217391304344,
          336.4130434782609
        ],
        [
          57.82608695652172,
          329.89130434782606
        ],
        [
          60.0,
          303.2608695652174
        ],
        [
          77.93478260869563,
          301.6304347826087
        ],
        [
          78.47826086956522,
          251.6304347826087
        ],
        [
          89.3478260869565,
          251.6304347826087
        ],
        [
          92.06521739130432,
          298.9130434782609
        ],
        [
          106.73913043478262,
          298.3695652173913
        ],
        [
          148.04347826086956,
          259.7826086956522
        ],
        [
          149.1304347826087,
          233.69565217391303
        ],
        [
          155.65217391304344,
          233.15217391304347
        ],
        [
          158.91304347826087,
          247.82608695652172
        ],
        [
          169.7826086956522,
          244.56521739130434
        ],
        [
          180.65217391304344,
          230.43478260869566
        ],
        [
          212.17391304347825,
          230.43478260869566
        ],
        [
          198.58695652173913,
          260.32608695652175
        ],
        [
          200.2173913043478,
          270.1086956521739
        ],
        [
          193.15217391304344,
          284.2391304347826
        ],
        [
          192.60869565217388,
          296.195652173913
        ],
        [
          163.26086956521738,
          334.7826086956522
        ],
        [
          151.30434782608694,
          357.0652173913043
        ],
        [
          136.6304347826087,
          405.9782608695652
        ],
        [
          122.5,
          465.2173913043478
        ],
        [
          135.54347826086956,
          469.02173913043475
        ],
        [
          135.54347826086956,
          483.15217391304344
        ],
        [
          132.82608695652175,
          489.67391304347825
        ],
        [
          146.95652173913044,
          500.54347826086956
        ],
        [
          167.06521739130432,
          497.28260869565213
        ],
        [
          233.91304347826087,
          476.0869565217391
        ],
        [
          331.195652173913,
          479.3478260869565
        ],
        [
          361.0869565217391,
          484.23913043478257
        ],
        [
          361.0869565217391,
          508.695652173913
        ],
        [
          0,
          510
        ],
        [
          0,
          343
        ],
        [
          0,
          338
        ]
      ],
      "shape_type": "polygon",
      "flags": {}
    },
    {
      "label": "metal01",
      "line_color": null,
      "fill_color": null,
      "points": [
        [
          362.17391304347825,
          482.0652173913043
        ],
        [
          363.2608695652174,
          509.23913043478257
        ],
        [
          385.5434782608695,
          509.78260869565213
        ],
        [
          388.8043478260869,
          481.52173913043475
        ]
      ],
      "shape_type": "polygon",
      "flags": {}
    }
  ],
  "lineColor": [
    0,
    255,
    0,
    128
  ],
  "fillColor": [
    255,
    0,
    0,
    128
  ],
  "imagePath": "..\\pic\\669.jpg",
  "imageData": "",
  "imageHeight": 512,
  "imageWidth": 512
}
