{
  "version": "3.20.1",
  "flags": {},
  "shapes": [
    {
      "label": "fabric01",
      "line_color": null,
      "fill_color": null,
      "points": [
        [
          56.36956521739128,
          0.0
        ],
        [
          70.5,
          221.7391304347826
        ],
        [
          83.0,
          310.32608695652175
        ],
        [
          35.717391304347814,
          309.2391304347826
        ],
        [
          24.847826086956502,
          319.02173913043475
        ],
        [
          52.565217391304344,
          509.23913043478257
        ],
        [
          2.565217391304344,
          510.3260869565217
        ],
        [
          0.9347826086956559,
          2.717391304347826
        ]
      ],
      "shape_type": "polygon",
      "flags": {}
    },
    {
      "label": "fabric02",
      "line_color": null,
      "fill_color": null,
      "points": [
        [
          177.56521739130432,
          137.5
        ],
        [
          177.56521739130432,
          154.3478260869565
        ],
        [
          169.41304347826087,
          167.93478260869566
        ],
        [
          178.65217391304344,
          179.8913043478261
        ],
        [
          197.67391304347825,
          180.97826086956522
        ],
        [
          219.95652173913044,
          201.08695652173913
        ],
        [
          227.56521739130432,
          226.08695652173913
        ],
        [
          226.4782608695652,
          229.3478260869565
        ],
        [
          229.73913043478257,
          234.2391304347826
        ],
        [
          242.78260869565213,
          219.02173913043478
        ],
        [
          244.95652173913044,
          202.17391304347825
        ],
        [
          260.17391304347825,
          175.0
        ],
        [
          214.52173913043475,
          157.06521739130434
        ]
      ],
      "shape_type": "polygon",
      "flags": {}
    },
    {
      "label": "fabric03",
      "line_color": null,
      "fill_color": null,
      "points": [
        [
          169.95652173913044,
          170.65217391304347
        ],
        [
          161.26086956521738,
          173.91304347826087
        ],
        [
          160.17391304347825,
          184.2391304347826
        ],
        [
          157.45652173913044,
          191.30434782608694
        ],
        [
          157.45652173913044,
          201.08695652173913
        ],
        [
          142.23913043478262,
          206.52173913043478
        ],
        [
          129.73913043478262,
          219.02173913043478
        ],
        [
          123.76086956521738,
          234.78260869565216
        ],
        [
          120.5,
          252.7173913043478
        ],
        [
          119.41304347826087,
          257.0652173913043
        ],
        [
          121.58695652173913,
          270.1086956521739
        ],
        [
          137.3478260869565,
          264.67391304347825
        ],
        [
          158.54347826086956,
          274.45652173913044
        ],
        [
          184.08695652173913,
          267.9347826086956
        ],
        [
          184.6304347826087,
          260.8695652173913
        ],
        [
          231.3695652173913,
          251.6304347826087
        ],
        [
          226.4782608695652,
          229.3478260869565
        ],
        [
          219.95652173913044,
          207.06521739130434
        ],
        [
          199.8478260869565,
          185.86956521739128
        ],
        [
          177.56521739130432,
          180.97826086956522
        ]
      ],
      "shape_type": "polygon",
      "flags": {}
    },
    {
      "label": "fabric04",
      "line_color": null,
      "fill_color": null,
      "points": [
        [
          98.21739130434781,
          311.95652173913044
        ],
        [
          128.65217391304344,
          267.9347826086956
        ],
        [
          141.15217391304344,
          270.1086956521739
        ],
        [
          160.7173913043478,
          272.82608695652175
        ],
        [
          180.2826086956522,
          267.9347826086956
        ],
        [
          187.89130434782606,
          261.4130434782609
        ],
        [
          205.82608695652175,
          259.2391304347826
        ],
        [
          228.10869565217388,
          250.54347826086956
        ],
        [
          232.45652173913044,
          239.1304347826087
        ],
        [
          236.26086956521738,
          230.43478260869566
        ],
        [
          242.23913043478257,
          227.7173913043478
        ],
        [
          252.02173913043475,
          229.3478260869565
        ],
        [
          252.56521739130432,
          290.2173913043478
        ],
        [
          245.5,
          339.67391304347825
        ],
        [
          247.1304347826087,
          349.45652173913044
        ],
        [
          229.73913043478257,
          398.3695652173913
        ],
        [
          233.54347826086956,
          310.32608695652175
        ]
      ],
      "shape_type": "polygon",
      "flags": {}
    },
    {
      "label": "fabric05",
      "line_color": null,
      "fill_color": null,
      "points": [
        [
          391.1521739130435,
          208.15217391304347
        ],
        [
          379.195652173913,
          219.02173913043478
        ],
        [
          368.86956521739125,
          248.91304347826085
        ],
        [
          367.78260869565213,
          276.6304347826087
        ],
        [
          356.9130434782609,
          302.7173913043478
        ],
        [
          352.5652173913044,
          388.04347826086956
        ],
        [
          347.67391304347825,
          397.82608695652175
        ],
        [
          340.6086956521739,
          429.89130434782606
        ],
        [
          340.6086956521739,
          436.4130434782609
        ],
        [
          330.8260869565217,
          453.80434782608694
        ],
        [
          322.67391304347825,
          461.95652173913044
        ],
        [
          303.65217391304344,
          485.3260869565217
        ],
        [
          322.67391304347825,
          491.30434782608694
        ],
        [
          334.0869565217391,
          499.45652173913044
        ],
        [
          340.6086956521739,
          495.65217391304344
        ],
        [
          343.86956521739125,
          507.0652173913043
        ],
        [
          356.36956521739125,
          502.7173913043478
        ],
        [
          362.3478260869565,
          373.3695652173913
        ],
        [
          367.78260869565213,
          367.39130434782606
        ],
        [
          407.4565217391304,
          364.67391304347825
        ],
        [
          410.17391304347825,
          297.82608695652175
        ],
        [
          408.0,
          246.7391304347826
        ],
        [
          396.5869565217391,
          223.36956521739128
        ],
        [
          390.6086956521739,
          218.47826086956522
        ]
      ],
      "shape_type": "polygon",
      "flags": {}
    },
    {
      "label": "wood01",
      "line_color": null,
      "fill_color": null,
      "points": [
        [
          265.0652173913043,
          269.5652173913043
        ],
        [
          266.15217391304344,
          386.4130434782609
        ],
        [
          274.8478260869565,
          386.4130434782609
        ],
        [
          282.45652173913044,
          373.9130434782609
        ],
        [
          289.52173913043475,
          369.5652173913043
        ],
        [
          296.04347826086956,
          339.1304347826087
        ],
        [
          305.28260869565213,
          327.17391304347825
        ],
        [
          327.5652173913043,
          328.80434782608694
        ],
        [
          327.5652173913043,
          288.04347826086956
        ],
        [
          313.4347826086956,
          288.5869565217391
        ],
        [
          293.8695652173913,
          288.04347826086956
        ],
        [
          271.04347826086956,
          288.5869565217391
        ]
      ],
      "shape_type": "polygon",
      "flags": {}
    },
    {
      "label": "metal01",
      "line_color": null,
      "fill_color": null,
      "points": [
        [
          400.391304347826,
          509.23913043478257
        ],
        [
          404.7391304347826,
          488.04347826086956
        ],
        [
          397.13043478260863,
          478.80434782608694
        ],
        [
          377.5652173913044,
          417.39130434782606
        ],
        [
          365.0652173913044,
          384.78260869565213
        ],
        [
          366.695652173913,
          372.28260869565213
        ],
        [
          404.195652173913,
          368.4782608695652
        ],
        [
          462.891304347826,
          369.5652173913043
        ],
        [
          511,
          441
        ],
        [
          508.5434782608695,
          488.04347826086956
        ],
        [
          431.36956521739125,
          490.2173913043478
        ],
        [
          414.52173913043475,
          490.7608695652174
        ],
        [
          411.8043478260869,
          502.17391304347825
        ],
        [
          410.71739130434776,
          508.695652173913
        ]
      ],
      "shape_type": "polygon",
      "flags": {}
    },
    {
      "label": "metal02",
      "line_color": null,
      "fill_color": null,
      "points": [
        [
          46.586956521739125,
          413.5869565217391
        ],
        [
          51.47826086956522,
          428.2608695652174
        ],
        [
          209.6304347826087,
          435.3260869565217
        ],
        [
          224.30434782608694,
          432.0652173913043
        ],
        [
          231.91304347826087,
          404.89130434782606
        ],
        [
          222.1304347826087,
          421.195652173913
        ],
        [
          207.45652173913044,
          425.0
        ],
        [
          59.63043478260869,
          417.39130434782606
        ]
      ],
      "shape_type": "polygon",
      "flags": {}
    }
  ],
  "lineColor": [
    0,
    255,
    0,
    128
  ],
  "fillColor": [
    255,
    0,
    0,
    128
  ],
  "imagePath": "..\\pic\\333.jpg",
  "imageData": "",
  "imageHeight": 512,
  "imageWidth": 512
}
