{
  "version": "3.20.1",
  "flags": {},
  "shapes": [
    {
      "label": "glass01",
      "line_color": null,
      "fill_color": null,
      "points": [
        [
          2.934782608695656,
          90.21739130434783
        ],
        [
          71.41304347826085,
          94.56521739130434
        ],
        [
          82.82608695652172,
          23.369565217391305
        ],
        [
          0,
          21
        ],
        [
          0,
          86
        ]
      ],
      "shape_type": "polygon",
      "flags": {}
    },
    {
      "label": "fabric01",
      "line_color": null,
      "fill_color": null,
      "points": [
        [
          2.391304347826093,
          383.695652173913
        ],
        [
          75.76086956521738,
          349.45652173913044
        ],
        [
          117.06521739130432,
          349.45652173913044
        ],
        [
          176.8478260869565,
          334.7826086956522
        ],
        [
          217.60869565217388,
          331.52173913043475
        ],
        [
          288.2608695652174,
          323.9130434782609
        ],
        [
          343.15217391304344,
          286.4130434782609
        ],
        [
          350.21739130434776,
          270.65217391304344
        ],
        [
          423.0434782608695,
          261.4130434782609
        ],
        [
          475.7608695652174,
          276.0869565217391
        ],
        [
          485.0,
          261.4130434782609
        ],
        [
          511,
          259
        ],
        [
          511,
          510
        ],
        [
          2.934782608695656,
          510.86956521739125
        ]
      ],
      "shape_type": "polygon",
      "flags": {}
    },
    {
      "label": "wood01",
      "line_color": null,
      "fill_color": null,
      "points": [
        [
          240.43478260869563,
          306.52173913043475
        ],
        [
          176.30434782608694,
          314.1304347826087
        ],
        [
          180.65217391304344,
          319.02173913043475
        ],
        [
          180.10869565217388,
          334.23913043478257
        ],
        [
          291.52173913043475,
          320.1086956521739
        ],
        [
          291.52173913043475,
          316.8478260869565
        ],
        [
          275.2173913043478,
          314.67391304347825
        ],
        [
          269.23913043478257,
          321.195652173913
        ],
        [
          255.10869565217388,
          321.73913043478257
        ],
        [
          246.95652173913044,
          321.73913043478257
        ]
      ],
      "shape_type": "polygon",
      "flags": {}
    },
    {
      "label": "plastic01",
      "line_color": null,
      "fill_color": null,
      "points": [
        [
          207.28260869565213,
          238.58695652173913
        ],
        [
          233.91304347826087,
          242.39130434782606
        ],
        [
          282.8260869565217,
          243.47826086956522
        ],
        [
          314.3478260869565,
          239.1304347826087
        ],
        [
          273.5869565217391,
          183.69565217391303
        ],
        [
          244.23913043478257,
          180.97826086956522
        ],
        [
          201.30434782608694,
          234.78260869565216
        ]
      ],
      "shape_type": "polygon",
      "flags": {}
    },
    {
      "label": "wood02",
      "line_color": null,
      "fill_color": null,
      "points": [
        [
          333.9130434782609,
          257.6086956521739
        ],
        [
          355.1086956521739,
          261.4130434782609
        ],
        [
          391.52173913043475,
          239.1304347826087
        ],
        [
          442.0652173913044,
          228.80434782608694
        ],
        [
          482.82608695652175,
          223.36956521739128
        ],
        [
          509.4565217391304,
          225.0
        ],
        [
          510.0,
          260.32608695652175
        ],
        [
          486.63043478260863,
          260.8695652173913
        ],
        [
          476.3043478260869,
          273.9130434782609
        ],
        [
          423.0434782608695,
          261.4130434782609
        ],
        [
          351.3043478260869,
          269.5652173913043
        ],
        [
          346.95652173913044,
          277.17391304347825
        ]
      ],
      "shape_type": "polygon",
      "flags": {}
    }
  ],
  "lineColor": [
    0,
    255,
    0,
    128
  ],
  "fillColor": [
    255,
    0,
    0,
    128
  ],
  "imagePath": "..\\pic\\606.jpg",
  "imageData": "",
  "imageHeight": 512,
  "imageWidth": 512
}
