{
  "version": "3.20.1",
  "flags": {},
  "shapes": [
    {
      "label": "fabric01",
      "line_color": null,
      "fill_color": null,
      "points": [
        [
          0.9312169312169232,
          1.5873015873015872
        ],
        [
          217.86243386243382,
          1.5873015873015872
        ],
        [
          191.4074074074074,
          84.65608465608464
        ],
        [
          160.7195767195767,
          159.78835978835977
        ],
        [
          92.46560846560845,
          268.78306878306876
        ],
        [
          63.36507936507937,
          310.05291005291
        ],
        [
          28.97354497354496,
          355.026455026455
        ],
        [
          0.4021164021163912,
          385.71428571428567
        ]
      ],
      "shape_type": "polygon",
      "flags": {}
    },
    {
      "label": "fabric02",
      "line_color": null,
      "fill_color": null,
      "points": [
        [
          282.94179894179894,
          1.5873015873015872
        ],
        [
          284.5291005291005,
          39.68253968253968
        ],
        [
          284.0,
          48.67724867724868
        ],
        [
          295.6402116402116,
          82.53968253968253
        ],
        [
          318.3915343915344,
          190.47619047619045
        ],
        [
          339.026455026455,
          269.3121693121693
        ],
        [
          382.4126984126984,
          343.38624338624334
        ],
        [
          370.77248677248673,
          388.88888888888886
        ],
        [
          377.6507936507936,
          394.1798941798942
        ],
        [
          375.005291005291,
          422.2222222222222
        ],
        [
          373.41798941798936,
          462.96296296296293
        ],
        [
          379.76719576719574,
          462.43386243386243
        ],
        [
          379.2380952380952,
          476.19047619047615
        ],
        [
          399.34391534391534,
          480.4232804232804
        ],
        [
          403.5767195767196,
          476.19047619047615
        ],
        [
          397.7566137566138,
          220.1058201058201
        ],
        [
          388.7619047619047,
          162.96296296296296
        ],
        [
          382.94179894179894,
          136.5079365079365
        ],
        [
          372.35978835978835,
          122.22222222222221
        ],
        [
          372.35978835978835,
          103.7037037037037
        ],
        [
          346.43386243386243,
          52.38095238095238
        ],
        [
          321.5661375661375,
          15.873015873015872
        ],
        [
          313.6296296296296,
          16.402116402116402
        ],
        [
          310.98412698412693,
          13.227513227513226
        ],
        [
          300.40211640211635,
          22.75132275132275
        ],
        [
          292.46560846560845,
          15.873015873015872
        ],
        [
          291.4074074074074,
          1.0582010582010581
        ]
      ],
      "shape_type": "polygon",
      "flags": {}
    },
    {
      "label": "fabric03",
      "line_color": null,
      "fill_color": null,
      "points": [
        [
          360.7195767195767,
          0.5291005291005291
        ],
        [
          368.6560846560846,
          11.64021164021164
        ],
        [
          368.6560846560846,
          26.455026455026452
        ],
        [
          376.06349206349205,
          90.47619047619047
        ],
        [
          382.4126984126984,
          128.04232804232802
        ],
        [
          394.5820105820105,
          178.83597883597884
        ],
        [
          402.5185185185185,
          229.62962962962962
        ],
        [
          412.042328042328,
          278.83597883597884
        ],
        [
          427.38624338624334,
          324.86772486772486
        ],
        [
          439.55555555555554,
          350.2645502645502
        ],
        [
          431.6190476190476,
          384.65608465608466
        ],
        [
          424.74074074074076,
          443.38624338624334
        ],
        [
          431.08994708994703,
          446.5608465608465
        ],
        [
          431.08994708994703,
          482.01058201058197
        ],
        [
          471.8306878306878,
          488.88888888888886
        ],
        [
          454.8994708994709,
          330.6878306878307
        ],
        [
          453.84126984126976,
          299.47089947089944
        ],
        [
          468.65608465608466,
          224.86772486772486
        ],
        [
          460.19047619047615,
          172.48677248677248
        ],
        [
          441.1428571428571,
          102.64550264550265
        ],
        [
          415.21693121693113,
          33.86243386243386
        ],
        [
          409.92592592592587,
          22.22222222222222
        ],
        [
          401.46031746031747,
          24.33862433862434
        ],
        [
          394.5820105820105,
          0.5291005291005291
        ]
      ],
      "shape_type": "polygon",
      "flags": {}
    },
    {
      "label": "fabric04",
      "line_color": null,
      "fill_color": null,
      "points": [
        [
          264.9523809523809,
          421.69312169312167
        ],
        [
          375.005291005291,
          438.0952380952381
        ],
        [
          374.4761904761904,
          408.99470899470896
        ],
        [
          314.6878306878307,
          402.64550264550263
        ]
      ],
      "shape_type": "polygon",
      "flags": {}
    },
    {
      "label": "fabric05",
      "line_color": null,
      "fill_color": null,
      "points": [
        [
          473.9470899470899,
          416.40211640211635
        ],
        [
          475.5343915343915,
          450.2645502645502
        ],
        [
          509.3968253968253,
          420.1058201058201
        ]
      ],
      "shape_type": "polygon",
      "flags": {}
    },
    {
      "label": "fabric06",
      "line_color": null,
      "fill_color": null,
      "points": [
        [
          98.28571428571428,
          397.8835978835979
        ],
        [
          159.13227513227514,
          408.99470899470896
        ],
        [
          159.13227513227514,
          383.06878306878303
        ]
      ],
      "shape_type": "polygon",
      "flags": {}
    },
    {
      "label": "fabric07",
      "line_color": null,
      "fill_color": null,
      "points": [
        [
          231.0899470899471,
          387.3015873015873
        ],
        [
          231.6190476190476,
          417.4603174603174
        ],
        [
          239.55555555555554,
          420.1058201058201
        ],
        [
          288.2328042328042,
          403.7037037037037
        ]
      ],
      "shape_type": "polygon",
      "flags": {}
    },
    {
      "label": "fabric08",
      "line_color": null,
      "fill_color": null,
      "points": [
        [
          2.518518518518505,
          480.9523809523809
        ],
        [
          10.984126984126974,
          479.89417989417984
        ],
        [
          10.984126984126974,
          490.4761904761904
        ],
        [
          31.61904761904762,
          492.59259259259255
        ],
        [
          46.96296296296296,
          491.005291005291
        ],
        [
          59.13227513227511,
          483.59788359788354
        ],
        [
          53.31216931216929,
          476.19047619047615
        ],
        [
          58.60317460317458,
          466.1375661375661
        ],
        [
          68.12698412698413,
          462.96296296296293
        ],
        [
          70.77248677248676,
          469.31216931216926
        ],
        [
          79.76719576719574,
          468.78306878306876
        ],
        [
          84.0,
          462.43386243386243
        ],
        [
          78.70899470899471,
          456.08465608465605
        ],
        [
          78.70899470899471,
          440.2116402116402
        ],
        [
          258.6031746031746,
          479.36507936507934
        ],
        [
          189.29100529100526,
          509.5238095238095
        ],
        [
          0,
          509
        ]
      ],
      "shape_type": "polygon",
      "flags": {}
    },
    {
      "label": "glass01",
      "line_color": null,
      "fill_color": null,
      "points": [
        [
          87.17460317460316,
          319.57671957671954
        ],
        [
          127.9153439153439,
          317.4603174603174
        ],
        [
          129.5026455026455,
          219.04761904761904
        ],
        [
          124.74074074074073,
          217.98941798941797
        ],
        [
          86.1164021164021,
          276.19047619047615
        ]
      ],
      "shape_type": "polygon",
      "flags": {}
    },
    {
      "label": "glass02",
      "line_color": null,
      "fill_color": null,
      "points": [
        [
          141.1428571428571,
          226.45502645502643
        ],
        [
          141.67195767195767,
          314.8148148148148
        ],
        [
          150.13756613756613,
          313.7566137566137
        ],
        [
          151.7248677248677,
          252.91005291005288
        ]
      ],
      "shape_type": "polygon",
      "flags": {}
    },
    {
      "label": "wood01",
      "line_color": null,
      "fill_color": null,
      "points": [
        [
          54.899470899470884,
          370.3703703703703
        ],
        [
          101.46031746031744,
          378.3068783068783
        ],
        [
          101.46031746031744,
          384.6560846560846
        ],
        [
          66.010582010582,
          397.3544973544973
        ],
        [
          60.190476190476176,
          406.87830687830683
        ],
        [
          55.95767195767195,
          414.2857142857142
        ],
        [
          56.48677248677248,
          465.079365079365
        ],
        [
          52.25396825396825,
          472.48677248677245
        ],
        [
          52.25396825396825,
          479.89417989417984
        ],
        [
          57.544973544973544,
          484.6560846560846
        ],
        [
          49.07936507936506,
          489.94708994708986
        ],
        [
          37.439153439153415,
          489.41798941798936
        ],
        [
          26.32804232804233,
          484.6560846560846
        ],
        [
          31.08994708994709,
          478.3068783068783
        ],
        [
          31.08994708994709,
          472.48677248677245
        ],
        [
          28.97354497354496,
          410.05291005291
        ],
        [
          25.798941798941797,
          407.9365079365079
        ],
        [
          0.0,
          407.5291005291005
        ],
        [
          0.9312169312169232,
          390.4761904761904
        ],
        [
          14.158730158730151,
          392.063492063492
        ],
        [
          35.85185185185185,
          390.4761904761904
        ],
        [
          47.492063492063494,
          381.4814814814814
        ]
      ],
      "shape_type": "polygon",
      "flags": {}
    },
    {
      "label": "wood02",
      "line_color": null,
      "fill_color": null,
      "points": [
        [
          232.14814814814815,
          300.0
        ],
        [
          229.50264550264546,
          378.83597883597884
        ],
        [
          287.7037037037037,
          385.71428571428567
        ],
        [
          298.8148148148148,
          379.89417989417984
        ],
        [
          299.87301587301585,
          329.6296296296296
        ],
        [
          298.2857142857143,
          326.4550264550264
        ],
        [
          257.015873015873,
          322.75132275132273
        ],
        [
          249.60846560846556,
          319.57671957671954
        ],
        [
          243.25925925925924,
          299.47089947089944
        ],
        [
          241.1428571428571,
          290.4761904761905
        ],
        [
          235.85185185185185,
          289.9470899470899
        ]
      ],
      "shape_type": "polygon",
      "flags": {}
    },
    {
      "label": "wood03",
      "line_color": null,
      "fill_color": null,
      "points": [
        [
          345.90476190476187,
          330.6878306878307
        ],
        [
          348.5502645502645,
          385.71428571428567
        ],
        [
          348.021164021164,
          392.06349206349205
        ],
        [
          378.1798941798941,
          394.7089947089947
        ],
        [
          371.8306878306878,
          389.4179894179894
        ],
        [
          380.8253968253968,
          343.9153439153439
        ],
        [
          375.005291005291,
          332.27513227513225
        ],
        [
          352.2539682539682,
          328.042328042328
        ]
      ],
      "shape_type": "polygon",
      "flags": {}
    }
  ],
  "lineColor": [
    0,
    255,
    0,
    128
  ],
  "fillColor": [
    255,
    0,
    0,
    128
  ],
  "imagePath": "..\\pic\\958.jpg",
  "imageData": "",
  "imageHeight": 512,
  "imageWidth": 512
}
