{
  "version": "4.5.6",
  "flags": {},
  "shapes": [
    {
      "label": "fabric01",
      "points": [
        [
          2.460317460317455,
          251.85185185185185
        ],
        [
          130.5026455026455,
          260.3174603174603
        ],
        [
          128.38624338624336,
          231.74603174603172
        ],
        [
          2.989417989417987,
          219.04761904761904
        ]
      ],
      "group_id": null,
      "shape_type": "polygon",
      "flags": {}
    },
    {
      "label": "glass01",
      "points": [
        [
          4.047619047619037,
          333.3333333333333
        ],
        [
          12.513227513227505,
          333.3333333333333
        ],
        [
          12.513227513227505,
          253.96825396825395
        ],
        [
          0,
          254
        ],
        [
          0,
          329
        ]
      ],
      "group_id": null,
      "shape_type": "polygon",
      "flags": {}
    },
    {
      "label": "glass02",
      "points": [
        [
          23.624338624338606,
          257.1428571428571
        ],
        [
          20.449735449735442,
          333.3333333333333
        ],
        [
          67.010582010582,
          331.74603174603175
        ],
        [
          69.65608465608463,
          261.37566137566137
        ]
      ],
      "group_id": null,
      "shape_type": "polygon",
      "flags": {}
    },
    {
      "label": "glass03",
      "points": [
        [
          74.94708994708992,
          260.8465608465608
        ],
        [
          74.41798941798942,
          330.1587301587301
        ],
        [
          96.64021164021162,
          332.27513227513225
        ],
        [
          96.64021164021162,
          323.8095238095238
        ],
        [
          115.68783068783068,
          324.86772486772486
        ],
        [
          114.10052910052909,
          261.37566137566137
        ]
      ],
      "group_id": null,
      "shape_type": "polygon",
      "flags": {}
    },
    {
      "label": "wood01",
      "points": [
        [
          70.18518518518516,
          360.3174603174603
        ],
        [
          71.24338624338623,
          365.60846560846556
        ],
        [
          79.17989417989418,
          368.78306878306876
        ],
        [
          80.76719576719574,
          376.7195767195767
        ],
        [
          122.03703703703701,
          395.76719576719574
        ],
        [
          127.3280423280423,
          396.8253968253968
        ],
        [
          119.92063492063491,
          383.5978835978836
        ],
        [
          130.5026455026455,
          369.31216931216926
        ],
        [
          172.3015873015873,
          366.1375661375661
        ],
        [
          180.76719576719574,
          373.015873015873
        ],
        [
          202.4603174603174,
          370.8994708994709
        ],
        [
          226.79894179894177,
          376.7195767195767
        ],
        [
          226.26984126984127,
          366.1375661375661
        ],
        [
          230.50264550264546,
          366.1375661375661
        ],
        [
          229.97354497354496,
          357.1428571428571
        ],
        [
          213.57142857142856,
          352.38095238095235
        ],
        [
          188.7037037037037,
          355.55555555555554
        ]
      ],
      "group_id": null,
      "shape_type": "polygon",
      "flags": {}
    },
    {
      "label": "wood02",
      "points": [
        [
          409.86772486772486,
          436.5079365079365
        ],
        [
          391.3492063492063,
          439.68253968253964
        ],
        [
          390.29100529100526,
          446.5608465608465
        ],
        [
          391.87830687830683,
          478.8359788359788
        ],
        [
          368.59788359788354,
          484.1269841269841
        ],
        [
          369.1269841269841,
          509.5238095238095
        ],
        [
          510.92592592592587,
          510.5820105820105
        ],
        [
          510.92592592592587,
          459.25925925925924
        ]
      ],
      "group_id": null,
      "shape_type": "polygon",
      "flags": {}
    },
    {
      "label": "glass04",
      "points": [
        [
          2.989417989417987,
          457.1428571428571
        ],
        [
          77.59259259259258,
          445.50264550264546
        ],
        [
          74.41798941798942,
          498.4126984126984
        ],
        [
          18.862433862433846,
          510.05291005291
        ],
        [
          2.989417989417987,
          510.05291005291
        ]
      ],
      "group_id": null,
      "shape_type": "polygon",
      "flags": {}
    },
    {
      "label": "glass05",
      "points": [
        [
          22.56613756613757,
          419.04761904761904
        ],
        [
          22.037037037037038,
          443.38624338624334
        ],
        [
          68.06878306878306,
          435.97883597883595
        ]
      ],
      "group_id": null,
      "shape_type": "polygon",
      "flags": {}
    },
    {
      "label": "plastic01",
      "points": [
        [
          62.77777777777777,
          382.01058201058197
        ],
        [
          73.35978835978835,
          414.2857142857143
        ],
        [
          109.33862433862433,
          416.9312169312169
        ],
        [
          122.56613756613754,
          433.8624338624338
        ],
        [
          152.7248677248677,
          437.5661375661375
        ],
        [
          176.5343915343915,
          432.80423280423275
        ],
        [
          183.94179894179894,
          420.1058201058201
        ],
        [
          181.8253968253968,
          407.9365079365079
        ],
        [
          137.91005291005288,
          400.0
        ],
        [
          120.44973544973544,
          397.8835978835979
        ],
        [
          102.98941798941797,
          385.71428571428567
        ],
        [
          85.0,
          379.36507936507934
        ]
      ],
      "group_id": null,
      "shape_type": "polygon",
      "flags": {}
    },
    {
      "label": "fabric02",
      "points": [
        [
          234.73544973544972,
          374.6031746031746
        ],
        [
          318.3333333333333,
          365.07936507936506
        ],
        [
          333.67724867724866,
          374.6031746031746
        ],
        [
          346.37566137566137,
          403.17460317460313
        ],
        [
          402.9894179894179,
          409.5238095238095
        ],
        [
          404.04761904761904,
          435.44973544973544
        ],
        [
          390.29100529100526,
          441.26984126984127
        ],
        [
          389.2328042328042,
          477.77777777777777
        ],
        [
          307.2222222222222,
          503.7037037037037
        ],
        [
          221.5079365079365,
          471.4285714285714
        ],
        [
          218.33333333333331,
          415.34391534391534
        ],
        [
          231.56084656084653,
          415.87301587301585
        ]
      ],
      "group_id": null,
      "shape_type": "polygon",
      "flags": {}
    },
    {
      "label": "fabric03",
      "points": [
        [
          417.27513227513225,
          404.76190476190476
        ],
        [
          415.6878306878307,
          426.98412698412693
        ],
        [
          456.42857142857144,
          428.57142857142856
        ],
        [
          489.23280423280414,
          436.5079365079365
        ],
        [
          493.4656084656084,
          421.69312169312167
        ],
        [
          511,
          416
        ],
        [
          510.92592592592587,
          371.4285714285714
        ],
        [
          471.7724867724868,
          366.1375661375661
        ],
        [
          459.6031746031746,
          378.3068783068783
        ],
        [
          458.015873015873,
          401.58730158730157
        ]
      ],
      "group_id": null,
      "shape_type": "polygon",
      "flags": {}
    }
  ],
  "imagePath": "131.jpg",
  "imageData": "",
  "imageHeight": 512,
  "imageWidth": 512
}
