{
  "version": "4.5.6",
  "flags": {},
  "shapes": [
    {
      "label": "plastic01",
      "points": [
        [
          86.05820105820104,
          2.645502645502645
        ],
        [
          108.28042328042326,
          182.010582010582
        ],
        [
          211.45502645502643,
          177.77777777777777
        ],
        [
          224.15343915343914,
          169.3121693121693
        ],
        [
          255.89947089947088,
          167.72486772486772
        ],
        [
          256.95767195767195,
          0.5291005291005291
        ]
      ],
      "group_id": null,
      "shape_type": "polygon",
      "flags": {}
    },
    {
      "label": "plastic02",
      "points": [
        [
          268.5978835978836,
          0.5291005291005291
        ],
        [
          268.06878306878303,
          162.43386243386243
        ],
        [
          275.4761904761904,
          164.021164021164
        ],
        [
          270.18518518518516,
          198.94179894179894
        ],
        [
          307.2222222222222,
          210.05291005291005
        ],
        [
          346.37566137566137,
          205.2910052910053
        ],
        [
          347.96296296296293,
          194.17989417989418
        ],
        [
          393.46560846560845,
          201.05820105820104
        ],
        [
          436.3227513227513,
          196.29629629629628
        ],
        [
          462.7777777777777,
          1.5873015873015872
        ]
      ],
      "group_id": null,
      "shape_type": "polygon",
      "flags": {}
    },
    {
      "label": "glass01",
      "points": [
        [
          458.54497354497346,
          399.47089947089944
        ],
        [
          511,
          379
        ],
        [
          511,
          26
        ],
        [
          449.02116402116394,
          389.4179894179894
        ]
      ],
      "group_id": null,
      "shape_type": "polygon",
      "flags": {}
    },
    {
      "label": "glass02",
      "points": [
        [
          0.3439153439153415,
          52.910052910052904
        ],
        [
          52.19576719576719,
          56.08465608465608
        ],
        [
          67.53968253968253,
          159.78835978835977
        ],
        [
          22.56613756613757,
          162.43386243386243
        ],
        [
          1.9312169312169232,
          140.2116402116402
        ]
      ],
      "group_id": null,
      "shape_type": "polygon",
      "flags": {}
    },
    {
      "label": "glass03",
      "points": [
        [
          24.68253968253967,
          184.12698412698413
        ],
        [
          69.12698412698413,
          181.48148148148147
        ],
        [
          78.65079365079364,
          245.5026455026455
        ],
        [
          32.08994708994709,
          248.14814814814812
        ],
        [
          34.20634920634919,
          270.8994708994709
        ],
        [
          3.518518518518505,
          278.83597883597884
        ],
        [
          0.3439153439153415,
          208.46560846560845
        ],
        [
          13.042328042328023,
          206.34920634920633
        ]
      ],
      "group_id": null,
      "shape_type": "polygon",
      "flags": {}
    },
    {
      "label": "glass04",
      "points": [
        [
          130.5026455026455,
          186.24338624338623
        ],
        [
          132.08994708994706,
          206.87830687830686
        ],
        [
          137.38095238095235,
          208.994708994709
        ],
        [
          143.20105820105817,
          239.15343915343914
        ],
        [
          165.9523809523809,
          233.33333333333331
        ],
        [
          164.8941798941799,
          245.5026455026455
        ],
        [
          208.28042328042324,
          240.2116402116402
        ],
        [
          213.57142857142856,
          248.14814814814812
        ],
        [
          245.3174603174603,
          243.9153439153439
        ],
        [
          244.25925925925924,
          227.5132275132275
        ],
        [
          228.38624338624334,
          227.5132275132275
        ],
        [
          185.5291005291005,
          212.69841269841268
        ],
        [
          184.47089947089944,
          209.52380952380952
        ],
        [
          220.97883597883595,
          203.17460317460316
        ],
        [
          220.97883597883595,
          187.3015873015873
        ],
        [
          206.16402116402116,
          180.95238095238093
        ]
      ],
      "group_id": null,
      "shape_type": "polygon",
      "flags": {}
    },
    {
      "label": "fabric01",
      "points": [
        [
          238.43915343915342,
          260.8465608465608
        ],
        [
          277.06349206349205,
          292.59259259259255
        ],
        [
          355.8994708994709,
          284.1269841269841
        ],
        [
          356.4285714285714,
          260.8465608465608
        ],
        [
          395.5820105820105,
          256.08465608465605
        ],
        [
          403.5185185185185,
          204.76190476190476
        ],
        [
          352.1957671957672,
          196.8253968253968
        ],
        [
          351.1375661375661,
          224.33862433862433
        ],
        [
          273.88888888888886,
          230.68783068783068
        ],
        [
          273.35978835978835,
          253.43915343915342
        ]
      ],
      "group_id": null,
      "shape_type": "polygon",
      "flags": {}
    },
    {
      "label": "fabric02",
      "points": [
        [
          125.74074074074073,
          211.64021164021162
        ],
        [
          133.67724867724866,
          230.68783068783068
        ],
        [
          140.026455026455,
          272.48677248677245
        ],
        [
          221.5079365079365,
          268.78306878306876
        ],
        [
          219.39153439153438,
          257.1428571428571
        ],
        [
          210.92592592592592,
          241.26984126984127
        ],
        [
          162.2486772486772,
          248.14814814814812
        ],
        [
          165.4232804232804,
          236.5079365079365
        ],
        [
          143.20105820105817,
          238.6243386243386
        ],
        [
          133.14814814814812,
          211.1111111111111
        ]
      ],
      "group_id": null,
      "shape_type": "polygon",
      "flags": {}
    },
    {
      "label": "plastic03",
      "points": [
        [
          5.105820105820101,
          292.59259259259255
        ],
        [
          22.56613756613757,
          334.3915343915344
        ],
        [
          55.899470899470884,
          355.026455026455
        ],
        [
          117.27513227513225,
          354.4973544973545
        ],
        [
          158.54497354497352,
          335.44973544973544
        ],
        [
          173.35978835978835,
          330.6878306878307
        ],
        [
          159.07407407407408,
          270.3703703703704
        ],
        [
          138.43915343915342,
          272.48677248677245
        ],
        [
          136.32275132275132,
          244.44444444444443
        ],
        [
          33.677248677248656,
          249.73544973544972
        ],
        [
          34.73544973544972,
          305.29100529100526
        ],
        [
          25.740740740740733,
          300.5291005291005
        ],
        [
          18.862433862433846,
          286.2433862433862
        ]
      ],
      "group_id": null,
      "shape_type": "polygon",
      "flags": {}
    }
  ],
  "imagePath": "173.jpg",
  "imageData": "",
  "imageHeight": 512,
  "imageWidth": 512
}
