{
  "version": "4.5.6",
  "flags": {},
  "shapes": [
    {
      "label": "glass01",
      "points": [
        [
          0.3439153439153415,
          97.35449735449735
        ],
        [
          18.333333333333314,
          98.4126984126984
        ],
        [
          22.56613756613757,
          203.7037037037037
        ],
        [
          0.3439153439153415,
          203.7037037037037
        ]
      ],
      "group_id": null,
      "shape_type": "polygon",
      "flags": {}
    },
    {
      "label": "glass02",
      "points": [
        [
          32.61904761904762,
          100.0
        ],
        [
          87.1164021164021,
          104.23280423280423
        ],
        [
          90.29100529100529,
          200.0
        ],
        [
          37.91005291005291,
          201.58730158730157
        ]
      ],
      "group_id": null,
      "shape_type": "polygon",
      "flags": {}
    },
    {
      "label": "glass03",
      "points": [
        [
          102.98941798941797,
          104.23280423280423
        ],
        [
          151.66666666666663,
          108.99470899470899
        ],
        [
          154.84126984126982,
          198.94179894179894
        ],
        [
          107.2222222222222,
          199.47089947089947
        ]
      ],
      "group_id": null,
      "shape_type": "polygon",
      "flags": {}
    },
    {
      "label": "wood01",
      "points": [
        [
          158.015873015873,
          275.66137566137564
        ],
        [
          169.1269841269841,
          375.66137566137564
        ],
        [
          179.70899470899468,
          375.1322751322751
        ],
        [
          164.36507936507934,
          427.5132275132275
        ],
        [
          171.24338624338623,
          427.5132275132275
        ],
        [
          182.3544973544973,
          406.87830687830683
        ],
        [
          204.57671957671954,
          398.94179894179894
        ],
        [
          199.28571428571428,
          459.78835978835974
        ],
        [
          209.3386243386243,
          459.78835978835974
        ],
        [
          212.5132275132275,
          430.6878306878307
        ],
        [
          241.08465608465605,
          423.8095238095238
        ],
        [
          245.3174603174603,
          414.8148148148148
        ],
        [
          258.5449735449735,
          410.5820105820106
        ],
        [
          258.015873015873,
          405.29100529100526
        ],
        [
          233.67724867724866,
          412.69841269841265
        ],
        [
          233.67724867724866,
          387.8306878306878
        ],
        [
          254.84126984126982,
          385.18518518518516
        ],
        [
          271.77248677248673,
          440.2116402116402
        ],
        [
          279.1798941798942,
          437.037037037037
        ],
        [
          261.7195767195767,
          374.6031746031746
        ],
        [
          264.89417989417984,
          372.48677248677245
        ],
        [
          264.89417989417984,
          358.2010582010582
        ],
        [
          238.96825396825392,
          342.85714285714283
        ],
        [
          224.15343915343914,
          342.85714285714283
        ],
        [
          219.92063492063488,
          337.56613756613757
        ],
        [
          216.74603174603175,
          279.36507936507934
        ]
      ],
      "group_id": null,
      "shape_type": "polygon",
      "flags": {}
    },
    {
      "label": "wood02",
      "points": [
        [
          97.69841269841268,
          255.026455026455
        ],
        [
          108.28042328042326,
          343.9153439153439
        ],
        [
          113.57142857142856,
          342.85714285714283
        ],
        [
          102.98941798941797,
          378.83597883597884
        ],
        [
          109.33862433862433,
          377.2486772486772
        ],
        [
          117.80423280423278,
          361.90476190476187
        ],
        [
          134.73544973544972,
          359.25925925925924
        ],
        [
          129.97354497354496,
          402.11640211640207
        ],
        [
          140.55555555555554,
          400.5291005291005
        ],
        [
          142.1428571428571,
          378.3068783068783
        ],
        [
          166.48148148148147,
          373.5449735449735
        ],
        [
          160.13227513227514,
          298.4126984126984
        ],
        [
          144.7883597883598,
          291.005291005291
        ],
        [
          144.7883597883598,
          256.6137566137566
        ],
        [
          111.45502645502643,
          254.49735449735448
        ],
        [
          109.33862433862433,
          245.5026455026455
        ]
      ],
      "group_id": null,
      "shape_type": "polygon",
      "flags": {}
    },
    {
      "label": "wood03",
      "points": [
        [
          372.8306878306878,
          297.3544973544973
        ],
        [
          444.25925925925924,
          288.35978835978835
        ],
        [
          422.03703703703695,
          405.29100529100526
        ],
        [
          429.9735449735449,
          465.07936507936506
        ],
        [
          424.1534391534391,
          465.07936507936506
        ],
        [
          415.1587301587301,
          435.97883597883595
        ],
        [
          391.87830687830683,
          425.9259259259259
        ],
        [
          373.88888888888886,
          433.8624338624338
        ],
        [
          373.35978835978835,
          489.41798941798936
        ],
        [
          359.6031746031746,
          490.4761904761904
        ],
        [
          363.3068783068783,
          457.6719576719576
        ],
        [
          319.3915343915344,
          431.7460317460317
        ],
        [
          307.2222222222222,
          453.4391534391534
        ],
        [
          300.87301587301585,
          451.3227513227513
        ],
        [
          323.6243386243386,
          387.3015873015873
        ],
        [
          317.80423280423275,
          377.77777777777777
        ],
        [
          317.80423280423275,
          367.1957671957672
        ],
        [
          358.015873015873,
          357.67195767195767
        ],
        [
          364.36507936507934,
          297.3544973544973
        ]
      ],
      "group_id": null,
      "shape_type": "polygon",
      "flags": {}
    },
    {
      "label": "wood04",
      "points": [
        [
          330.50264550264546,
          266.66666666666663
        ],
        [
          359.074074074074,
          272.48677248677245
        ],
        [
          397.1693121693121,
          288.88888888888886
        ],
        [
          396.6402116402116,
          258.73015873015873
        ],
        [
          376.005291005291,
          251.85185185185185
        ],
        [
          350.07936507936506,
          253.96825396825395
        ],
        [
          325.2116402116402,
          248.14814814814812
        ],
        [
          309.86772486772486,
          247.6190476190476
        ],
        [
          309.3386243386243,
          257.1428571428571
        ],
        [
          320.97883597883595,
          257.1428571428571
        ],
        [
          319.9206349206349,
          266.1375661375661
        ]
      ],
      "group_id": null,
      "shape_type": "polygon",
      "flags": {}
    },
    {
      "label": "wood05",
      "points": [
        [
          249.5502645502645,
          233.33333333333331
        ],
        [
          254.84126984126982,
          249.73544973544972
        ],
        [
          265.4232804232804,
          256.08465608465605
        ],
        [
          301.9312169312169,
          265.07936507936506
        ],
        [
          298.7566137566137,
          238.6243386243386
        ],
        [
          269.65608465608466,
          235.97883597883597
        ]
      ],
      "group_id": null,
      "shape_type": "polygon",
      "flags": {}
    },
    {
      "label": "wood06",
      "points": [
        [
          184.47089947089944,
          224.33862433862433
        ],
        [
          206.16402116402116,
          220.1058201058201
        ],
        [
          238.43915343915342,
          225.92592592592592
        ],
        [
          233.67724867724866,
          251.32275132275132
        ],
        [
          186.05820105820106,
          253.43915343915342
        ]
      ],
      "group_id": null,
      "shape_type": "polygon",
      "flags": {}
    },
    {
      "label": "wood07",
      "points": [
        [
          267.5396825396825,
          380.95238095238096
        ],
        [
          296.6402116402116,
          379.36507936507934
        ],
        [
          312.51322751322743,
          385.18518518518516
        ],
        [
          334.2063492063491,
          384.65608465608466
        ],
        [
          335.26455026455017,
          374.6031746031746
        ],
        [
          335.7936507936507,
          368.25396825396825
        ],
        [
          370.7142857142856,
          368.25396825396825
        ],
        [
          395.05291005290997,
          369.8412698412698
        ],
        [
          418.86243386243376,
          361.9047619047619
        ],
        [
          446.90476190476187,
          373.5449735449735
        ],
        [
          411.45502645502637,
          379.8941798941799
        ],
        [
          408.80952380952374,
          423.8095238095238
        ],
        [
          370.1851851851851,
          431.2169312169312
        ],
        [
          349.02116402116394,
          432.27513227513225
        ],
        [
          327.3280423280423,
          426.4550264550264
        ],
        [
          328.91534391534384,
          457.67195767195767
        ],
        [
          338.43915343915336,
          468.25396825396825
        ],
        [
          366.4814814814814,
          461.90476190476187
        ],
        [
          372.30158730158723,
          469.3121693121693
        ],
        [
          363.3068783068782,
          494.7089947089947
        ],
        [
          325.74074074074065,
          506.8783068783069
        ],
        [
          312.51322751322743,
          462.96296296296293
        ],
        [
          314.62962962962956,
          422.22222222222223
        ],
        [
          268.068783068783,
          403.1746031746032
        ]
      ],
      "group_id": null,
      "shape_type": "polygon",
      "flags": {}
    },
    {
      "label": "wood08",
      "points": [
        [
          147.43386243386243,
          257.67195767195767
        ],
        [
          173.88888888888886,
          252.91005291005288
        ],
        [
          188.7037037037037,
          257.1428571428571
        ],
        [
          188.17460317460313,
          267.7248677248677
        ],
        [
          224.68253968253964,
          275.66137566137564
        ],
        [
          214.62962962962962,
          279.36507936507934
        ],
        [
          156.95767195767195,
          276.19047619047615
        ],
        [
          161.19047619047615,
          297.8835978835979
        ],
        [
          144.7883597883598,
          292.06349206349205
        ]
      ],
      "group_id": null,
      "shape_type": "polygon",
      "flags": {}
    },
    {
      "label": "wood09",
      "points": [
        [
          0.0,
          362.0
        ],
        [
          69.65608465608463,
          337.56613756613757
        ],
        [
          61.71957671957671,
          243.38624338624336
        ],
        [
          20.978835978835974,
          241.26984126984127
        ],
        [
          0.8730158730158593,
          249.2063492063492
        ]
      ],
      "group_id": null,
      "shape_type": "polygon",
      "flags": {}
    },
    {
      "label": "wood10",
      "points": [
        [
          509.86772486772486,
          314.2857142857143
        ],
        [
          445.31746031746025,
          338.62433862433863
        ],
        [
          449.02116402116394,
          344.44444444444446
        ],
        [
          434.7354497354497,
          510.0529100529099
        ],
        [
          490.8201058201058,
          510.0529100529099
        ],
        [
          496.64021164021165,
          483.06878306878303
        ],
        [
          477.5925925925926,
          474.074074074074
        ],
        [
          469.65608465608466,
          461.37566137566137
        ],
        [
          473.8888888888889,
          446.031746031746
        ],
        [
          480.2380952380953,
          446.031746031746
        ],
        [
          483.941798941799,
          435.44973544973544
        ],
        [
          499.28571428571433,
          429.10052910052906
        ],
        [
          505.10582010582016,
          367.1957671957672
        ]
      ],
      "group_id": null,
      "shape_type": "polygon",
      "flags": {}
    },
    {
      "label": "wood13",
      "points": [
        [
          432.6190476190476,
          229.1005291005291
        ],
        [
          413.57142857142856,
          233.33333333333331
        ],
        [
          411.4550264550264,
          286.2433862433862
        ],
        [
          418.8624338624338,
          288.35978835978835
        ],
        [
          447.4338624338624,
          288.35978835978835
        ],
        [
          436.85185185185185,
          338.0952380952381
        ],
        [
          510.92592592592587,
          315.34391534391534
        ],
        [
          510.92592592592587,
          236.5079365079365
        ],
        [
          491.87830687830683,
          235.97883597883597
        ],
        [
          491.87830687830683,
          233.33333333333331
        ],
        [
          461.7195767195767,
          229.62962962962962
        ],
        [
          453.78306878306876,
          238.09523809523807
        ],
        [
          435.7936507936507,
          237.56613756613754
        ]
      ],
      "group_id": null,
      "shape_type": "polygon",
      "flags": {}
    },
    {
      "label": "wood14",
      "points": [
        [
          362.2486772486772,
          87.30158730158729
        ],
        [
          405.10582010582004,
          89.94708994708994
        ],
        [
          404.04761904761904,
          120.63492063492063
        ],
        [
          396.6402116402116,
          121.16402116402115
        ],
        [
          398.7566137566138,
          182.010582010582
        ],
        [
          400.34391534391534,
          258.73015873015873
        ],
        [
          377.59259259259255,
          249.73544973544972
        ],
        [
          355.8994708994709,
          252.38095238095235
        ]
      ],
      "group_id": null,
      "shape_type": "polygon",
      "flags": {}
    },
    {
      "label": "wood15",
      "points": [
        [
          287.11640211640207,
          107.93650793650792
        ],
        [
          286.58730158730157,
          237.037037037037
        ],
        [
          299.8148148148148,
          239.68253968253967
        ],
        [
          301.40211640211635,
          261.37566137566137
        ],
        [
          309.3386243386243,
          258.2010582010582
        ],
        [
          309.86772486772486,
          246.56084656084656
        ],
        [
          324.68253968253964,
          247.08994708994706
        ],
        [
          345.3174603174603,
          252.38095238095235
        ],
        [
          350.60846560846556,
          101.05820105820105
        ],
        [
          294.5238095238095,
          93.65079365079364
        ]
      ],
      "group_id": null,
      "shape_type": "polygon",
      "flags": {}
    },
    {
      "label": "wood16",
      "points": [
        [
          438.4391534391534,
          191.53439153439152
        ],
        [
          511.0,
          195.0
        ],
        [
          511.0,
          203.0
        ],
        [
          426.79894179894177,
          197.88359788359787
        ],
        [
          436.85185185185185,
          82.53968253968253
        ],
        [
          511.0,
          69.0
        ],
        [
          511.0,
          85.0
        ],
        [
          444.7883597883598,
          93.65079365079364
        ]
      ],
      "group_id": null,
      "shape_type": "polygon",
      "flags": {}
    },
    {
      "label": "wood17",
      "points": [
        [
          2.989417989417987,
          220.63492063492063
        ],
        [
          169.1269841269841,
          214.28571428571428
        ],
        [
          166.48148148148147,
          95.23809523809523
        ],
        [
          0.0,
          82.0
        ],
        [
          1.9312169312169232,
          95.23809523809523
        ],
        [
          17.804232804232782,
          98.94179894179894
        ],
        [
          23.095238095238074,
          204.23280423280423
        ],
        [
          35.26455026455025,
          204.23280423280423
        ],
        [
          32.08994708994709,
          101.58730158730158
        ],
        [
          87.64550264550263,
          105.29100529100529
        ],
        [
          92.40740740740739,
          202.1164021164021
        ],
        [
          104.57671957671957,
          202.64550264550263
        ],
        [
          102.98941798941797,
          105.29100529100529
        ],
        [
          152.7248677248677,
          109.52380952380952
        ],
        [
          156.4285714285714,
          199.47089947089947
        ],
        [
          0.0,
          205.0
        ]
      ],
      "group_id": null,
      "shape_type": "polygon",
      "flags": {}
    },
    {
      "label": "plastic01",
      "points": [
        [
          72.83068783068782,
          303.7037037037037
        ],
        [
          83.94179894179894,
          331.2169312169312
        ],
        [
          106.69312169312167,
          332.27513227513225
        ],
        [
          101.40211640211638,
          297.3544973544973
        ],
        [
          81.29629629629628,
          297.8835978835979
        ]
      ],
      "group_id": null,
      "shape_type": "polygon",
      "flags": {}
    }
  ],
  "imagePath": "dafc196.jpg",
  "imageData": "",
  "imageHeight": 512,
  "imageWidth": 512
}
