{
  "version": "4.5.6",
  "flags": {},
  "shapes": [
    {
      "label": "plastic01",
      "points": [
        [
          310.39682539682536,
          228.57142857142856
        ],
        [
          307.75132275132273,
          298.94179894179894
        ],
        [
          371.2433862433862,
          410.05291005291
        ],
        [
          377.59259259259255,
          322.22222222222223
        ],
        [
          342.1428571428571,
          284.1269841269841
        ],
        [
          329.97354497354496,
          242.85714285714283
        ]
      ],
      "group_id": null,
      "shape_type": "polygon",
      "flags": {}
    },
    {
      "label": "wood01",
      "points": [
        [
          200.34391534391534,
          239.15343915343914
        ],
        [
          134.2063492063492,
          493.6507936507936
        ],
        [
          136.32275132275132,
          504.7619047619047
        ],
        [
          511,
          487
        ],
        [
          511,
          369
        ],
        [
          344.25925925925924,
          239.15343915343914
        ],
        [
          339.4973544973545,
          239.15343915343914
        ],
        [
          337.38095238095235,
          260.8465608465608
        ],
        [
          343.2010582010582,
          285.7142857142857
        ],
        [
          377.59259259259255,
          321.16402116402116
        ],
        [
          371.2433862433862,
          409.5238095238095
        ],
        [
          361.7195767195767,
          400.0
        ],
        [
          354.8412698412698,
          401.58730158730157
        ],
        [
          347.43386243386243,
          385.18518518518516
        ],
        [
          353.78306878306876,
          373.015873015873
        ],
        [
          317.27513227513225,
          313.7566137566137
        ],
        [
          308.8095238095238,
          314.8148148148148
        ],
        [
          309.3386243386243,
          303.17460317460313
        ],
        [
          292.9365079365079,
          303.17460317460313
        ],
        [
          289.76190476190476,
          296.8253968253968
        ],
        [
          293.99470899470896,
          296.2962962962963
        ],
        [
          288.17460317460313,
          276.19047619047615
        ],
        [
          263.3068783068783,
          276.19047619047615
        ],
        [
          259.6031746031746,
          292.06349206349205
        ],
        [
          237.9100529100529,
          290.4761904761905
        ],
        [
          222.037037037037,
          288.88888888888886
        ],
        [
          217.27513227513225,
          290.4761904761905
        ],
        [
          213.57142857142856,
          295.76719576719574
        ],
        [
          198.2275132275132,
          292.06349206349205
        ],
        [
          196.64021164021165,
          286.77248677248673
        ],
        [
          206.69312169312167,
          277.77777777777777
        ],
        [
          213.042328042328,
          284.1269841269841
        ],
        [
          216.2169312169312,
          275.66137566137564
        ],
        [
          234.73544973544972,
          269.8412698412698
        ],
        [
          244.25925925925924,
          250.79365079365078
        ],
        [
          243.20105820105817,
          238.09523809523807
        ]
      ],
      "group_id": null,
      "shape_type": "polygon",
      "flags": {}
    },
    {
      "label": "glass01",
      "points": [
        [
          218.86243386243382,
          85.18518518518518
        ],
        [
          220.44973544973544,
          158.7301587301587
        ],
        [
          253.25396825396825,
          161.9047619047619
        ],
        [
          253.78306878306876,
          86.77248677248677
        ]
      ],
      "group_id": null,
      "shape_type": "polygon",
      "flags": {}
    },
    {
      "label": "fabric01",
      "points": [
        [
          109.86772486772486,
          314.2857142857143
        ],
        [
          80.23809523809521,
          349.20634920634916
        ],
        [
          81.29629629629628,
          363.4920634920635
        ],
        [
          153.78306878306876,
          361.37566137566137
        ],
        [
          144.25925925925924,
          319.04761904761904
        ],
        [
          136.32275132275132,
          314.2857142857143
        ],
        [
          115.15873015873015,
          312.69841269841265
        ]
      ],
      "group_id": null,
      "shape_type": "polygon",
      "flags": {}
    },
    {
      "label": "wood02",
      "points": [
        [
          467.01058201058197,
          70.8994708994709
        ],
        [
          508.2804232804233,
          59.788359788359784
        ],
        [
          491.87830687830683,
          260.3174603174603
        ],
        [
          455.3703703703703,
          242.3280423280423
        ],
        [
          467.53968253968253,
          77.24867724867724
        ]
      ],
      "group_id": null,
      "shape_type": "polygon",
      "flags": {}
    }
  ],
  "imagePath": "142.jpg",
  "imageData": "",
  "imageHeight": 512,
  "imageWidth": 512
}
