{
  "version": "4.5.6",
  "flags": {},
  "shapes": [
    {
      "label": "fabric01",
      "points": [
        [
          198.2275132275132,
          107.93650793650792
        ],
        [
          200.34391534391534,
          310.5820105820106
        ],
        [
          232.0899470899471,
          310.5820105820106
        ],
        [
          236.85185185185185,
          210.58201058201058
        ],
        [
          244.78835978835974,
          108.99470899470899
        ]
      ],
      "group_id": null,
      "shape_type": "polygon",
      "flags": {}
    },
    {
      "label": "fabric02",
      "points": [
        [
          201.9312169312169,
          330.6878306878307
        ],
        [
          201.4021164021164,
          340.2116402116402
        ],
        [
          207.22222222222223,
          342.32804232804233
        ],
        [
          230.50264550264546,
          342.32804232804233
        ],
        [
          230.50264550264546,
          331.74603174603175
        ]
      ],
      "group_id": null,
      "shape_type": "polygon",
      "flags": {}
    },
    {
      "label": "glass01",
      "points": [
        [
          0.8730158730158593,
          114.81481481481481
        ],
        [
          60.661375661375644,
          115.34391534391534
        ],
        [
          60.13227513227511,
          266.1375661375661
        ],
        [
          1.4021164021163912,
          266.1375661375661
        ]
      ],
      "group_id": null,
      "shape_type": "polygon",
      "flags": {}
    },
    {
      "label": "glass02",
      "points": [
        [
          68.5978835978836,
          117.46031746031746
        ],
        [
          197.16931216931215,
          115.87301587301586
        ],
        [
          198.75661375661372,
          266.1375661375661
        ],
        [
          68.06878306878306,
          266.1375661375661
        ]
      ],
      "group_id": null,
      "shape_type": "polygon",
      "flags": {}
    },
    {
      "label": "glass03",
      "points": [
        [
          0.8730158730158593,
          338.6243386243386
        ],
        [
          59.074074074074076,
          337.037037037037
        ],
        [
          59.60317460317458,
          271.95767195767195
        ],
        [
          1.9312169312169232,
          271.95767195767195
        ]
      ],
      "group_id": null,
      "shape_type": "polygon",
      "flags": {}
    },
    {
      "label": "glass04",
      "points": [
        [
          69.65608465608463,
          271.95767195767195
        ],
        [
          68.5978835978836,
          337.56613756613757
        ],
        [
          73.35978835978835,
          336.5079365079365
        ],
        [
          73.88888888888889,
          319.57671957671954
        ],
        [
          95.58201058201058,
          309.5238095238095
        ],
        [
          154.31216931216932,
          310.05291005291
        ],
        [
          152.1957671957672,
          303.7037037037037
        ],
        [
          163.30687830687827,
          305.29100529100526
        ],
        [
          162.2486772486772,
          308.46560846560845
        ],
        [
          197.16931216931215,
          308.99470899470896
        ],
        [
          197.16931216931215,
          271.4285714285714
        ]
      ],
      "group_id": null,
      "shape_type": "polygon",
      "flags": {}
    },
    {
      "label": "wood01",
      "points": [
        [
          71.24338624338623,
          349.20634920634916
        ],
        [
          17.27513227513228,
          381.48148148148147
        ],
        [
          16.216931216931215,
          462.43386243386243
        ],
        [
          108.28042328042326,
          463.49206349206344
        ],
        [
          187.11640211640207,
          360.3174603174603
        ],
        [
          186.05820105820106,
          331.74603174603175
        ],
        [
          395.5820105820105,
          329.6296296296296
        ],
        [
          395.5820105820105,
          389.4179894179894
        ],
        [
          417.8042328042328,
          413.7566137566137
        ],
        [
          494.5238095238095,
          414.8148148148148
        ],
        [
          492.4074074074074,
          320.1058201058201
        ],
        [
          477.5925925925926,
          312.69841269841265
        ],
        [
          97.16931216931215,
          311.64021164021165
        ],
        [
          74.94708994708992,
          321.16402116402116
        ]
      ],
      "group_id": null,
      "shape_type": "polygon",
      "flags": {}
    },
    {
      "label": "fabric03",
      "points": [
        [
          1.9312169312169232,
          379.89417989417984
        ],
        [
          17.804232804232782,
          378.3068783068783
        ],
        [
          53.25396825396825,
          358.73015873015873
        ],
        [
          19.39153439153438,
          352.38095238095235
        ],
        [
          2.989417989417987,
          354.4973544973545
        ]
      ],
      "group_id": null,
      "shape_type": "polygon",
      "flags": {}
    }
  ],
  "imagePath": "103.jpg",
  "imageData": "",
  "imageHeight": 512,
  "imageWidth": 512
}
