{
  "version": "3.20.1",
  "flags": {},
  "shapes": [
    {
      "label": "fabric01",
      "line_color": null,
      "fill_color": null,
      "points": [
        [
          1.4782608695652186,
          265.7608695652174
        ],
        [
          70.5,
          244.02173913043478
        ],
        [
          73.76086956521738,
          251.6304347826087
        ],
        [
          181.3695652173913,
          232.06521739130434
        ],
        [
          191.15217391304344,
          244.02173913043478
        ],
        [
          185.7173913043478,
          264.67391304347825
        ],
        [
          199.30434782608694,
          288.5869565217391
        ],
        [
          213.43478260869563,
          304.89130434782606
        ],
        [
          405.28260869565213,
          507.6086956521739
        ],
        [
          1.4782608695652186,
          509.23913043478257
        ]
      ],
      "shape_type": "polygon",
      "flags": {}
    },
    {
      "label": "wood01",
      "line_color": null,
      "fill_color": null,
      "points": [
        [
          430.82608695652175,
          350.0
        ],
        [
          408.5434782608695,
          362.5
        ],
        [
          466.1521739130435,
          404.3478260869565
        ],
        [
          505.82608695652175,
          378.80434782608694
        ],
        [
          476.47826086956513,
          381.52173913043475
        ],
        [
          465.0652173913044,
          377.7173913043478
        ],
        [
          458.0,
          370.1086956521739
        ],
        [
          433.5434782608695,
          368.4782608695652
        ]
      ],
      "shape_type": "polygon",
      "flags": {}
    },
    {
      "label": "wood02",
      "line_color": null,
      "fill_color": null,
      "points": [
        [
          284.6304347826087,
          141.8478260869565
        ],
        [
          252.02173913043475,
          146.19565217391303
        ],
        [
          260.17391304347825,
          154.3478260869565
        ],
        [
          263.4347826086956,
          221.7391304347826
        ],
        [
          284.0869565217391,
          226.6304347826087
        ],
        [
          286.80434782608694,
          169.56521739130434
        ]
      ],
      "shape_type": "polygon",
      "flags": {}
    },
    {
      "label": "metal01",
      "line_color": null,
      "fill_color": null,
      "points": [
        [
          404.7391304347826,
          365.2173913043478
        ],
        [
          396.0434782608695,
          440.7608695652174
        ],
        [
          398.7608695652174,
          442.9347826086956
        ],
        [
          408.5434782608695,
          370.1086956521739
        ],
        [
          459.63043478260863,
          409.23913043478257
        ],
        [
          449.8478260869565,
          494.5652173913043
        ],
        [
          455.82608695652175,
          496.73913043478257
        ],
        [
          466.1521739130435,
          410.32608695652175
        ],
        [
          501.47826086956513,
          388.5869565217391
        ],
        [
          494.4130434782609,
          457.0652173913043
        ],
        [
          497.13043478260863,
          454.3478260869565
        ],
        [
          508.5434782608695,
          391.8478260869565
        ],
        [
          508.5434782608695,
          377.17391304347825
        ],
        [
          467.78260869565213,
          410.32608695652175
        ]
      ],
      "shape_type": "polygon",
      "flags": {}
    }
  ],
  "lineColor": [
    0,
    255,
    0,
    128
  ],
  "fillColor": [
    255,
    0,
    0,
    128
  ],
  "imagePath": "..\\pic\\458.jpg",
  "imageData": "",
  "imageHeight": 512,
  "imageWidth": 512
}
