{
  "version": "3.20.1",
  "flags": {},
  "shapes": [
    {
      "label": "wood01",
      "line_color": null,
      "fill_color": null,
      "points": [
        [
          183.0,
          278.80434782608694
        ],
        [
          184.08695652173913,
          269.02173913043475
        ],
        [
          199.8478260869565,
          267.39130434782606
        ],
        [
          279.73913043478257,
          269.5652173913043
        ],
        [
          310.17391304347825,
          276.0869565217391
        ],
        [
          310.7173913043478,
          306.52173913043475
        ],
        [
          299.8478260869565,
          292.39130434782606
        ],
        [
          299.30434782608694,
          288.04347826086956
        ],
        [
          253.10869565217388,
          276.6304347826087
        ],
        [
          210.17391304347825,
          276.6304347826087
        ]
      ],
      "shape_type": "polygon",
      "flags": {}
    },
    {
      "label": "fabric01",
      "line_color": null,
      "fill_color": null,
      "points": [
        [
          43.32608695652172,
          386.95652173913044
        ],
        [
          51.47826086956522,
          389.1304347826087
        ],
        [
          39.52173913043478,
          409.23913043478257
        ],
        [
          41.69565217391303,
          432.0652173913043
        ],
        [
          102.02173913043475,
          435.8695652173913
        ],
        [
          126.47826086956519,
          440.7608695652174
        ],
        [
          125.93478260869563,
          450.0
        ],
        [
          113.97826086956519,
          468.4782608695652
        ],
        [
          115.60869565217388,
          475.0
        ],
        [
          231.3695652173913,
          495.1086956521739
        ],
        [
          237.89130434782606,
          490.7608695652174
        ],
        [
          243.8695652173913,
          510.3260869565217
        ],
        [
          274.30434782608694,
          507.0652173913043
        ],
        [
          280.28260869565213,
          501.0869565217391
        ],
        [
          279.195652173913,
          468.4782608695652
        ],
        [
          311.2608695652174,
          367.39130434782606
        ],
        [
          320.5,
          357.0652173913043
        ],
        [
          312.89130434782606,
          330.4347826086956
        ],
        [
          304.73913043478257,
          309.2391304347826
        ],
        [
          290.0652173913043,
          290.2173913043478
        ],
        [
          276.4782608695652,
          285.32608695652175
        ],
        [
          224.8478260869565,
          278.2608695652174
        ],
        [
          199.8478260869565,
          278.80434782608694
        ],
        [
          180.2826086956522,
          283.695652173913
        ],
        [
          152.56521739130432,
          305.9782608695652
        ],
        [
          112.89130434782606,
          335.32608695652175
        ],
        [
          63.97826086956522,
          376.6304347826087
        ]
      ],
      "shape_type": "polygon",
      "flags": {}
    },
    {
      "label": "wood01",
      "line_color": null,
      "fill_color": null,
      "points": [
        [
          508.0,
          317.9347826086956
        ],
        [
          496.5869565217391,
          317.9347826086956
        ],
        [
          499.8478260869565,
          322.2826086956522
        ],
        [
          480.82608695652175,
          507.0652173913043
        ],
        [
          488.97826086956513,
          504.89130434782606
        ],
        [
          494.9565217391304,
          474.45652173913044
        ],
        [
          508.5434782608695,
          488.04347826086956
        ]
      ],
      "shape_type": "polygon",
      "flags": {}
    },
    {
      "label": "glass01",
      "line_color": null,
      "fill_color": null,
      "points": [
        [
          5.826086956521721,
          494.5652173913043
        ],
        [
          24.847826086956502,
          498.36956521739125
        ],
        [
          31.369565217391283,
          489.67391304347825
        ],
        [
          33.0,
          463.04347826086956
        ],
        [
          23.217391304347814,
          463.04347826086956
        ],
        [
          11.80434782608694,
          469.02173913043475
        ],
        [
          6.9130434782608745,
          465.7608695652174
        ]
      ],
      "shape_type": "polygon",
      "flags": {}
    },
    {
      "label": "wood02",
      "line_color": null,
      "fill_color": null,
      "points": [
        [
          68.86956521739128,
          434.23913043478257
        ],
        [
          84.08695652173913,
          447.8260869565217
        ],
        [
          91.695652173913,
          463.04347826086956
        ],
        [
          77.56521739130434,
          475.0
        ],
        [
          53.10869565217391,
          500.54347826086956
        ],
        [
          29.739130434782595,
          505.4347826086956
        ],
        [
          5.826086956521721,
          503.80434782608694
        ],
        [
          4.739130434782595,
          508.695652173913
        ],
        [
          65.06521739130434,
          508.695652173913
        ],
        [
          96.58695652173913,
          476.0869565217391
        ],
        [
          105.82608695652175,
          507.0652173913043
        ],
        [
          123.21739130434781,
          505.4347826086956
        ],
        [
          109.63043478260869,
          468.4782608695652
        ],
        [
          120.5,
          450.0
        ],
        [
          119.41304347826087,
          437.5
        ]
      ],
      "shape_type": "polygon",
      "flags": {}
    }
  ],
  "lineColor": [
    0,
    255,
    0,
    128
  ],
  "fillColor": [
    255,
    0,
    0,
    128
  ],
  "imagePath": "..\\pic\\364.jpg",
  "imageData": "",
  "imageHeight": 512,
  "imageWidth": 512
}
