{
  "version": "3.20.1",
  "flags": {},
  "shapes": [
    {
      "label": "fabric01",
      "line_color": null,
      "fill_color": null,
      "points": [
        [
          40.60869565217391,
          386.95652173913044
        ],
        [
          1.4782608695652186,
          401.0869565217391
        ],
        [
          2.0217391304347814,
          480.9782608695652
        ],
        [
          152.56521739130432,
          510.86956521739125
        ],
        [
          317.78260869565213,
          509.78260869565213
        ],
        [
          479.7391304347826,
          372.28260869565213
        ],
        [
          420.5,
          364.1304347826087
        ],
        [
          291.15217391304344,
          453.2608695652174
        ],
        [
          278.65217391304344,
          445.65217391304344
        ],
        [
          279.195652173913,
          425.54347826086956
        ],
        [
          274.8478260869565,
          435.8695652173913
        ],
        [
          230.28260869565213,
          429.89130434782606
        ],
        [
          222.67391304347825,
          443.4782608695652
        ],
        [
          213.9782608695652,
          442.9347826086956
        ],
        [
          203.65217391304344,
          420.1086956521739
        ],
        [
          209.08695652173913,
          407.6086956521739
        ],
        [
          172.1304347826087,
          408.15217391304344
        ],
        [
          169.95652173913044,
          465.7608695652174
        ],
        [
          162.89130434782606,
          466.8478260869565
        ],
        [
          158.54347826086956,
          452.17391304347825
        ],
        [
          90.06521739130432,
          463.5869565217391
        ],
        [
          89.52173913043475,
          482.6086956521739
        ],
        [
          74.8478260869565,
          482.0652173913043
        ],
        [
          75.93478260869563,
          464.1304347826087
        ],
        [
          43.86956521739128,
          465.7608695652174
        ],
        [
          41.69565217391303,
          420.65217391304344
        ]
      ],
      "shape_type": "polygon",
      "flags": {}
    },
    {
      "label": "fabric02",
      "line_color": null,
      "fill_color": null,
      "points": [
        [
          42.78260869565216,
          21.195652173913043
        ],
        [
          41.69565217391303,
          84.23913043478261
        ],
        [
          36.80434782608694,
          206.52173913043478
        ],
        [
          59.63043478260869,
          220.1086956521739
        ],
        [
          59.086956521739125,
          210.32608695652172
        ],
        [
          72.13043478260869,
          202.17391304347825
        ],
        [
          82.45652173913044,
          202.17391304347825
        ],
        [
          94.95652173913044,
          207.6086956521739
        ],
        [
          92.23913043478262,
          22.82608695652174
        ]
      ],
      "shape_type": "polygon",
      "flags": {}
    },
    {
      "label": "fabric03",
      "line_color": null,
      "fill_color": null,
      "points": [
        [
          180.82608695652175,
          136.41304347826087
        ],
        [
          174.30434782608694,
          246.7391304347826
        ],
        [
          179.195652173913,
          227.7173913043478
        ],
        [
          180.82608695652175,
          211.41304347826087
        ],
        [
          192.23913043478257,
          203.26086956521738
        ],
        [
          206.3695652173913,
          208.15217391304347
        ],
        [
          210.7173913043478,
          207.06521739130434
        ],
        [
          211.80434782608694,
          136.41304347826087
        ],
        [
          208.54347826086956,
          132.6086956521739
        ],
        [
          194.41304347826087,
          139.67391304347825
        ]
      ],
      "shape_type": "polygon",
      "flags": {}
    },
    {
      "label": "glass01",
      "line_color": null,
      "fill_color": null,
      "points": [
        [
          107.45652173913044,
          52.17391304347826
        ],
        [
          108.54347826086956,
          222.82608695652172
        ],
        [
          111.26086956521738,
          260.8695652173913
        ],
        [
          124.8478260869565,
          259.7826086956522
        ],
        [
          123.76086956521738,
          233.15217391304347
        ],
        [
          121.04347826086956,
          211.41304347826087
        ],
        [
          127.02173913043475,
          205.43478260869566
        ],
        [
          128.10869565217388,
          57.608695652173914
        ]
      ],
      "shape_type": "polygon",
      "flags": {}
    },
    {
      "label": "glass02",
      "line_color": null,
      "fill_color": null,
      "points": [
        [
          140.60869565217388,
          60.326086956521735
        ],
        [
          138.9782608695652,
          202.7173913043478
        ],
        [
          145.5,
          205.97826086956522
        ],
        [
          156.3695652173913,
          210.32608695652172
        ],
        [
          159.08695652173913,
          63.586956521739125
        ]
      ],
      "shape_type": "polygon",
      "flags": {}
    },
    {
      "label": "glass03",
      "line_color": null,
      "fill_color": null,
      "points": [
        [
          180.2826086956522,
          72.82608695652173
        ],
        [
          174.8478260869565,
          247.28260869565216
        ],
        [
          165.60869565217388,
          247.82608695652172
        ],
        [
          168.32608695652175,
          65.76086956521739
        ]
      ],
      "shape_type": "polygon",
      "flags": {}
    },
    {
      "label": "glass04",
      "line_color": null,
      "fill_color": null,
      "points": [
        [
          366.695652173913,
          107.6086956521739
        ],
        [
          365.0652173913044,
          210.86956521739128
        ],
        [
          381.36956521739125,
          203.26086956521738
        ],
        [
          390.0652173913044,
          210.32608695652172
        ],
        [
          391.1521739130435,
          107.06521739130434
        ]
      ],
      "shape_type": "polygon",
      "flags": {}
    },
    {
      "label": "glass05",
      "line_color": null,
      "fill_color": null,
      "points": [
        [
          402.02173913043475,
          108.69565217391303
        ],
        [
          402.02173913043475,
          199.45652173913044
        ],
        [
          429.7391304347826,
          200.54347826086956
        ],
        [
          433.0,
          211.41304347826087
        ],
        [
          435.17391304347825,
          107.06521739130434
        ]
      ],
      "shape_type": "polygon",
      "flags": {}
    },
    {
      "label": "glass06",
      "line_color": null,
      "fill_color": null,
      "points": [
        [
          449.3043478260869,
          104.89130434782608
        ],
        [
          448.7608695652174,
          224.45652173913044
        ],
        [
          474.8478260869565,
          225.54347826086956
        ],
        [
          475.9347826086956,
          104.34782608695652
        ]
      ],
      "shape_type": "polygon",
      "flags": {}
    },
    {
      "label": "wood01",
      "line_color": null,
      "fill_color": null,
      "points": [
        [
          121.04347826086956,
          270.65217391304344
        ],
        [
          80.28260869565216,
          280.4347826086956
        ],
        [
          80.28260869565216,
          300.54347826086956
        ],
        [
          193.8695652173913,
          308.695652173913
        ],
        [
          184.08695652173913,
          313.5869565217391
        ],
        [
          185.17391304347825,
          320.1086956521739
        ],
        [
          195.5,
          332.6086956521739
        ],
        [
          190.06521739130432,
          338.5869565217391
        ],
        [
          190.06521739130432,
          355.4347826086956
        ],
        [
          179.73913043478257,
          362.5
        ],
        [
          182.45652173913044,
          372.82608695652175
        ],
        [
          186.26086956521738,
          377.7173913043478
        ],
        [
          183.0,
          391.8478260869565
        ],
        [
          183.0,
          402.7173913043478
        ],
        [
          204.73913043478257,
          408.15217391304344
        ],
        [
          210.17391304347825,
          407.0652173913043
        ],
        [
          213.43478260869563,
          395.65217391304344
        ],
        [
          210.7173913043478,
          384.78260869565213
        ],
        [
          210.7173913043478,
          356.52173913043475
        ],
        [
          216.695652173913,
          344.5652173913043
        ],
        [
          216.15217391304344,
          315.7608695652174
        ],
        [
          223.76086956521738,
          313.04347826086956
        ],
        [
          266.15217391304344,
          303.2608695652174
        ],
        [
          262.3478260869565,
          329.3478260869565
        ],
        [
          281.3695652173913,
          331.52173913043475
        ],
        [
          281.3695652173913,
          304.3478260869565
        ],
        [
          288.4347826086956,
          295.1086956521739
        ],
        [
          290.0652173913043,
          276.6304347826087
        ],
        [
          240.06521739130432,
          281.52173913043475
        ],
        [
          211.26086956521738,
          283.695652173913
        ],
        [
          201.4782608695652,
          275.54347826086956
        ],
        [
          190.60869565217388,
          274.45652173913044
        ],
        [
          173.2173913043478,
          265.2173913043478
        ],
        [
          167.23913043478257,
          278.80434782608694
        ],
        [
          153.10869565217388,
          286.95652173913044
        ],
        [
          136.26086956521738,
          284.2391304347826
        ],
        [
          115.60869565217388,
          280.4347826086956
        ]
      ],
      "shape_type": "polygon",
      "flags": {}
    },
    {
      "label": "wood02",
      "line_color": null,
      "fill_color": null,
      "points": [
        [
          33.54347826086956,
          210.86956521739128
        ],
        [
          21.586956521739125,
          223.91304347826085
        ],
        [
          40.60869565217391,
          348.3695652173913
        ],
        [
          42.78260869565216,
          454.89130434782606
        ],
        [
          48.217391304347814,
          457.0652173913043
        ],
        [
          54.739130434782595,
          432.6086956521739
        ],
        [
          54.19565217391303,
          404.89130434782606
        ],
        [
          54.19565217391303,
          378.80434782608694
        ],
        [
          80.82608695652172,
          396.195652173913
        ],
        [
          76.47826086956522,
          478.80434782608694
        ],
        [
          90.06521739130432,
          479.3478260869565
        ],
        [
          90.06521739130432,
          395.65217391304344
        ],
        [
          115.06521739130432,
          394.02173913043475
        ],
        [
          115.06521739130432,
          442.9347826086956
        ],
        [
          123.21739130434781,
          441.8478260869565
        ],
        [
          125.39130434782606,
          389.1304347826087
        ],
        [
          156.91304347826087,
          389.1304347826087
        ],
        [
          162.3478260869565,
          468.4782608695652
        ],
        [
          171.04347826086956,
          465.7608695652174
        ],
        [
          168.32608695652175,
          364.1304347826087
        ],
        [
          151.4782608695652,
          354.3478260869565
        ],
        [
          152.02173913043475,
          336.4130434782609
        ],
        [
          156.91304347826087,
          344.5652173913043
        ],
        [
          162.3478260869565,
          333.695652173913
        ],
        [
          157.45652173913044,
          323.3695652173913
        ],
        [
          121.58695652173913,
          331.52173913043475
        ],
        [
          110.71739130434781,
          326.0869565217391
        ],
        [
          112.3478260869565,
          317.9347826086956
        ],
        [
          82.45652173913044,
          315.7608695652174
        ],
        [
          65.06521739130434,
          222.82608695652172
        ],
        [
          52.02173913043478,
          223.36956521739128
        ],
        [
          42.78260869565216,
          213.58695652173913
        ]
      ],
      "shape_type": "polygon",
      "flags": {}
    },
    {
      "label": "wood03",
      "line_color": null,
      "fill_color": null,
      "points": [
        [
          335.7173913043478,
          208.15217391304347
        ],
        [
          324.8478260869565,
          209.78260869565216
        ],
        [
          306.3695652173913,
          204.89130434782606
        ],
        [
          287.3478260869565,
          209.78260869565216
        ],
        [
          285.7173913043478,
          232.6086956521739
        ],
        [
          291.695652173913,
          235.86956521739128
        ],
        [
          291.695652173913,
          242.93478260869563
        ],
        [
          297.67391304347825,
          244.02173913043478
        ],
        [
          281.9130434782609,
          327.17391304347825
        ],
        [
          262.89130434782606,
          328.2608695652174
        ],
        [
          240.06521739130432,
          330.9782608695652
        ],
        [
          221.58695652173913,
          340.2173913043478
        ],
        [
          213.43478260869563,
          352.7173913043478
        ],
        [
          211.80434782608694,
          357.6086956521739
        ],
        [
          210.7173913043478,
          394.5652173913043
        ],
        [
          213.9782608695652,
          414.67391304347825
        ],
        [
          210.7173913043478,
          435.3260869565217
        ],
        [
          220.5,
          442.39130434782606
        ],
        [
          221.58695652173913,
          429.89130434782606
        ],
        [
          275.39130434782606,
          435.3260869565217
        ],
        [
          280.28260869565213,
          458.15217391304344
        ],
        [
          291.695652173913,
          441.8478260869565
        ],
        [
          291.695652173913,
          423.9130434782609
        ],
        [
          310.7173913043478,
          419.02173913043475
        ],
        [
          312.3478260869565,
          439.67391304347825
        ],
        [
          322.1304347826087,
          434.78260869565213
        ],
        [
          324.30434782608694,
          404.89130434782606
        ],
        [
          337.3478260869565,
          404.3478260869565
        ],
        [
          338.9782608695652,
          417.9347826086956
        ],
        [
          351.47826086956525,
          413.5869565217391
        ],
        [
          354.195652173913,
          386.95652173913044
        ],
        [
          359.0869565217391,
          387.5
        ],
        [
          369.4130434782609,
          403.80434782608694
        ],
        [
          377.02173913043475,
          395.1086956521739
        ],
        [
          375.391304347826,
          369.5652173913043
        ],
        [
          385.17391304347825,
          365.7608695652174
        ],
        [
          385.17391304347825,
          386.4130434782609
        ],
        [
          393.32608695652175,
          383.15217391304344
        ],
        [
          393.32608695652175,
          337.5
        ],
        [
          406.9130434782609,
          330.4347826086956
        ],
        [
          406.9130434782609,
          370.1086956521739
        ],
        [
          415.6086956521739,
          361.4130434782609
        ],
        [
          417.78260869565213,
          303.2608695652174
        ],
        [
          432.4565217391304,
          222.28260869565216
        ],
        [
          427.5652173913044,
          207.6086956521739
        ],
        [
          403.6521739130435,
          211.41304347826087
        ],
        [
          386.8043478260869,
          296.7391304347826
        ],
        [
          378.1086956521739,
          297.82608695652175
        ],
        [
          394.9565217391304,
          226.6304347826087
        ],
        [
          386.2608695652174,
          213.04347826086956
        ],
        [
          364.52173913043475,
          216.8478260869565
        ],
        [
          347.13043478260863,
          290.2173913043478
        ],
        [
          332.45652173913044,
          289.67391304347825
        ],
        [
          346.5869565217391,
          221.19565217391303
        ]
      ],
      "shape_type": "polygon",
      "flags": {}
    },
    {
      "label": "plastic01",
      "line_color": null,
      "fill_color": null,
      "points": [
        [
          294.4130434782609,
          159.78260869565216
        ],
        [
          302.02173913043475,
          160.32608695652172
        ],
        [
          308.54347826086956,
          184.2391304347826
        ],
        [
          288.9782608695652,
          182.6086956521739
        ]
      ],
      "shape_type": "polygon",
      "flags": {}
    },
    {
      "label": "plastic02",
      "line_color": null,
      "fill_color": null,
      "points": [
        [
          185.7173913043478,
          50.54347826086956
        ],
        [
          200.39130434782606,
          52.17391304347826
        ],
        [
          200.39130434782606,
          81.52173913043478
        ],
        [
          180.82608695652175,
          77.17391304347825
        ]
      ],
      "shape_type": "polygon",
      "flags": {}
    },
    {
      "label": "plastic03",
      "line_color": null,
      "fill_color": null,
      "points": [
        [
          208.54347826086956,
          19.565217391304348
        ],
        [
          209.08695652173913,
          28.804347826086957
        ],
        [
          205.82608695652175,
          46.73913043478261
        ],
        [
          205.82608695652175,
          60.869565217391305
        ],
        [
          212.3478260869565,
          63.04347826086956
        ],
        [
          208.0,
          82.6086956521739
        ],
        [
          230.28260869565213,
          82.6086956521739
        ],
        [
          228.65217391304344,
          52.17391304347826
        ],
        [
          225.39130434782606,
          49.45652173913043
        ],
        [
          220.5,
          30.434782608695652
        ],
        [
          221.58695652173913,
          19.565217391304348
        ]
      ],
      "shape_type": "polygon",
      "flags": {}
    },
    {
      "label": "plastic04",
      "line_color": null,
      "fill_color": null,
      "points": [
        [
          248.2173913043478,
          28.26086956521739
        ],
        [
          256.9130434782609,
          28.26086956521739
        ],
        [
          260.7173913043478,
          57.065217391304344
        ],
        [
          274.8478260869565,
          61.95652173913043
        ],
        [
          277.02173913043475,
          89.67391304347825
        ],
        [
          261.80434782608694,
          83.15217391304347
        ],
        [
          250.93478260869563,
          83.15217391304347
        ],
        [
          253.10869565217388,
          92.39130434782608
        ],
        [
          233.0,
          91.84782608695652
        ],
        [
          236.26086956521738,
          67.39130434782608
        ],
        [
          246.58695652173913,
          65.76086956521739
        ],
        [
          247.67391304347825,
          57.065217391304344
        ],
        [
          240.06521739130432,
          54.347826086956516
        ]
      ],
      "shape_type": "polygon",
      "flags": {}
    },
    {
      "label": "wood04",
      "line_color": null,
      "fill_color": null,
      "points": [
        [
          347.13043478260863,
          85.32608695652173
        ],
        [
          492.78260869565213,
          78.80434782608695
        ],
        [
          505.82608695652175,
          84.23913043478261
        ],
        [
          500.391304347826,
          102.71739130434783
        ],
        [
          497.13043478260863,
          326.0869565217391
        ],
        [
          488.97826086956513,
          334.7826086956522
        ],
        [
          479.195652173913,
          335.32608695652175
        ],
        [
          465.0652173913044,
          329.3478260869565
        ],
        [
          416.1521739130435,
          326.6304347826087
        ],
        [
          416.695652173913,
          304.3478260869565
        ],
        [
          433.0,
          220.65217391304347
        ],
        [
          428.1086956521739,
          205.43478260869566
        ],
        [
          404.7391304347826,
          210.32608695652172
        ],
        [
          387.891304347826,
          298.3695652173913
        ],
        [
          378.6521739130435,
          297.2826086956522
        ],
        [
          393.86956521739125,
          220.65217391304347
        ],
        [
          387.3478260869565,
          213.58695652173913
        ],
        [
          366.1521739130435,
          214.67391304347825
        ],
        [
          353.6521739130435,
          253.80434782608694
        ],
        [
          354.195652173913,
          104.34782608695652
        ]
      ],
      "shape_type": "polygon",
      "flags": {}
    }
  ],
  "lineColor": [
    0,
    255,
    0,
    128
  ],
  "fillColor": [
    255,
    0,
    0,
    128
  ],
  "imagePath": "..\\pic\\221.jpg",
  "imageData": "",
  "imageHeight": 512,
  "imageWidth": 512
}
