{
  "version": "3.20.1",
  "flags": {},
  "shapes": [
    {
      "label": "glass01",
      "line_color": null,
      "fill_color": null,
      "points": [
        [
          130.2826086956522,
          88.58695652173913
        ],
        [
          131.91304347826087,
          220.65217391304347
        ],
        [
          172.1304347826087,
          219.02173913043478
        ],
        [
          174.8478260869565,
          94.56521739130434
        ]
      ],
      "shape_type": "polygon",
      "flags": {}
    },
    {
      "label": "glass02",
      "line_color": null,
      "fill_color": null,
      "points": [
        [
          188.43478260869563,
          99.45652173913044
        ],
        [
          189.52173913043475,
          212.5
        ],
        [
          204.195652173913,
          212.5
        ],
        [
          210.17391304347825,
          200.54347826086956
        ],
        [
          227.56521739130432,
          201.08695652173913
        ],
        [
          229.195652173913,
          106.52173913043478
        ]
      ],
      "shape_type": "polygon",
      "flags": {}
    },
    {
      "label": "glass03",
      "line_color": null,
      "fill_color": null,
      "points": [
        [
          249.30434782608694,
          101.63043478260869
        ],
        [
          247.1304347826087,
          196.19565217391303
        ],
        [
          259.6304347826087,
          199.45652173913044
        ],
        [
          263.9782608695652,
          189.67391304347825
        ],
        [
          280.28260869565213,
          194.56521739130434
        ],
        [
          281.9130434782609,
          107.6086956521739
        ]
      ],
      "shape_type": "polygon",
      "flags": {}
    },
    {
      "label": "fabric01",
      "line_color": null,
      "fill_color": null,
      "points": [
        [
          149.8478260869565,
          259.2391304347826
        ],
        [
          136.26086956521738,
          267.39130434782606
        ],
        [
          121.58695652173913,
          346.195652173913
        ],
        [
          130.2826086956522,
          342.39130434782606
        ],
        [
          172.1304347826087,
          359.23913043478257
        ],
        [
          173.2173913043478,
          440.2173913043478
        ],
        [
          191.695652173913,
          436.95652173913044
        ],
        [
          203.65217391304344,
          440.7608695652174
        ],
        [
          207.45652173913044,
          445.1086956521739
        ],
        [
          218.8695652173913,
          447.8260869565217
        ],
        [
          224.8478260869565,
          442.39130434782606
        ],
        [
          225.93478260869563,
          450.54347826086956
        ],
        [
          262.3478260869565,
          443.4782608695652
        ],
        [
          270.5,
          444.02173913043475
        ],
        [
          272.67391304347825,
          459.78260869565213
        ],
        [
          280.28260869565213,
          456.52173913043475
        ],
        [
          278.65217391304344,
          364.67391304347825
        ],
        [
          307.45652173913044,
          363.04347826086956
        ],
        [
          306.9130434782609,
          307.6086956521739
        ],
        [
          340.6086956521739,
          266.8478260869565
        ],
        [
          369.9565217391304,
          263.5869565217391
        ],
        [
          379.7391304347826,
          272.82608695652175
        ],
        [
          387.3478260869565,
          292.9347826086956
        ],
        [
          397.13043478260863,
          305.9782608695652
        ],
        [
          392.2391304347826,
          410.32608695652175
        ],
        [
          395.5,
          446.195652173913
        ],
        [
          408.5434782608695,
          447.8260869565217
        ],
        [
          415.6086956521739,
          444.02173913043475
        ],
        [
          413.97826086956525,
          414.67391304347825
        ],
        [
          426.47826086956525,
          407.6086956521739
        ],
        [
          430.28260869565213,
          403.2608695652174
        ],
        [
          427.5652173913044,
          385.32608695652175
        ],
        [
          426.47826086956525,
          282.6086956521739
        ],
        [
          417.78260869565213,
          272.82608695652175
        ],
        [
          402.02173913043475,
          288.5869565217391
        ],
        [
          385.17391304347825,
          288.04347826086956
        ],
        [
          379.7391304347826,
          270.65217391304344
        ],
        [
          373.21739130434776,
          265.7608695652174
        ],
        [
          338.9782608695652,
          265.7608695652174
        ],
        [
          329.73913043478257,
          277.7173913043478
        ],
        [
          327.5652173913043,
          285.32608695652175
        ],
        [
          324.8478260869565,
          291.30434782608694
        ],
        [
          286.80434782608694,
          290.2173913043478
        ],
        [
          277.5652173913043,
          282.0652173913043
        ],
        [
          258.54347826086956,
          275.54347826086956
        ],
        [
          245.5,
          273.9130434782609
        ],
        [
          207.45652173913044,
          282.0652173913043
        ],
        [
          171.58695652173913,
          285.8695652173913
        ],
        [
          161.26086956521738,
          277.7173913043478
        ],
        [
          163.9782608695652,
          271.195652173913
        ],
        [
          162.89130434782606,
          263.04347826086956
        ]
      ],
      "shape_type": "polygon",
      "flags": {}
    },
    {
      "label": "wood01",
      "line_color": null,
      "fill_color": null,
      "points": [
        [
          130.82608695652175,
          294.5652173913043
        ],
        [
          119.95652173913044,
          292.9347826086956
        ],
        [
          115.60869565217388,
          248.36956521739128
        ],
        [
          105.82608695652175,
          229.3478260869565
        ],
        [
          94.95652173913044,
          224.45652173913044
        ],
        [
          88.97826086956522,
          232.06521739130434
        ],
        [
          88.97826086956522,
          249.45652173913044
        ],
        [
          87.3478260869565,
          252.7173913043478
        ],
        [
          88.43478260869563,
          286.4130434782609
        ],
        [
          80.82608695652172,
          272.82608695652175
        ],
        [
          77.56521739130434,
          258.15217391304344
        ],
        [
          73.76086956521738,
          251.6304347826087
        ],
        [
          65.6086956521739,
          249.45652173913044
        ],
        [
          59.63043478260869,
          252.17391304347825
        ],
        [
          55.28260869565216,
          283.15217391304344
        ],
        [
          61.26086956521738,
          352.17391304347825
        ],
        [
          54.739130434782595,
          456.52173913043475
        ],
        [
          61.26086956521738,
          457.6086956521739
        ],
        [
          65.06521739130434,
          430.9782608695652
        ],
        [
          81.36956521739128,
          419.02173913043475
        ],
        [
          88.43478260869563,
          423.9130434782609
        ],
        [
          83.54347826086956,
          490.2173913043478
        ],
        [
          89.52173913043475,
          489.67391304347825
        ],
        [
          93.86956521739131,
          454.3478260869565
        ],
        [
          162.3478260869565,
          410.8695652173913
        ],
        [
          159.6304347826087,
          464.1304347826087
        ],
        [
          169.41304347826087,
          464.1304347826087
        ],
        [
          172.67391304347825,
          360.32608695652175
        ],
        [
          132.45652173913044,
          345.65217391304344
        ],
        [
          119.95652173913044,
          346.73913043478257
        ],
        [
          124.30434782608694,
          332.6086956521739
        ],
        [
          115.60869565217388,
          335.32608695652175
        ],
        [
          117.78260869565219,
          316.30434782608694
        ],
        [
          127.02173913043475,
          317.9347826086956
        ]
      ],
      "shape_type": "polygon",
      "flags": {}
    },
    {
      "label": "wood02",
      "line_color": null,
      "fill_color": null,
      "points": [
        [
          288.4347826086956,
          473.3695652173913
        ],
        [
          278.65217391304344,
          471.73913043478257
        ],
        [
          279.73913043478257,
          364.67391304347825
        ],
        [
          308.54347826086956,
          361.95652173913044
        ],
        [
          308.0,
          305.9782608695652
        ],
        [
          329.195652173913,
          285.8695652173913
        ],
        [
          340.6086956521739,
          267.9347826086956
        ],
        [
          369.9565217391304,
          266.30434782608694
        ],
        [
          380.28260869565213,
          277.17391304347825
        ],
        [
          383.5434782608695,
          285.32608695652175
        ],
        [
          393.32608695652175,
          301.6304347826087
        ],
        [
          398.7608695652174,
          307.6086956521739
        ],
        [
          392.78260869565213,
          415.7608695652174
        ],
        [
          396.5869565217391,
          506.52173913043475
        ],
        [
          387.3478260869565,
          507.0652173913043
        ],
        [
          385.71739130434776,
          469.02173913043475
        ],
        [
          375.9347826086956,
          446.195652173913
        ],
        [
          368.32608695652175,
          446.73913043478257
        ],
        [
          368.32608695652175,
          461.4130434782609
        ],
        [
          352.02173913043475,
          461.95652173913044
        ],
        [
          352.5652173913044,
          450.0
        ],
        [
          315.0652173913043,
          452.17391304347825
        ],
        [
          315.6086956521739,
          508.15217391304344
        ],
        [
          305.8260869565217,
          507.0652173913043
        ],
        [
          308.0,
          481.52173913043475
        ],
        [
          300.9347826086956,
          455.9782608695652
        ],
        [
          292.78260869565213,
          456.52173913043475
        ]
      ],
      "shape_type": "polygon",
      "flags": {}
    },
    {
      "label": "wood03",
      "line_color": null,
      "fill_color": null,
      "points": [
        [
          398.7608695652174,
          255.43478260869563
        ],
        [
          398.21739130434776,
          242.93478260869563
        ],
        [
          410.71739130434776,
          227.17391304347825
        ],
        [
          428.6521739130435,
          227.17391304347825
        ],
        [
          438.4347826086956,
          247.82608695652172
        ],
        [
          437.3478260869565,
          273.9130434782609
        ],
        [
          435.71739130434776,
          307.6086956521739
        ],
        [
          438.4347826086956,
          315.7608695652174
        ],
        [
          472.13043478260863,
          316.8478260869565
        ],
        [
          481.9130434782609,
          315.7608695652174
        ],
        [
          486.2608695652174,
          284.2391304347826
        ],
        [
          490.0652173913044,
          265.7608695652174
        ],
        [
          496.0434782608695,
          250.0
        ],
        [
          505.28260869565213,
          241.8478260869565
        ],
        [
          509.0869565217391,
          240.2173913043478
        ],
        [
          510.17391304347825,
          390.7608695652174
        ],
        [
          497.67391304347825,
          385.8695652173913
        ],
        [
          497.13043478260863,
          394.5652173913043
        ],
        [
          491.1521739130435,
          392.39130434782606
        ],
        [
          490.6086956521739,
          382.6086956521739
        ],
        [
          470.5,
          377.17391304347825
        ],
        [
          469.4130434782609,
          418.4782608695652
        ],
        [
          456.9130434782609,
          418.4782608695652
        ],
        [
          455.82608695652175,
          364.67391304347825
        ],
        [
          439.52173913043475,
          356.52173913043475
        ],
        [
          439.52173913043475,
          394.5652173913043
        ],
        [
          431.36956521739125,
          394.5652173913043
        ],
        [
          433.0,
          338.5869565217391
        ],
        [
          428.6521739130435,
          336.95652173913044
        ],
        [
          427.02173913043475,
          281.52173913043475
        ],
        [
          419.9565217391304,
          272.2826086956522
        ]
      ],
      "shape_type": "polygon",
      "flags": {}
    }
  ],
  "lineColor": [
    0,
    255,
    0,
    128
  ],
  "fillColor": [
    255,
    0,
    0,
    128
  ],
  "imagePath": "..\\pic\\192.jpg",
  "imageData": "",
  "imageHeight": 512,
  "imageWidth": 512
}
