{
  "version": "3.20.1",
  "flags": {},
  "shapes": [
    {
      "label": "fabric01",
      "line_color": null,
      "fill_color": null,
      "points": [
        [
          67.06521739130434,
          350.54347826086956
        ],
        [
          258.3695652173913,
          314.1304347826087
        ],
        [
          266.52173913043475,
          310.32608695652175
        ],
        [
          306.195652173913,
          294.02173913043475
        ],
        [
          330.1086956521739,
          287.5
        ],
        [
          377.391304347826,
          287.5
        ],
        [
          411.0869565217391,
          305.9782608695652
        ],
        [
          430.6521739130435,
          325.0
        ],
        [
          442.0652173913044,
          340.7608695652174
        ],
        [
          449.67391304347825,
          358.15217391304344
        ],
        [
          449.67391304347825,
          371.195652173913
        ],
        [
          445.86956521739125,
          394.5652173913043
        ],
        [
          440.4347826086956,
          404.89130434782606
        ],
        [
          421.9565217391304,
          417.9347826086956
        ],
        [
          232.28260869565213,
          510.86956521739125
        ],
        [
          102.39130434782606,
          510.86956521739125
        ],
        [
          113.80434782608694,
          487.5
        ],
        [
          117.06521739130432,
          466.30434782608694
        ],
        [
          119.78260869565219,
          438.5869565217391
        ],
        [
          117.06521739130432,
          409.78260869565213
        ],
        [
          115.43478260869563,
          389.67391304347825
        ],
        [
          106.73913043478262,
          382.6086956521739
        ]
      ],
      "shape_type": "polygon",
      "flags": {}
    },
    {
      "label": "glass01",
      "line_color": null,
      "fill_color": null,
      "points": [
        [
          23.586956521739125,
          196.19565217391303
        ],
        [
          25.217391304347814,
          307.0652173913043
        ],
        [
          120.32608695652175,
          297.2826086956522
        ],
        [
          119.78260869565219,
          198.36956521739128
        ]
      ],
      "shape_type": "polygon",
      "flags": {}
    },
    {
      "label": "glass02",
      "line_color": null,
      "fill_color": null,
      "points": [
        [
          204.02173913043475,
          200.54347826086956
        ],
        [
          204.56521739130432,
          289.67391304347825
        ],
        [
          275.2173913043478,
          281.52173913043475
        ],
        [
          275.2173913043478,
          207.06521739130434
        ],
        [
          276.30434782608694,
          204.89130434782606
        ]
      ],
      "shape_type": "polygon",
      "flags": {}
    },
    {
      "label": "fabric02",
      "line_color": null,
      "fill_color": null,
      "points": [
        [
          6.739130434782595,
          164.67391304347825
        ],
        [
          137.7173913043478,
          171.19565217391303
        ],
        [
          139.3478260869565,
          73.3695652173913
        ],
        [
          8.369565217391283,
          45.108695652173914
        ]
      ],
      "shape_type": "polygon",
      "flags": {}
    },
    {
      "label": "fabric03",
      "line_color": null,
      "fill_color": null,
      "points": [
        [
          198.04347826086956,
          82.6086956521739
        ],
        [
          198.58695652173913,
          166.30434782608694
        ],
        [
          293.15217391304344,
          173.91304347826087
        ],
        [
          294.23913043478257,
          105.43478260869564
        ]
      ],
      "shape_type": "polygon",
      "flags": {}
    },
    {
      "label": "wood01",
      "line_color": null,
      "fill_color": null,
      "points": [
        [
          32.28260869565216,
          325.0
        ],
        [
          25.217391304347814,
          327.7173913043478
        ],
        [
          27.391304347826065,
          480.9782608695652
        ],
        [
          45.86956521739128,
          509.23913043478257
        ],
        [
          55.10869565217391,
          507.0652173913043
        ],
        [
          39.3478260869565,
          482.0652173913043
        ],
        [
          39.891304347826065,
          428.2608695652174
        ],
        [
          93,
          511
        ],
        [
          108.36956521739131,
          500.0
        ],
        [
          112.17391304347825,
          488.04347826086956
        ],
        [
          113.80434782608694,
          460.8695652173913
        ],
        [
          117.06521739130432,
          402.17391304347825
        ],
        [
          112.71739130434781,
          389.1304347826087
        ],
        [
          37.717391304347814,
          327.7173913043478
        ]
      ],
      "shape_type": "polygon",
      "flags": {}
    },
    {
      "label": "wood02",
      "line_color": null,
      "fill_color": null,
      "points": [
        [
          457.28260869565213,
          314.1304347826087
        ],
        [
          421.4130434782609,
          309.7826086956522
        ],
        [
          442.0652173913044,
          341.8478260869565
        ],
        [
          450.21739130434776,
          357.0652173913043
        ],
        [
          450.21739130434776,
          372.82608695652175
        ],
        [
          446.4130434782609,
          394.02173913043475
        ],
        [
          440.97826086956525,
          407.6086956521739
        ],
        [
          421.9565217391304,
          420.65217391304344
        ],
        [
          235.0,
          509.23913043478257
        ],
        [
          332.28260869565213,
          509.78260869565213
        ],
        [
          440.97826086956525,
          447.8260869565217
        ],
        [
          446.4130434782609,
          447.28260869565213
        ],
        [
          448.0434782608695,
          465.7608695652174
        ],
        [
          511,
          493
        ],
        [
          511,
          387
        ],
        [
          494.78260869565213,
          387.5
        ],
        [
          479.5652173913044,
          385.8695652173913
        ],
        [
          474.13043478260863,
          383.15217391304344
        ],
        [
          476.3043478260869,
          371.73913043478257
        ],
        [
          490.4347826086956,
          369.02173913043475
        ],
        [
          489.891304347826,
          352.17391304347825
        ],
        [
          485.5434782608695,
          341.30434782608694
        ],
        [
          474.67391304347825,
          341.30434782608694
        ],
        [
          461.0869565217391,
          349.45652173913044
        ],
        [
          461.63043478260863,
          318.4782608695652
        ]
      ],
      "shape_type": "polygon",
      "flags": {}
    }
  ],
  "lineColor": [
    0,
    255,
    0,
    128
  ],
  "fillColor": [
    255,
    0,
    0,
    128
  ],
  "imagePath": "..\\pic\\640.jpg",
  "imageData": "",
  "imageHeight": 512,
  "imageWidth": 512
}
