{
  "version": "4.5.6",
  "flags": {},
  "shapes": [
    {
      "label": "fabric01",
      "points": [
        [
          1.9312169312169232,
          288.35978835978835
        ],
        [
          14.100529100529087,
          286.2433862433862
        ],
        [
          15.687830687830683,
          296.8253968253968
        ],
        [
          26.798941798941797,
          308.46560846560845
        ],
        [
          45.846560846560834,
          353.9682539682539
        ],
        [
          57.48677248677248,
          364.5502645502645
        ],
        [
          37.38095238095238,
          367.7248677248677
        ],
        [
          0.8730158730158593,
          373.015873015873
        ]
      ],
      "group_id": null,
      "shape_type": "polygon",
      "flags": {}
    },
    {
      "label": "fabric02",
      "points": [
        [
          19.39153439153438,
          289.9470899470899
        ],
        [
          35.26455026455025,
          289.9470899470899
        ],
        [
          52.19576719576719,
          290.4761904761905
        ],
        [
          80.76719576719574,
          278.3068783068783
        ],
        [
          94.52380952380952,
          277.2486772486772
        ],
        [
          107.2222222222222,
          283.06878306878303
        ],
        [
          126.26984126984127,
          305.29100529100526
        ],
        [
          149.021164021164,
          315.87301587301585
        ],
        [
          145.8465608465608,
          321.16402116402116
        ],
        [
          143.20105820105817,
          327.5132275132275
        ],
        [
          107.2222222222222,
          342.32804232804233
        ],
        [
          97.16931216931215,
          348.67724867724866
        ],
        [
          74.94708994708992,
          357.67195767195767
        ],
        [
          56.95767195767195,
          361.90476190476187
        ],
        [
          47.43386243386243,
          353.9682539682539
        ],
        [
          27.32804232804233,
          307.4074074074074
        ],
        [
          17.804232804232782,
          296.8253968253968
        ]
      ],
      "group_id": null,
      "shape_type": "polygon",
      "flags": {}
    },
    {
      "label": "fabric03",
      "points": [
        [
          158.54497354497352,
          268.25396825396825
        ],
        [
          166.48148148148147,
          284.1269841269841
        ],
        [
          179.70899470899468,
          301.05820105820106
        ],
        [
          194.52380952380952,
          315.87301587301585
        ],
        [
          212.5132275132275,
          301.05820105820106
        ],
        [
          225.2116402116402,
          299.47089947089944
        ],
        [
          200.34391534391534,
          267.1957671957672
        ]
      ],
      "group_id": null,
      "shape_type": "polygon",
      "flags": {}
    },
    {
      "label": "fabric04",
      "points": [
        [
          200.87301587301585,
          265.07936507936506
        ],
        [
          226.79894179894177,
          300.5291005291005
        ],
        [
          256.95767195767195,
          289.4179894179894
        ],
        [
          234.73544973544972,
          260.8465608465608
        ],
        [
          217.80423280423275,
          264.021164021164
        ]
      ],
      "group_id": null,
      "shape_type": "polygon",
      "flags": {}
    },
    {
      "label": "fabric05",
      "points": [
        [
          1.9312169312169232,
          374.6031746031746
        ],
        [
          58.544973544973544,
          365.60846560846556
        ],
        [
          99.28571428571428,
          347.0899470899471
        ],
        [
          144.25925925925924,
          326.984126984127
        ],
        [
          206.69312169312167,
          340.2116402116402
        ],
        [
          299.2857142857143,
          350.7936507936508
        ],
        [
          315.6878306878307,
          354.4973544973545
        ],
        [
          325.7407407407407,
          362.96296296296293
        ],
        [
          322.037037037037,
          387.3015873015873
        ],
        [
          316.2169312169312,
          403.17460317460313
        ],
        [
          254.84126984126982,
          506.87830687830683
        ],
        [
          252.7248677248677,
          510.5820105820105
        ],
        [
          96.64021164021162,
          508.99470899470896
        ],
        [
          0.8730158730158593,
          510.5820105820105
        ]
      ],
      "group_id": null,
      "shape_type": "polygon",
      "flags": {}
    },
    {
      "label": "fabric06",
      "points": [
        [
          326.26984126984127,
          385.18518518518516
        ],
        [
          353.2539682539682,
          468.2539682539682
        ],
        [
          345.3174603174603,
          474.6031746031746
        ],
        [
          336.3227513227513,
          476.19047619047615
        ],
        [
          324.68253968253964,
          510.5820105820105
        ],
        [
          253.78306878306876,
          509.5238095238095
        ],
        [
          317.27513227513225,
          404.2328042328042
        ]
      ],
      "group_id": null,
      "shape_type": "polygon",
      "flags": {}
    },
    {
      "label": "fabric07",
      "points": [
        [
          190.29100529100526,
          316.4021164021164
        ],
        [
          189.2328042328042,
          333.8624338624338
        ],
        [
          353.2539682539682,
          352.38095238095235
        ],
        [
          374.9470899470899,
          328.042328042328
        ],
        [
          374.9470899470899,
          297.3544973544973
        ],
        [
          258.015873015873,
          289.9470899470899
        ],
        [
          214.10052910052906,
          304.76190476190476
        ]
      ],
      "group_id": null,
      "shape_type": "polygon",
      "flags": {}
    },
    {
      "label": "fabric08",
      "points": [
        [
          338.4391534391534,
          403.7037037037037
        ],
        [
          364.89417989417984,
          403.7037037037037
        ],
        [
          381.8253968253968,
          354.4973544973545
        ],
        [
          378.1216931216931,
          326.4550264550264
        ],
        [
          353.78306878306876,
          352.38095238095235
        ],
        [
          313.57142857142856,
          348.14814814814815
        ],
        [
          314.6296296296296,
          356.6137566137566
        ],
        [
          326.26984126984127,
          361.37566137566137
        ],
        [
          327.3280423280423,
          384.1269841269841
        ],
        [
          330.50264550264546,
          401.058201058201
        ]
      ],
      "group_id": null,
      "shape_type": "polygon",
      "flags": {}
    },
    {
      "label": "fabric09",
      "points": [
        [
          271.77248677248673,
          169.84126984126982
        ],
        [
          324.68253968253964,
          166.66666666666666
        ],
        [
          329.4444444444444,
          217.98941798941797
        ],
        [
          322.037037037037,
          196.8253968253968
        ],
        [
          320.97883597883595,
          186.77248677248676
        ],
        [
          282.8835978835979,
          188.88888888888889
        ],
        [
          284.47089947089944,
          205.8201058201058
        ],
        [
          272.8306878306878,
          218.5185185185185
        ],
        [
          272.8306878306878,
          182.53968253968253
        ]
      ],
      "group_id": null,
      "shape_type": "polygon",
      "flags": {}
    },
    {
      "label": "fabric10",
      "points": [
        [
          276.5343915343915,
          218.5185185185185
        ],
        [
          279.1798941798942,
          288.35978835978835
        ],
        [
          336.85185185185185,
          292.06349206349205
        ],
        [
          331.031746031746,
          220.63492063492063
        ],
        [
          319.9206349206349,
          188.35978835978835
        ],
        [
          283.94179894179894,
          188.88888888888889
        ],
        [
          285.5291005291005,
          207.93650793650792
        ]
      ],
      "group_id": null,
      "shape_type": "polygon",
      "flags": {}
    },
    {
      "label": "fabric11",
      "points": [
        [
          400.34391534391534,
          159.25925925925924
        ],
        [
          478.12169312169306,
          154.49735449735448
        ],
        [
          478.6507936507936,
          212.69841269841268
        ],
        [
          462.24867724867715,
          193.1216931216931
        ],
        [
          460.6613756613756,
          176.19047619047618
        ],
        [
          416.7460317460317,
          175.1322751322751
        ],
        [
          409.86772486772486,
          193.1216931216931
        ],
        [
          398.7566137566138,
          215.34391534391534
        ]
      ],
      "group_id": null,
      "shape_type": "polygon",
      "flags": {}
    },
    {
      "label": "fabric12",
      "points": [
        [
          397.1693121693121,
          220.1058201058201
        ],
        [
          400.34391534391534,
          296.8253968253968
        ],
        [
          418.33333333333326,
          294.7089947089947
        ],
        [
          418.8624338624338,
          267.7248677248677
        ],
        [
          438.968253968254,
          258.73015873015873
        ],
        [
          455.3703703703703,
          263.4920634920635
        ],
        [
          464.3650793650793,
          271.4285714285714
        ],
        [
          466.4814814814814,
          292.59259259259255
        ],
        [
          474.9470899470899,
          292.59259259259255
        ],
        [
          476.0052910052909,
          212.16931216931215
        ],
        [
          463.3068783068783,
          195.2380952380952
        ],
        [
          459.6031746031746,
          177.77777777777777
        ],
        [
          419.3915343915344,
          175.1322751322751
        ]
      ],
      "group_id": null,
      "shape_type": "polygon",
      "flags": {}
    },
    {
      "label": "fabric13",
      "points": [
        [
          420.4497354497354,
          267.7248677248677
        ],
        [
          419.3915343915344,
          297.8835978835979
        ],
        [
          426.2698412698412,
          302.11640211640207
        ],
        [
          430.50264550264546,
          331.2169312169312
        ],
        [
          432.6190476190476,
          335.97883597883595
        ],
        [
          479.7089947089946,
          339.15343915343914
        ],
        [
          479.1798941798942,
          324.86772486772486
        ],
        [
          464.89417989417984,
          315.34391534391534
        ],
        [
          449.5502645502645,
          307.4074074074074
        ],
        [
          462.7777777777777,
          294.7089947089947
        ],
        [
          463.3068783068783,
          273.5449735449735
        ],
        [
          451.13756613756607,
          262.96296296296293
        ],
        [
          435.7936507936507,
          260.8465608465608
        ],
        [
          426.79894179894177,
          263.4920634920635
        ]
      ],
      "group_id": null,
      "shape_type": "polygon",
      "flags": {}
    },
    {
      "label": "wood01",
      "points": [
        [
          20.978835978835974,
          237.56613756613754
        ],
        [
          88.17460317460316,
          252.38095238095235
        ],
        [
          81.29629629629628,
          259.7883597883598
        ],
        [
          81.82539682539681,
          267.1957671957672
        ],
        [
          96.64021164021162,
          267.1957671957672
        ],
        [
          98.22751322751321,
          233.86243386243385
        ],
        [
          100.87301587301585,
          233.33333333333331
        ],
        [
          106.16402116402114,
          282.01058201058197
        ],
        [
          98.75661375661375,
          278.3068783068783
        ],
        [
          80.76719576719574,
          277.77777777777777
        ],
        [
          50.60846560846559,
          291.5343915343915
        ],
        [
          12.513227513227505,
          284.65608465608466
        ],
        [
          0.0,
          286.0
        ],
        [
          1.4021164021163912,
          262.96296296296293
        ],
        [
          10.925925925925924,
          234.9206349206349
        ],
        [
          15.687830687830683,
          256.08465608465605
        ],
        [
          22.037037037037038,
          262.43386243386243
        ],
        [
          32.08994708994709,
          260.3174603174603
        ],
        [
          31.560846560846556,
          248.14814814814812
        ]
      ],
      "group_id": null,
      "shape_type": "polygon",
      "flags": {}
    },
    {
      "label": "wood02",
      "points": [
        [
          151.66666666666663,
          242.3280423280423
        ],
        [
          152.7248677248677,
          306.87830687830683
        ],
        [
          169.1269841269841,
          305.8201058201058
        ],
        [
          176.00529100529099,
          302.64550264550263
        ],
        [
          156.4285714285714,
          273.015873015873
        ],
        [
          155.89947089947088,
          265.60846560846556
        ],
        [
          198.75661375661372,
          266.66666666666663
        ],
        [
          203.51851851851848,
          261.90476190476187
        ],
        [
          229.4444444444444,
          262.43386243386243
        ],
        [
          229.4444444444444,
          237.56613756613754
        ],
        [
          220.44973544973544,
          246.03174603174602
        ],
        [
          200.34391534391534,
          237.56613756613754
        ],
        [
          183.94179894179894,
          237.56613756613754
        ],
        [
          169.1269841269841,
          248.14814814814812
        ],
        [
          168.5978835978836,
          257.1428571428571
        ],
        [
          158.54497354497352,
          259.7883597883598
        ],
        [
          157.48677248677245,
          246.03174603174602
        ]
      ],
      "group_id": null,
      "shape_type": "polygon",
      "flags": {}
    },
    {
      "label": "wood03",
      "points": [
        [
          508.80952380952374,
          91.53439153439153
        ],
        [
          484.47089947089944,
          139.68253968253967
        ],
        [
          476.5343915343915,
          396.29629629629625
        ],
        [
          511.0,
          503.0
        ]
      ],
      "group_id": null,
      "shape_type": "polygon",
      "flags": {}
    }
  ],
  "imagePath": "e206138.jpg",
  "imageData": "",
  "imageHeight": 512,
  "imageWidth": 512
}
