{
  "version": "3.20.1",
  "flags": {},
  "shapes": [
    {
      "label": "glass01",
      "line_color": null,
      "fill_color": null,
      "points": [
        [
          131.195652173913,
          115.76086956521739
        ],
        [
          135.0,
          463.04347826086956
        ],
        [
          154.02173913043475,
          478.2608695652174
        ],
        [
          153.4782608695652,
          109.78260869565217
        ]
      ],
      "shape_type": "polygon",
      "flags": {}
    },
    {
      "label": "glass02",
      "line_color": null,
      "fill_color": null,
      "points": [
        [
          174.1304347826087,
          116.30434782608695
        ],
        [
          176.30434782608694,
          472.8260869565217
        ],
        [
          285.0,
          481.52173913043475
        ],
        [
          288.80434782608694,
          106.52173913043478
        ]
      ],
      "shape_type": "polygon",
      "flags": {}
    },
    {
      "label": "glass03",
      "line_color": null,
      "fill_color": null,
      "points": [
        [
          314.89130434782606,
          98.91304347826086
        ],
        [
          311.0869565217391,
          461.95652173913044
        ],
        [
          365.4347826086956,
          454.3478260869565
        ],
        [
          376.3043478260869,
          455.4347826086956
        ],
        [
          377.9347826086956,
          291.8478260869565
        ],
        [
          370.32608695652175,
          282.6086956521739
        ],
        [
          380.6521739130435,
          239.67391304347825
        ],
        [
          381.7391304347826,
          100.54347826086956
        ]
      ],
      "shape_type": "polygon",
      "flags": {}
    },
    {
      "label": "glass04",
      "line_color": null,
      "fill_color": null,
      "points": [
        [
          452.9347826086956,
          109.23913043478261
        ],
        [
          453.47826086956525,
          257.6086956521739
        ],
        [
          495.32608695652175,
          260.32608695652175
        ],
        [
          495.32608695652175,
          240.2173913043478
        ],
        [
          501.3043478260869,
          221.7391304347826
        ],
        [
          501.3043478260869,
          198.36956521739128
        ],
        [
          477.391304347826,
          179.3478260869565
        ],
        [
          462.71739130434776,
          159.2391304347826
        ],
        [
          465.97826086956513,
          139.67391304347825
        ],
        [
          475.21739130434776,
          125.0
        ],
        [
          470.86956521739125,
          104.34782608695652
        ],
        [
          461.0869565217391,
          104.34782608695652
        ]
      ],
      "shape_type": "polygon",
      "flags": {}
    },
    {
      "label": "fabric01",
      "line_color": null,
      "fill_color": null,
      "points": [
        [
          374.67391304347825,
          29.891304347826086
        ],
        [
          469.2391304347826,
          0.0
        ],
        [
          510.5434782608695,
          0.5434782608695652
        ],
        [
          509.4565217391304,
          269.02173913043475
        ],
        [
          500.21739130434776,
          260.8695652173913
        ],
        [
          496.9565217391304,
          243.47826086956522
        ],
        [
          500.7608695652174,
          226.08695652173913
        ],
        [
          502.9347826086956,
          206.52173913043478
        ],
        [
          503.47826086956513,
          196.19565217391303
        ],
        [
          480.6521739130435,
          178.26086956521738
        ],
        [
          471.4130434782609,
          167.93478260869566
        ],
        [
          464.891304347826,
          154.8913043478261
        ],
        [
          467.6086956521739,
          140.76086956521738
        ],
        [
          476.3043478260869,
          126.08695652173913
        ],
        [
          474.67391304347825,
          108.15217391304347
        ],
        [
          461.63043478260863,
          98.3695652173913
        ],
        [
          438.8043478260869,
          108.69565217391303
        ],
        [
          431.7391304347826,
          118.47826086956522
        ],
        [
          437.17391304347825,
          141.30434782608694
        ],
        [
          440.4347826086956,
          157.6086956521739
        ],
        [
          426.8478260869565,
          172.82608695652172
        ],
        [
          423.0434782608695,
          184.2391304347826
        ],
        [
          415.4347826086956,
          189.67391304347825
        ],
        [
          410.0,
          191.8478260869565
        ],
        [
          413.2608695652174,
          204.89130434782606
        ],
        [
          419.2391304347826,
          222.28260869565216
        ],
        [
          416.52173913043475,
          233.15217391304347
        ],
        [
          410.5434782608695,
          239.1304347826087
        ],
        [
          406.7391304347826,
          268.4782608695652
        ],
        [
          401.8478260869565,
          272.82608695652175
        ],
        [
          403.47826086956525,
          299.45652173913044
        ],
        [
          395.32608695652175,
          296.7391304347826
        ],
        [
          373.0434782608695,
          287.5
        ],
        [
          374.67391304347825,
          273.3695652173913
        ],
        [
          381.195652173913,
          245.1086956521739
        ],
        [
          387.71739130434776,
          47.826086956521735
        ],
        [
          388.8043478260869,
          41.84782608695652
        ]
      ],
      "shape_type": "polygon",
      "flags": {}
    },
    {
      "label": "wood01",
      "line_color": null,
      "fill_color": null,
      "points": [
        [
          507.82608695652175,
          380.4347826086956
        ],
        [
          424.13043478260863,
          392.9347826086956
        ],
        [
          418.1521739130435,
          392.39130434782606
        ],
        [
          417.6086956521739,
          405.4347826086956
        ],
        [
          425.21739130434776,
          406.52173913043475
        ],
        [
          424.67391304347825,
          508.15217391304344
        ],
        [
          508.9130434782609,
          510.3260869565217
        ]
      ],
      "shape_type": "polygon",
      "flags": {}
    }
  ],
  "lineColor": [
    0,
    255,
    0,
    128
  ],
  "fillColor": [
    255,
    0,
    0,
    128
  ],
  "imagePath": "..\\pic\\601.jpg",
  "imageData": "",
  "imageHeight": 512,
  "imageWidth": 512
}
