{
  "version": "3.20.1",
  "flags": {},
  "shapes": [
    {
      "label": "fabric01",
      "line_color": null,
      "fill_color": null,
      "points": [
        [
          297.39130434782606,
          3.8043478260869565
        ],
        [
          298.4782608695652,
          98.3695652173913
        ],
        [
          302.8260869565217,
          113.04347826086956
        ],
        [
          315.3260869565217,
          114.67391304347825
        ],
        [
          353.36956521739125,
          114.13043478260869
        ],
        [
          370.7608695652174,
          117.93478260869564
        ],
        [
          380.5434782608695,
          117.93478260869564
        ],
        [
          432.17391304347825,
          119.02173913043478
        ],
        [
          451.195652173913,
          114.13043478260869
        ],
        [
          444.13043478260863,
          72.28260869565217
        ],
        [
          436.52173913043475,
          66.30434782608695
        ],
        [
          445.7608695652174,
          0.5434782608695652
        ]
      ],
      "shape_type": "polygon",
      "flags": {}
    },
    {
      "label": "wood01",
      "line_color": null,
      "fill_color": null,
      "points": [
        [
          445.21739130434776,
          1.0869565217391304
        ],
        [
          440.32608695652175,
          48.91304347826087
        ],
        [
          451.7391304347826,
          64.67391304347825
        ],
        [
          463.695652173913,
          69.56521739130434
        ],
        [
          478.9130434782609,
          79.89130434782608
        ],
        [
          478.36956521739125,
          22.82608695652174
        ],
        [
          482.17391304347825,
          1.6304347826086956
        ],
        [
          466.9565217391304,
          2.1739130434782608
        ],
        [
          466.9565217391304,
          29.34782608695652
        ],
        [
          449.02173913043475,
          26.630434782608695
        ],
        [
          452.82608695652175,
          1.6304347826086956
        ]
      ],
      "shape_type": "polygon",
      "flags": {}
    },
    {
      "label": "fabric02",
      "line_color": null,
      "fill_color": null,
      "points": [
        [
          190.8695652173913,
          161.95652173913044
        ],
        [
          171.30434782608694,
          163.58695652173913
        ],
        [
          162.60869565217388,
          173.91304347826087
        ],
        [
          158.26086956521738,
          189.1304347826087
        ],
        [
          166.41304347826087,
          207.6086956521739
        ],
        [
          186.52173913043475,
          210.32608695652172
        ],
        [
          273.4782608695652,
          216.30434782608694
        ],
        [
          290.3260869565217,
          215.2173913043478
        ],
        [
          303.36956521739125,
          197.28260869565216
        ],
        [
          310.4347826086956,
          189.1304347826087
        ],
        [
          311.52173913043475,
          172.28260869565216
        ],
        [
          296.30434782608694,
          161.95652173913044
        ],
        [
          277.28260869565213,
          159.78260869565216
        ],
        [
          255.54347826086956,
          169.02173913043478
        ],
        [
          234.3478260869565,
          165.76086956521738
        ],
        [
          201.73913043478257,
          159.2391304347826
        ]
      ],
      "shape_type": "polygon",
      "flags": {}
    },
    {
      "label": "fabric03",
      "line_color": null,
      "fill_color": null,
      "points": [
        [
          155.0,
          193.47826086956522
        ],
        [
          87.60869565217388,
          277.7173913043478
        ],
        [
          111.52173913043475,
          509.23913043478257
        ],
        [
          307.17391304347825,
          509.23913043478257
        ],
        [
          318.0434782608695,
          425.54347826086956
        ],
        [
          324.5652173913044,
          409.78260869565213
        ],
        [
          322.9347826086956,
          376.0869565217391
        ],
        [
          333.2608695652174,
          317.9347826086956
        ],
        [
          335.97826086956525,
          330.4347826086956
        ],
        [
          339.78260869565213,
          325.54347826086956
        ],
        [
          337.6086956521739,
          298.9130434782609
        ],
        [
          338.695652173913,
          283.15217391304344
        ],
        [
          326.7391304347826,
          232.06521739130434
        ],
        [
          326.195652173913,
          196.19565217391303
        ],
        [
          315.3260869565217,
          189.67391304347825
        ],
        [
          303.36956521739125,
          201.6304347826087
        ],
        [
          287.6086956521739,
          216.30434782608694
        ],
        [
          166.95652173913044,
          208.69565217391303
        ],
        [
          160.43478260869563,
          198.91304347826087
        ]
      ],
      "shape_type": "polygon",
      "flags": {}
    },
    {
      "label": "wood02",
      "line_color": null,
      "fill_color": null,
      "points": [
        [
          351.195652173913,
          194.56521739130434
        ],
        [
          347.9347826086956,
          222.82608695652172
        ],
        [
          344.13043478260863,
          340.2173913043478
        ],
        [
          433.2608695652174,
          353.2608695652174
        ],
        [
          447.391304347826,
          224.45652173913044
        ],
        [
          439.2391304347826,
          204.89130434782606
        ]
      ],
      "shape_type": "polygon",
      "flags": {}
    },
    {
      "label": "fabric04",
      "line_color": null,
      "fill_color": null,
      "points": [
        [
          325.1086956521739,
          507.6086956521739
        ],
        [
          336.52173913043475,
          391.8478260869565
        ],
        [
          355.0,
          386.95652173913044
        ],
        [
          412.0652173913044,
          391.8478260869565
        ],
        [
          424.02173913043475,
          393.4782608695652
        ],
        [
          435.97826086956513,
          407.0652173913043
        ],
        [
          438.695652173913,
          417.39130434782606
        ],
        [
          441.9565217391304,
          441.8478260869565
        ],
        [
          432.17391304347825,
          508.15217391304344
        ]
      ],
      "shape_type": "polygon",
      "flags": {}
    }
  ],
  "lineColor": [
    0,
    255,
    0,
    128
  ],
  "fillColor": [
    255,
    0,
    0,
    128
  ],
  "imagePath": "..\\pic\\8.jpg",
  "imageData": "",
  "imageHeight": 512,
  "imageWidth": 512
}
