{
  "version": "3.20.1",
  "flags": {},
  "shapes": [
    {
      "label": "plastic01",
      "line_color": null,
      "fill_color": null,
      "points": [
        [
          104.195652173913,
          182.06521739130434
        ],
        [
          113.97826086956519,
          176.6304347826087
        ],
        [
          133.0,
          176.6304347826087
        ],
        [
          144.41304347826087,
          175.54347826086956
        ],
        [
          152.56521739130432,
          180.43478260869566
        ],
        [
          154.73913043478257,
          221.7391304347826
        ],
        [
          145.5,
          227.7173913043478
        ],
        [
          124.8478260869565,
          226.6304347826087
        ],
        [
          107.45652173913044,
          226.08695652173913
        ]
      ],
      "shape_type": "polygon",
      "flags": {}
    },
    {
      "label": "wood01",
      "line_color": null,
      "fill_color": null,
      "points": [
        [
          60.17391304347825,
          283.695652173913
        ],
        [
          70.5,
          391.30434782608694
        ],
        [
          85.17391304347825,
          417.39130434782606
        ],
        [
          166.15217391304344,
          392.39130434782606
        ],
        [
          161.26086956521738,
          289.1304347826087
        ],
        [
          147.1304347826087,
          275.54347826086956
        ],
        [
          119.41304347826087,
          274.45652173913044
        ],
        [
          100.93478260869563,
          277.7173913043478
        ],
        [
          100.39130434782606,
          282.6086956521739
        ],
        [
          72.67391304347825,
          288.5869565217391
        ],
        [
          68.32608695652172,
          287.5
        ],
        [
          67.78260869565216,
          282.6086956521739
        ]
      ],
      "shape_type": "polygon",
      "flags": {}
    },
    {
      "label": "fabric01",
      "line_color": null,
      "fill_color": null,
      "points": [
        [
          185.17391304347825,
          161.41304347826087
        ],
        [
          208.0,
          170.65217391304347
        ],
        [
          255.82608695652175,
          173.36956521739128
        ],
        [
          263.4347826086956,
          160.32608695652172
        ],
        [
          297.1304347826087,
          165.2173913043478
        ],
        [
          330.28260869565213,
          163.58695652173913
        ],
        [
          349.3043478260869,
          151.08695652173913
        ],
        [
          353.6521739130435,
          154.8913043478261
        ],
        [
          356.9130434782609,
          185.86956521739128
        ],
        [
          368.32608695652175,
          216.30434782608694
        ],
        [
          393.32608695652175,
          228.26086956521738
        ],
        [
          511,
          261
        ],
        [
          508.5434782608695,
          264.1304347826087
        ],
        [
          343.3260869565217,
          309.2391304347826
        ],
        [
          346.0434782608695,
          302.17391304347825
        ],
        [
          340.0652173913043,
          295.1086956521739
        ],
        [
          342.23913043478257,
          286.95652173913044
        ],
        [
          343.3260869565217,
          273.9130434782609
        ],
        [
          339.52173913043475,
          268.4782608695652
        ],
        [
          333.0,
          266.8478260869565
        ],
        [
          329.195652173913,
          277.17391304347825
        ],
        [
          328.65217391304344,
          286.4130434782609
        ],
        [
          328.1086956521739,
          295.1086956521739
        ],
        [
          325.39130434782606,
          298.3695652173913
        ],
        [
          328.1086956521739,
          309.2391304347826
        ],
        [
          327.02173913043475,
          444.5652173913043
        ],
        [
          319.95652173913044,
          449.45652173913044
        ],
        [
          306.3695652173913,
          445.1086956521739
        ],
        [
          294.95652173913044,
          433.15217391304344
        ],
        [
          293.8695652173913,
          425.0
        ],
        [
          282.45652173913044,
          415.2173913043478
        ],
        [
          165.60869565217388,
          287.5
        ],
        [
          161.80434782608694,
          257.0652173913043
        ],
        [
          167.7826086956522,
          249.45652173913044
        ],
        [
          178.65217391304344,
          247.28260869565216
        ],
        [
          178.65217391304344,
          234.78260869565216
        ],
        [
          181.3695652173913,
          209.2391304347826
        ],
        [
          169.95652173913044,
          172.28260869565216
        ],
        [
          186.80434782608694,
          171.7391304347826
        ]
      ],
      "shape_type": "polygon",
      "flags": {}
    },
    {
      "label": "metal01",
      "line_color": null,
      "fill_color": null,
      "points": [
        [
          334.6304347826087,
          270.1086956521739
        ],
        [
          328.1086956521739,
          272.82608695652175
        ],
        [
          330.28260869565213,
          280.9782608695652
        ],
        [
          325.39130434782606,
          505.4347826086956
        ],
        [
          334.0869565217391,
          506.52173913043475
        ],
        [
          339.52173913043475,
          301.6304347826087
        ],
        [
          336.80434782608694,
          294.5652173913043
        ],
        [
          337.3478260869565,
          288.5869565217391
        ],
        [
          342.23913043478257,
          283.15217391304344
        ],
        [
          340.0652173913043,
          271.7391304347826
        ]
      ],
      "shape_type": "polygon",
      "flags": {}
    },
    {
      "label": "metal02",
      "line_color": null,
      "fill_color": null,
      "points": [
        [
          165.60869565217388,
          311.95652173913044
        ],
        [
          324.8478260869565,
          506.52173913043475
        ],
        [
          301.4782608695652,
          507.6086956521739
        ],
        [
          165.06521739130432,
          326.6304347826087
        ]
      ],
      "shape_type": "polygon",
      "flags": {}
    },
    {
      "label": "metal03",
      "line_color": null,
      "fill_color": null,
      "points": [
        [
          340.0652173913043,
          504.89130434782606
        ],
        [
          511,
          423
        ],
        [
          511,
          443
        ],
        [
          469.9565217391304,
          465.7608695652174
        ],
        [
          471.0434782608695,
          472.8260869565217
        ],
        [
          396.0434782608695,
          508.15217391304344
        ]
      ],
      "shape_type": "polygon",
      "flags": {}
    },
    {
      "label": "glass01",
      "line_color": null,
      "fill_color": null,
      "points": [
        [
          478.6521739130435,
          82.06521739130434
        ],
        [
          510.71739130434776,
          81.52173913043478
        ],
        [
          510.71739130434776,
          142.3913043478261
        ],
        [
          479.195652173913,
          139.1304347826087
        ]
      ],
      "shape_type": "polygon",
      "flags": {}
    },
    {
      "label": "glass02",
      "line_color": null,
      "fill_color": null,
      "points": [
        [
          479.195652173913,
          147.28260869565216
        ],
        [
          475.391304347826,
          190.76086956521738
        ],
        [
          510.17391304347825,
          198.36956521739128
        ],
        [
          510.17391304347825,
          152.7173913043478
        ]
      ],
      "shape_type": "polygon",
      "flags": {}
    }
  ],
  "lineColor": [
    0,
    255,
    0,
    128
  ],
  "fillColor": [
    255,
    0,
    0,
    128
  ],
  "imagePath": "..\\pic\\513.jpg",
  "imageData": "",
  "imageHeight": 512,
  "imageWidth": 512
}
