{
  "version": "3.20.1",
  "flags": {},
  "shapes": [
    {
      "label": "fabric01",
      "line_color": null,
      "fill_color": null,
      "points": [
        [
          191.41304347826087,
          222.82608695652172
        ],
        [
          193.58695652173913,
          299.45652173913044
        ],
        [
          189.23913043478257,
          294.5652173913043
        ],
        [
          176.73913043478257,
          296.195652173913
        ],
        [
          156.6304347826087,
          295.1086956521739
        ],
        [
          137.06521739130432,
          289.1304347826087
        ],
        [
          136.52173913043475,
          260.8695652173913
        ],
        [
          140.8695652173913,
          238.58695652173913
        ],
        [
          152.2826086956522,
          229.89130434782606
        ],
        [
          174.02173913043475,
          226.08695652173913
        ]
      ],
      "shape_type": "polygon",
      "flags": {}
    },
    {
      "label": "fabric02",
      "line_color": null,
      "fill_color": null,
      "points": [
        [
          204.45652173913044,
          283.695652173913
        ],
        [
          203.91304347826087,
          303.2608695652174
        ],
        [
          211.52173913043475,
          304.89130434782606
        ],
        [
          225.65217391304344,
          300.54347826086956
        ],
        [
          244.1304347826087,
          302.17391304347825
        ],
        [
          255.0,
          305.9782608695652
        ],
        [
          256.0869565217391,
          286.4130434782609
        ],
        [
          243.04347826086956,
          285.32608695652175
        ],
        [
          224.56521739130432,
          285.8695652173913
        ]
      ],
      "shape_type": "polygon",
      "flags": {}
    },
    {
      "label": "fabric03",
      "line_color": null,
      "fill_color": null,
      "points": [
        [
          203.91304347826087,
          250.0
        ],
        [
          205.0,
          266.8478260869565
        ],
        [
          210.43478260869563,
          267.9347826086956
        ],
        [
          223.4782608695652,
          265.7608695652174
        ],
        [
          235.9782608695652,
          266.30434782608694
        ],
        [
          249.02173913043475,
          272.2826086956522
        ],
        [
          255.54347826086956,
          271.195652173913
        ],
        [
          255.54347826086956,
          254.3478260869565
        ],
        [
          244.1304347826087,
          251.6304347826087
        ],
        [
          235.9782608695652,
          251.6304347826087
        ],
        [
          218.04347826086956,
          251.08695652173913
        ],
        [
          214.78260869565213,
          248.91304347826085
        ]
      ],
      "shape_type": "polygon",
      "flags": {}
    },
    {
      "label": "fabric04",
      "line_color": null,
      "fill_color": null,
      "points": [
        [
          202.82608695652175,
          219.02173913043478
        ],
        [
          203.3695652173913,
          234.2391304347826
        ],
        [
          212.06521739130432,
          234.2391304347826
        ],
        [
          221.8478260869565,
          230.43478260869566
        ],
        [
          234.89130434782606,
          230.43478260869566
        ],
        [
          244.67391304347825,
          235.86956521739128
        ],
        [
          255.0,
          235.86956521739128
        ],
        [
          255.54347826086956,
          220.65217391304347
        ],
        [
          243.58695652173913,
          220.65217391304347
        ],
        [
          228.3695652173913,
          219.02173913043478
        ],
        [
          210.43478260869563,
          219.02173913043478
        ]
      ],
      "shape_type": "polygon",
      "flags": {}
    },
    {
      "label": "fabric05",
      "line_color": null,
      "fill_color": null,
      "points": [
        [
          266.95652173913044,
          218.47826086956522
        ],
        [
          267.5,
          301.0869565217391
        ],
        [
          305.54347826086956,
          298.3695652173913
        ],
        [
          316.4130434782609,
          294.5652173913043
        ],
        [
          320.7608695652174,
          219.56521739130434
        ],
        [
          309.3478260869565,
          219.56521739130434
        ],
        [
          293.04347826086956,
          217.39130434782606
        ],
        [
          282.17391304347825,
          217.39130434782606
        ]
      ],
      "shape_type": "polygon",
      "flags": {}
    },
    {
      "label": "fabric06",
      "line_color": null,
      "fill_color": null,
      "points": [
        [
          331.0869565217391,
          241.8478260869565
        ],
        [
          331.0869565217391,
          263.04347826086956
        ],
        [
          338.695652173913,
          260.8695652173913
        ],
        [
          346.3043478260869,
          255.43478260869563
        ],
        [
          360.97826086956525,
          255.97826086956522
        ],
        [
          361.52173913043475,
          250.54347826086956
        ],
        [
          354.4565217391304,
          241.30434782608694
        ],
        [
          347.9347826086956,
          240.76086956521738
        ]
      ],
      "shape_type": "polygon",
      "flags": {}
    },
    {
      "label": "fabric07",
      "line_color": null,
      "fill_color": null,
      "points": [
        [
          328.9130434782609,
          277.7173913043478
        ],
        [
          328.36956521739125,
          290.7608695652174
        ],
        [
          330.0,
          292.9347826086956
        ],
        [
          335.97826086956525,
          289.67391304347825
        ],
        [
          348.47826086956525,
          285.32608695652175
        ],
        [
          358.2608695652174,
          287.5
        ],
        [
          360.4347826086956,
          281.52173913043475
        ],
        [
          360.4347826086956,
          270.1086956521739
        ],
        [
          355.0,
          269.02173913043475
        ],
        [
          344.67391304347825,
          273.3695652173913
        ],
        [
          339.2391304347826,
          274.45652173913044
        ]
      ],
      "shape_type": "polygon",
      "flags": {}
    },
    {
      "label": "fabric08",
      "line_color": null,
      "fill_color": null,
      "points": [
        [
          131.08695652173913,
          327.17391304347825
        ],
        [
          102.28260869565219,
          331.52173913043475
        ],
        [
          69.67391304347825,
          510.3260869565217
        ],
        [
          501.7391304347826,
          509.23913043478257
        ],
        [
          369.67391304347825,
          377.17391304347825
        ],
        [
          371.3043478260869,
          391.30434782608694
        ],
        [
          365.32608695652175,
          394.02173913043475
        ],
        [
          363.695652173913,
          436.4130434782609
        ],
        [
          352.82608695652175,
          434.78260869565213
        ],
        [
          352.82608695652175,
          411.95652173913044
        ],
        [
          340.32608695652175,
          401.0869565217391
        ],
        [
          325.1086956521739,
          409.78260869565213
        ],
        [
          325.1086956521739,
          455.4347826086956
        ],
        [
          316.4130434782609,
          455.9782608695652
        ],
        [
          315.86956521739125,
          437.5
        ],
        [
          282.17391304347825,
          412.5
        ],
        [
          268.5869565217391,
          428.80434782608694
        ],
        [
          266.4130434782609,
          436.4130434782609
        ],
        [
          264.23913043478257,
          473.9130434782609
        ],
        [
          255.0,
          471.195652173913
        ],
        [
          256.6304347826087,
          429.3478260869565
        ],
        [
          208.26086956521738,
          429.3478260869565
        ],
        [
          206.08695652173913,
          471.195652173913
        ],
        [
          193.58695652173913,
          469.02173913043475
        ],
        [
          192.5,
          409.78260869565213
        ],
        [
          141.95652173913044,
          411.95652173913044
        ],
        [
          143.58695652173913,
          429.3478260869565
        ],
        [
          136.52173913043475,
          429.3478260869565
        ]
      ],
      "shape_type": "polygon",
      "flags": {}
    },
    {
      "label": "wood01",
      "line_color": null,
      "fill_color": null,
      "points": [
        [
          124.02173913043475,
          177.17391304347825
        ],
        [
          118.58695652173913,
          186.41304347826087
        ],
        [
          131.6304347826087,
          317.9347826086956
        ],
        [
          134.89130434782606,
          427.7173913043478
        ],
        [
          143.04347826086956,
          425.54347826086956
        ],
        [
          139.23913043478257,
          338.04347826086956
        ],
        [
          189.23913043478257,
          333.695652173913
        ],
        [
          192.5,
          319.5652173913043
        ],
        [
          139.7826086956522,
          325.54347826086956
        ],
        [
          139.23913043478257,
          301.6304347826087
        ]
      ],
      "shape_type": "polygon",
      "flags": {}
    },
    {
      "label": "wood02",
      "line_color": null,
      "fill_color": null,
      "points": [
        [
          141.95652173913044,
          376.6304347826087
        ],
        [
          188.15217391304344,
          367.39130434782606
        ],
        [
          184.89130434782606,
          376.0869565217391
        ],
        [
          171.30434782608694,
          375.0
        ],
        [
          170.2173913043478,
          397.82608695652175
        ],
        [
          191.41304347826087,
          397.82608695652175
        ],
        [
          191.95652173913044,
          408.15217391304344
        ],
        [
          143.04347826086956,
          411.95652173913044
        ],
        [
          140.8695652173913,
          406.52173913043475
        ],
        [
          144.1304347826087,
          403.2608695652174
        ],
        [
          165.32608695652175,
          401.0869565217391
        ],
        [
          163.15217391304344,
          378.2608695652174
        ],
        [
          141.41304347826087,
          383.15217391304344
        ]
      ],
      "shape_type": "polygon",
      "flags": {}
    },
    {
      "label": "wood03",
      "line_color": null,
      "fill_color": null,
      "points": [
        [
          191.95652173913044,
          195.65217391304347
        ],
        [
          195.76086956521738,
          470.65217391304344
        ],
        [
          203.3695652173913,
          471.195652173913
        ],
        [
          206.6304347826087,
          426.6304347826087
        ],
        [
          258.2608695652174,
          429.89130434782606
        ],
        [
          257.17391304347825,
          421.73913043478257
        ],
        [
          206.08695652173913,
          422.28260869565213
        ],
        [
          204.45652173913044,
          366.30434782608694
        ],
        [
          259.89130434782606,
          367.9347826086956
        ],
        [
          257.17391304347825,
          351.6304347826087
        ],
        [
          203.3695652173913,
          352.17391304347825
        ],
        [
          203.91304347826087,
          321.73913043478257
        ],
        [
          255.54347826086956,
          320.1086956521739
        ],
        [
          257.7173913043478,
          303.80434782608694
        ],
        [
          203.91304347826087,
          303.80434782608694
        ],
        [
          203.91304347826087,
          282.6086956521739
        ],
        [
          258.2608695652174,
          285.32608695652175
        ],
        [
          258.2608695652174,
          270.65217391304344
        ],
        [
          245.2173913043478,
          272.2826086956522
        ],
        [
          234.3478260869565,
          266.8478260869565
        ],
        [
          218.58695652173913,
          268.4782608695652
        ],
        [
          210.9782608695652,
          271.195652173913
        ],
        [
          203.3695652173913,
          272.2826086956522
        ],
        [
          202.82608695652175,
          251.08695652173913
        ],
        [
          258.2608695652174,
          250.54347826086956
        ],
        [
          258.80434782608694,
          238.58695652173913
        ],
        [
          246.8478260869565,
          238.04347826086956
        ],
        [
          235.9782608695652,
          234.2391304347826
        ],
        [
          230.54347826086956,
          232.06521739130434
        ],
        [
          218.58695652173913,
          232.06521739130434
        ],
        [
          216.41304347826087,
          234.78260869565216
        ],
        [
          201.195652173913,
          232.06521739130434
        ],
        [
          201.195652173913,
          212.5
        ],
        [
          222.93478260869563,
          213.04347826086956
        ],
        [
          249.02173913043475,
          214.1304347826087
        ],
        [
          256.0869565217391,
          214.67391304347825
        ],
        [
          258.80434782608694,
          469.5652173913043
        ],
        [
          264.23913043478257,
          468.4782608695652
        ],
        [
          264.78260869565213,
          193.47826086956522
        ],
        [
          256.0869565217391,
          194.56521739130434
        ],
        [
          256.0869565217391,
          201.6304347826087
        ],
        [
          245.76086956521738,
          200.0
        ],
        [
          238.695652173913,
          193.47826086956522
        ],
        [
          231.6304347826087,
          193.47826086956522
        ],
        [
          224.02173913043475,
          194.56521739130434
        ],
        [
          218.04347826086956,
          198.91304347826087
        ],
        [
          209.89130434782606,
          198.91304347826087
        ],
        [
          209.3478260869565,
          171.7391304347826
        ],
        [
          201.195652173913,
          171.7391304347826
        ],
        [
          201.73913043478257,
          173.91304347826087
        ],
        [
          195.76086956521738,
          175.0
        ],
        [
          188.15217391304344,
          172.28260869565216
        ],
        [
          177.28260869565213,
          173.91304347826087
        ],
        [
          171.30434782608694,
          177.17391304347825
        ],
        [
          167.5,
          169.56521739130434
        ],
        [
          164.23913043478257,
          170.1086956521739
        ],
        [
          166.95652173913044,
          223.91304347826085
        ],
        [
          171.8478260869565,
          224.45652173913044
        ],
        [
          172.39130434782606,
          207.6086956521739
        ],
        [
          171.8478260869565,
          183.15217391304347
        ],
        [
          203.91304347826087,
          182.6086956521739
        ],
        [
          204.45652173913044,
          198.91304347826087
        ],
        [
          203.3695652173913,
          201.08695652173913
        ],
        [
          199.56521739130432,
          195.65217391304347
        ]
      ],
      "shape_type": "polygon",
      "flags": {}
    },
    {
      "label": "wood04",
      "line_color": null,
      "fill_color": null,
      "points": [
        [
          326.7391304347826,
          189.67391304347825
        ],
        [
          318.0434782608695,
          289.1304347826087
        ],
        [
          316.95652173913044,
          339.1304347826087
        ],
        [
          282.7173913043478,
          325.0
        ],
        [
          279.45652173913044,
          321.195652173913
        ],
        [
          274.02173913043475,
          323.9130434782609
        ],
        [
          273.4782608695652,
          421.73913043478257
        ],
        [
          279.45652173913044,
          413.04347826086956
        ],
        [
          315.86956521739125,
          435.3260869565217
        ],
        [
          315.3260869565217,
          426.6304347826087
        ],
        [
          287.0652173913043,
          404.89130434782606
        ],
        [
          278.9130434782609,
          400.54347826086956
        ],
        [
          281.0869565217391,
          367.9347826086956
        ],
        [
          312.0652173913043,
          354.89130434782606
        ],
        [
          303.9130434782609,
          351.6304347826087
        ],
        [
          281.6304347826087,
          360.8695652173913
        ],
        [
          281.0869565217391,
          338.5869565217391
        ],
        [
          315.3260869565217,
          354.3478260869565
        ],
        [
          314.23913043478257,
          408.695652173913
        ],
        [
          301.195652173913,
          412.5
        ],
        [
          301.73913043478257,
          417.9347826086956
        ],
        [
          316.4130434782609,
          413.04347826086956
        ],
        [
          316.95652173913044,
          451.0869565217391
        ],
        [
          325.6521739130435,
          451.6304347826087
        ],
        [
          325.1086956521739,
          409.23913043478257
        ],
        [
          338.695652173913,
          399.45652173913044
        ],
        [
          334.891304347826,
          396.73913043478257
        ],
        [
          325.6521739130435,
          403.80434782608694
        ],
        [
          323.47826086956525,
          382.6086956521739
        ],
        [
          354.4565217391304,
          376.0869565217391
        ],
        [
          354.4565217391304,
          370.1086956521739
        ],
        [
          345.21739130434776,
          371.195652173913
        ],
        [
          337.6086956521739,
          352.7173913043478
        ],
        [
          329.4565217391304,
          354.3478260869565
        ],
        [
          339.2391304347826,
          373.3695652173913
        ],
        [
          325.6521739130435,
          375.0
        ],
        [
          324.5652173913044,
          351.6304347826087
        ],
        [
          358.8043478260869,
          344.02173913043475
        ],
        [
          356.63043478260863,
          330.9782608695652
        ],
        [
          326.195652173913,
          339.1304347826087
        ],
        [
          327.28260869565213,
          308.695652173913
        ],
        [
          359.891304347826,
          300.0
        ],
        [
          360.4347826086956,
          286.4130434782609
        ],
        [
          355.0,
          288.5869565217391
        ],
        [
          349.02173913043475,
          286.4130434782609
        ],
        [
          343.0434782608695,
          288.04347826086956
        ],
        [
          335.97826086956525,
          294.5652173913043
        ],
        [
          327.28260869565213,
          297.2826086956522
        ],
        [
          328.36956521739125,
          277.7173913043478
        ],
        [
          352.82608695652175,
          272.2826086956522
        ],
        [
          359.891304347826,
          272.2826086956522
        ],
        [
          360.4347826086956,
          259.7826086956522
        ],
        [
          352.82608695652175,
          255.97826086956522
        ],
        [
          344.13043478260863,
          255.97826086956522
        ],
        [
          340.32608695652175,
          258.15217391304344
        ],
        [
          329.4565217391304,
          262.5
        ],
        [
          331.0869565217391,
          241.8478260869565
        ],
        [
          364.2391304347826,
          238.04347826086956
        ],
        [
          364.78260869565213,
          226.08695652173913
        ],
        [
          353.36956521739125,
          224.45652173913044
        ],
        [
          345.21739130434776,
          224.45652173913044
        ],
        [
          340.86956521739125,
          228.26086956521738
        ],
        [
          334.891304347826,
          231.52173913043478
        ],
        [
          334.891304347826,
          214.67391304347825
        ],
        [
          345.21739130434776,
          210.86956521739128
        ],
        [
          357.71739130434776,
          209.78260869565216
        ],
        [
          365.32608695652175,
          208.69565217391303
        ],
        [
          353.36956521739125,
          428.80434782608694
        ],
        [
          358.2608695652174,
          432.6086956521739
        ],
        [
          363.695652173913,
          431.52173913043475
        ],
        [
          363.695652173913,
          390.7608695652174
        ],
        [
          370.21739130434776,
          388.04347826086956
        ],
        [
          376.195652173913,
          266.30434782608694
        ],
        [
          387.6086956521739,
          178.26086956521738
        ],
        [
          378.9130434782609,
          176.08695652173913
        ],
        [
          375.1086956521739,
          173.91304347826087
        ],
        [
          370.7608695652174,
          178.26086956521738
        ],
        [
          368.5869565217391,
          171.7391304347826
        ],
        [
          359.3478260869565,
          171.7391304347826
        ],
        [
          359.3478260869565,
          186.95652173913044
        ],
        [
          353.36956521739125,
          188.04347826086956
        ],
        [
          345.7608695652174,
          194.56521739130434
        ],
        [
          338.1521739130435,
          196.7391304347826
        ],
        [
          333.8043478260869,
          191.30434782608694
        ]
      ],
      "shape_type": "polygon",
      "flags": {}
    },
    {
      "label": "wood05",
      "line_color": null,
      "fill_color": null,
      "points": [
        [
          281.0869565217391,
          215.76086956521738
        ],
        [
          281.6304347826087,
          171.7391304347826
        ],
        [
          285.9782608695652,
          171.19565217391303
        ],
        [
          288.695652173913,
          176.08695652173913
        ],
        [
          299.5652173913043,
          170.65217391304347
        ],
        [
          310.4347826086956,
          173.36956521739128
        ],
        [
          315.3260869565217,
          175.0
        ],
        [
          315.86956521739125,
          170.65217391304347
        ],
        [
          322.9347826086956,
          170.1086956521739
        ],
        [
          320.7608695652174,
          215.76086956521738
        ],
        [
          316.95652173913044,
          215.76086956521738
        ],
        [
          316.95652173913044,
          182.6086956521739
        ],
        [
          288.15217391304344,
          183.69565217391303
        ],
        [
          287.6086956521739,
          195.1086956521739
        ],
        [
          292.5,
          192.39130434782606
        ],
        [
          305.54347826086956,
          194.56521739130434
        ],
        [
          309.89130434782606,
          196.7391304347826
        ],
        [
          318.0434782608695,
          197.28260869565216
        ],
        [
          318.0434782608695,
          208.15217391304347
        ],
        [
          308.2608695652174,
          205.97826086956522
        ],
        [
          301.195652173913,
          205.97826086956522
        ],
        [
          283.80434782608694,
          206.52173913043478
        ],
        [
          287.0652173913043,
          214.67391304347825
        ]
      ],
      "shape_type": "polygon",
      "flags": {}
    },
    {
      "label": "glass01",
      "line_color": null,
      "fill_color": null,
      "points": [
        [
          433.2608695652174,
          23.369565217391305
        ],
        [
          432.17391304347825,
          63.586956521739125
        ],
        [
          449.5652173913044,
          58.69565217391304
        ],
        [
          451.7391304347826,
          6.521739130434782
        ],
        [
          441.4130434782609,
          13.043478260869565
        ]
      ],
      "shape_type": "polygon",
      "flags": {}
    },
    {
      "label": "glass02",
      "line_color": null,
      "fill_color": null,
      "points": [
        [
          458.8043478260869,
          3.8043478260869565
        ],
        [
          457.71739130434776,
          58.15217391304348
        ],
        [
          473.47826086956513,
          53.26086956521739
        ],
        [
          473.47826086956513,
          2.1739130434782608
        ]
      ],
      "shape_type": "polygon",
      "flags": {}
    },
    {
      "label": "glass03",
      "line_color": null,
      "fill_color": null,
      "points": [
        [
          491.9565217391304,
          1.0869565217391304
        ],
        [
          488.1521739130435,
          48.369565217391305
        ],
        [
          509.3478260869565,
          41.84782608695652
        ],
        [
          510.97826086956513,
          1.0869565217391304
        ]
      ],
      "shape_type": "polygon",
      "flags": {}
    },
    {
      "label": "glass04",
      "line_color": null,
      "fill_color": null,
      "points": [
        [
          431.63043478260863,
          72.28260869565217
        ],
        [
          428.9130434782609,
          127.71739130434781
        ],
        [
          445.7608695652174,
          128.26086956521738
        ],
        [
          449.5652173913044,
          66.84782608695652
        ]
      ],
      "shape_type": "polygon",
      "flags": {}
    },
    {
      "label": "glass05",
      "line_color": null,
      "fill_color": null,
      "points": [
        [
          452.28260869565213,
          66.30434782608695
        ],
        [
          451.195652173913,
          130.43478260869566
        ],
        [
          468.0434782608695,
          128.26086956521738
        ],
        [
          473.47826086956513,
          61.41304347826087
        ]
      ],
      "shape_type": "polygon",
      "flags": {}
    },
    {
      "label": "glass06",
      "line_color": null,
      "fill_color": null,
      "points": [
        [
          487.0652173913044,
          59.78260869565217
        ],
        [
          482.17391304347825,
          126.08695652173913
        ],
        [
          503.9130434782609,
          125.0
        ],
        [
          508.8043478260869,
          53.26086956521739
        ]
      ],
      "shape_type": "polygon",
      "flags": {}
    },
    {
      "label": "glass07",
      "line_color": null,
      "fill_color": null,
      "points": [
        [
          428.36956521739125,
          134.78260869565216
        ],
        [
          425.1086956521739,
          191.30434782608694
        ],
        [
          440.32608695652175,
          195.1086956521739
        ],
        [
          444.13043478260863,
          136.95652173913044
        ]
      ],
      "shape_type": "polygon",
      "flags": {}
    },
    {
      "label": "glass08",
      "line_color": null,
      "fill_color": null,
      "points": [
        [
          450.1086956521739,
          136.41304347826087
        ],
        [
          447.9347826086956,
          191.30434782608694
        ],
        [
          464.78260869565213,
          194.56521739130434
        ],
        [
          467.5,
          133.69565217391303
        ]
      ],
      "shape_type": "polygon",
      "flags": {}
    },
    {
      "label": "glass09",
      "line_color": null,
      "fill_color": null,
      "points": [
        [
          481.63043478260863,
          134.78260869565216
        ],
        [
          478.36956521739125,
          200.0
        ],
        [
          500.6521739130435,
          202.17391304347825
        ],
        [
          503.9130434782609,
          136.41304347826087
        ]
      ],
      "shape_type": "polygon",
      "flags": {}
    },
    {
      "label": "glass10",
      "line_color": null,
      "fill_color": null,
      "points": [
        [
          424.5652173913044,
          201.08695652173913
        ],
        [
          424.5652173913044,
          251.6304347826087
        ],
        [
          438.1521739130435,
          255.43478260869563
        ],
        [
          440.32608695652175,
          202.7173913043478
        ]
      ],
      "shape_type": "polygon",
      "flags": {}
    },
    {
      "label": "glass11",
      "line_color": null,
      "fill_color": null,
      "points": [
        [
          445.7608695652174,
          204.3478260869565
        ],
        [
          444.67391304347825,
          257.6086956521739
        ],
        [
          458.2608695652174,
          262.5
        ],
        [
          463.1521739130435,
          208.15217391304347
        ]
      ],
      "shape_type": "polygon",
      "flags": {}
    },
    {
      "label": "glass12",
      "line_color": null,
      "fill_color": null,
      "points": [
        [
          476.7391304347826,
          210.32608695652172
        ],
        [
          474.5652173913044,
          270.65217391304344
        ],
        [
          494.67391304347825,
          278.80434782608694
        ],
        [
          498.47826086956513,
          212.5
        ]
      ],
      "shape_type": "polygon",
      "flags": {}
    },
    {
      "label": "glass13",
      "line_color": null,
      "fill_color": null,
      "points": [
        [
          510.4347826086956,
          214.67391304347825
        ],
        [
          506.0869565217391,
          214.67391304347825
        ],
        [
          499.5652173913044,
          282.0652173913043
        ],
        [
          510.97826086956513,
          285.32608695652175
        ]
      ],
      "shape_type": "polygon",
      "flags": {}
    }
  ],
  "lineColor": [
    0,
    255,
    0,
    128
  ],
  "fillColor": [
    255,
    0,
    0,
    128
  ],
  "imagePath": "..\\pic\\696.jpg",
  "imageData": "",
  "imageHeight": 512,
  "imageWidth": 512
}
