{
  "version": "4.5.6",
  "flags": {},
  "shapes": [
    {
      "label": "glass01",
      "points": [
        [
          22.56613756613757,
          24.867724867724867
        ],
        [
          122.03703703703701,
          26.98412698412698
        ],
        [
          124.15343915343914,
          110.58201058201057
        ],
        [
          116.21693121693121,
          118.5185185185185
        ],
        [
          67.010582010582,
          116.93121693121692
        ],
        [
          68.5978835978836,
          146.03174603174602
        ],
        [
          33.677248677248656,
          148.67724867724866
        ]
      ],
      "group_id": null,
      "shape_type": "polygon",
      "flags": {}
    },
    {
      "label": "glass02",
      "points": [
        [
          242.1428571428571,
          26.455026455026452
        ],
        [
          376.5343915343915,
          26.98412698412698
        ],
        [
          373.35978835978835,
          180.4232804232804
        ],
        [
          368.59788359788354,
          180.95238095238093
        ],
        [
          369.1269841269841,
          139.15343915343914
        ],
        [
          236.3227513227513,
          127.5132275132275
        ]
      ],
      "group_id": null,
      "shape_type": "polygon",
      "flags": {}
    },
    {
      "label": "plastic01",
      "points": [
        [
          164.8941798941799,
          352.9100529100529
        ],
        [
          164.8941798941799,
          440.2116402116402
        ],
        [
          200.87301587301585,
          455.026455026455
        ],
        [
          216.2169312169312,
          440.2116402116402
        ],
        [
          220.44973544973544,
          360.3174603174603
        ]
      ],
      "group_id": null,
      "shape_type": "polygon",
      "flags": {}
    },
    {
      "label": "plastic02",
      "points": [
        [
          341.08465608465605,
          324.3386243386243
        ],
        [
          377.59259259259255,
          314.2857142857143
        ],
        [
          379.1798941798941,
          301.05820105820106
        ],
        [
          389.2328042328042,
          288.35978835978835
        ],
        [
          407.2222222222222,
          293.6507936507936
        ],
        [
          406.6931216931216,
          310.05291005291
        ],
        [
          393.46560846560845,
          332.27513227513225
        ],
        [
          387.64550264550263,
          417.4603174603174
        ],
        [
          355.8994708994709,
          447.6190476190476
        ],
        [
          346.37566137566137,
          441.79894179894177
        ],
        [
          334.7354497354497,
          356.08465608465605
        ]
      ],
      "group_id": null,
      "shape_type": "polygon",
      "flags": {}
    },
    {
      "label": "wood01",
      "points": [
        [
          390.82010582010577,
          409.5238095238095
        ],
        [
          454.84126984126976,
          424.86772486772486
        ],
        [
          462.24867724867715,
          304.2328042328042
        ],
        [
          407.75132275132273,
          295.23809523809524
        ],
        [
          408.2804232804233,
          311.64021164021165
        ],
        [
          393.99470899470896,
          333.3333333333333
        ]
      ],
      "group_id": null,
      "shape_type": "polygon",
      "flags": {}
    },
    {
      "label": "wood02",
      "points": [
        [
          277.59259259259255,
          287.8306878306878
        ],
        [
          278.6507936507936,
          348.67724867724866
        ],
        [
          333.67724867724866,
          358.73015873015873
        ],
        [
          340.55555555555554,
          321.69312169312167
        ],
        [
          346.37566137566137,
          321.16402116402116
        ],
        [
          347.43386243386243,
          284.1269841269841
        ],
        [
          311.98412698412693,
          282.53968253968253
        ]
      ],
      "group_id": null,
      "shape_type": "polygon",
      "flags": {}
    },
    {
      "label": "wood03",
      "points": [
        [
          58.01587301587301,
          258.2010582010582
        ],
        [
          61.71957671957671,
          319.04761904761904
        ],
        [
          202.98941798941797,
          233.33333333333331
        ],
        [
          200.34391534391534,
          207.93650793650792
        ],
        [
          205.1058201058201,
          202.64550264550263
        ],
        [
          202.98941798941797,
          187.83068783068782
        ],
        [
          147.43386243386243,
          216.40211640211638
        ],
        [
          162.77777777777777,
          231.21693121693121
        ],
        [
          124.15343915343914,
          255.026455026455
        ],
        [
          100.87301587301585,
          246.56084656084656
        ],
        [
          100.87301587301585,
          238.6243386243386
        ]
      ],
      "group_id": null,
      "shape_type": "polygon",
      "flags": {}
    },
    {
      "label": "wood04",
      "points": [
        [
          80.23809523809521,
          175.1322751322751
        ],
        [
          194.52380952380952,
          184.12698412698413
        ],
        [
          128.9153439153439,
          217.98941798941797
        ],
        [
          141.6137566137566,
          201.58730158730157
        ],
        [
          124.15343915343914,
          180.95238095238093
        ],
        [
          104.57671957671957,
          216.40211640211638
        ],
        [
          81.82539682539681,
          214.28571428571428
        ]
      ],
      "group_id": null,
      "shape_type": "polygon",
      "flags": {}
    },
    {
      "label": "wood05",
      "points": [
        [
          2.989417989417987,
          169.3121693121693
        ],
        [
          56.428571428571416,
          174.07407407407408
        ],
        [
          56.428571428571416,
          197.35449735449734
        ],
        [
          2.460317460317455,
          191.00529100529099
        ]
      ],
      "group_id": null,
      "shape_type": "polygon",
      "flags": {}
    },
    {
      "label": "wood06",
      "points": [
        [
          1.9312169312169232,
          221.69312169312167
        ],
        [
          37.38095238095238,
          228.04232804232802
        ],
        [
          59.074074074074076,
          216.40211640211638
        ],
        [
          103.5185185185185,
          220.1058201058201
        ],
        [
          102.98941798941797,
          228.04232804232802
        ],
        [
          75.47619047619045,
          244.44444444444443
        ],
        [
          59.60317460317458,
          244.44444444444443
        ],
        [
          9.86772486772486,
          271.4285714285714
        ],
        [
          55.37037037037035,
          276.19047619047615
        ],
        [
          58.01587301587301,
          317.989417989418
        ],
        [
          0.8730158730158593,
          309.5238095238095
        ],
        [
          0.8730158730158593,
          265.07936507936506
        ],
        [
          43.730158730158706,
          248.14814814814812
        ],
        [
          43.2010582010582,
          241.79894179894177
        ],
        [
          28.386243386243365,
          238.09523809523807
        ],
        [
          0.8730158730158593,
          237.56613756613754
        ]
      ],
      "group_id": null,
      "shape_type": "polygon",
      "flags": {}
    },
    {
      "label": "wood07",
      "points": [
        [
          65.95238095238093,
          323.28042328042324
        ],
        [
          225.7407407407407,
          354.4973544973545
        ],
        [
          241.6137566137566,
          338.6243386243386
        ],
        [
          273.35978835978835,
          286.2433862433862
        ],
        [
          311.98412698412693,
          283.06878306878303
        ],
        [
          348.49206349206344,
          284.1269841269841
        ],
        [
          371.77248677248673,
          289.9470899470899
        ],
        [
          462.7777777777777,
          302.64550264550263
        ],
        [
          455.8994708994709,
          415.87301587301585
        ],
        [
          467.01058201058197,
          384.1269841269841
        ],
        [
          475.4761904761905,
          266.66666666666663
        ],
        [
          421.5079365079365,
          262.96296296296293
        ],
        [
          412.51322751322743,
          278.3068783068783
        ],
        [
          356.95767195767195,
          274.0740740740741
        ],
        [
          365.4232804232804,
          255.026455026455
        ],
        [
          273.88888888888886,
          244.97354497354496
        ],
        [
          272.8306878306878,
          250.26455026455025
        ],
        [
          258.015873015873,
          253.43915343915342
        ],
        [
          268.5978835978836,
          255.55555555555554
        ],
        [
          268.06878306878303,
          261.90476190476187
        ],
        [
          238.96825396825392,
          268.25396825396825
        ],
        [
          255.89947089947088,
          276.19047619047615
        ],
        [
          220.97883597883595,
          305.8201058201058
        ],
        [
          184.47089947089944,
          301.05820105820106
        ],
        [
          186.05820105820106,
          294.1798941798942
        ],
        [
          217.80423280423275,
          268.78306878306876
        ],
        [
          206.69312169312167,
          256.08465608465605
        ],
        [
          202.98941798941797,
          233.33333333333331
        ],
        [
          63.835978835978835,
          317.4603174603174
        ]
      ],
      "group_id": null,
      "shape_type": "polygon",
      "flags": {}
    },
    {
      "label": "wood08",
      "points": [
        [
          217.80423280423275,
          183.5978835978836
        ],
        [
          354.8412698412698,
          194.7089947089947
        ],
        [
          350.07936507936506,
          249.2063492063492
        ],
        [
          272.8306878306878,
          243.38624338624336
        ],
        [
          262.2486772486772,
          196.29629629629628
        ],
        [
          217.27513227513225,
          200.0
        ]
      ],
      "group_id": null,
      "shape_type": "polygon",
      "flags": {}
    },
    {
      "label": "wood09",
      "points": [
        [
          379.1798941798941,
          197.35449735449734
        ],
        [
          456.9576719576719,
          205.2910052910053
        ],
        [
          456.42857142857144,
          260.8465608465608
        ],
        [
          422.5661375661375,
          259.7883597883598
        ],
        [
          426.79894179894177,
          247.6190476190476
        ],
        [
          375.4761904761904,
          239.68253968253967
        ]
      ],
      "group_id": null,
      "shape_type": "polygon",
      "flags": {}
    },
    {
      "label": "plastic03",
      "points": [
        [
          2.989417989417987,
          220.63492063492063
        ],
        [
          26.798941798941797,
          223.8095238095238
        ],
        [
          58.01587301587301,
          215.87301587301585
        ],
        [
          60.13227513227511,
          197.88359788359787
        ],
        [
          0.0,
          193.0
        ]
      ],
      "group_id": null,
      "shape_type": "polygon",
      "flags": {}
    },
    {
      "label": "plastic04",
      "points": [
        [
          17.27513227513228,
          268.78306878306876
        ],
        [
          45.3174603174603,
          271.4285714285714
        ],
        [
          54.84126984126982,
          267.1957671957672
        ],
        [
          59.074074074074076,
          253.96825396825395
        ],
        [
          76.53439153439152,
          246.03174603174602
        ],
        [
          58.01587301587301,
          243.38624338624336
        ]
      ],
      "group_id": null,
      "shape_type": "polygon",
      "flags": {}
    },
    {
      "label": "plastic06",
      "points": [
        [
          200.34391534391534,
          205.8201058201058
        ],
        [
          213.042328042328,
          258.73015873015873
        ],
        [
          222.56613756613757,
          257.67195767195767
        ],
        [
          269.1269841269841,
          248.14814814814812
        ],
        [
          259.0740740740741,
          196.29629629629628
        ],
        [
          209.3386243386243,
          204.76190476190476
        ],
        [
          209.86772486772486,
          208.46560846560845
        ],
        [
          254.84126984126982,
          200.5291005291005
        ],
        [
          263.3068783068783,
          240.2116402116402
        ],
        [
          218.33333333333331,
          247.08994708994706
        ],
        [
          209.3386243386243,
          203.17460317460316
        ]
      ],
      "group_id": null,
      "shape_type": "polygon",
      "flags": {}
    },
    {
      "label": "plastic09",
      "points": [
        [
          77.06349206349205,
          170.89947089947088
        ],
        [
          192.9365079365079,
          183.5978835978836
        ],
        [
          191.87830687830683,
          161.9047619047619
        ],
        [
          214.10052910052906,
          166.66666666666666
        ],
        [
          216.2169312169312,
          183.5978835978836
        ],
        [
          353.78306878306876,
          194.7089947089947
        ],
        [
          353.78306878306876,
          175.66137566137564
        ],
        [
          363.8359788359788,
          167.1957671957672
        ],
        [
          354.31216931216926,
          165.07936507936506
        ],
        [
          352.7248677248677,
          142.32804232804233
        ],
        [
          215.68783068783068,
          134.39153439153438
        ],
        [
          215.68783068783068,
          151.85185185185185
        ],
        [
          195.58201058201058,
          151.85185185185185
        ],
        [
          195.05291005291002,
          133.86243386243385
        ],
        [
          164.8941798941799,
          131.21693121693121
        ],
        [
          163.30687830687827,
          155.026455026455
        ],
        [
          139.49735449735448,
          155.55555555555554
        ],
        [
          138.96825396825395,
          150.26455026455025
        ],
        [
          114.10052910052909,
          150.26455026455025
        ],
        [
          115.68783068783068,
          129.1005291005291
        ],
        [
          76.53439153439152,
          124.86772486772486
        ],
        [
          75.47619047619045,
          143.9153439153439
        ],
        [
          44.25925925925924,
          147.61904761904762
        ],
        [
          44.25925925925924,
          151.32275132275132
        ],
        [
          77.06349206349205,
          154.49735449735448
        ]
      ],
      "group_id": null,
      "shape_type": "polygon",
      "flags": {}
    },
    {
      "label": "plastic05",
      "points": [
        [
          222.56613756613757,
          262.96296296296293
        ],
        [
          189.2328042328042,
          294.7089947089947
        ],
        [
          219.39153439153438,
          305.8201058201058
        ],
        [
          251.13756613756613,
          277.2486772486772
        ]
      ],
      "group_id": null,
      "shape_type": "polygon",
      "flags": {}
    },
    {
      "label": "fabric01",
      "points": [
        [
          253.25396825396825,
          399.47089947089944
        ],
        [
          343.7301587301587,
          425.39682539682536
        ],
        [
          337.38095238095235,
          377.2486772486772
        ],
        [
          276.5343915343915,
          372.48677248677245
        ]
      ],
      "group_id": null,
      "shape_type": "polygon",
      "flags": {}
    }
  ],
  "imagePath": "e736578.jpg",
  "imageData": "",
  "imageHeight": 512,
  "imageWidth": 512
}
