{
  "version": "4.5.6",
  "flags": {},
  "shapes": [
    {
      "label": "metal01",
      "points": [
        [
          62.77777777777777,
          226.98412698412696
        ],
        [
          122.03703703703701,
          232.27513227513225
        ],
        [
          109.86772486772486,
          160.3174603174603
        ],
        [
          83.94179894179894,
          152.38095238095238
        ]
      ],
      "group_id": null,
      "shape_type": "polygon",
      "flags": {}
    },
    {
      "label": "metal02",
      "points": [
        [
          446.37566137566137,
          177.24867724867724
        ],
        [
          437.3809523809523,
          217.46031746031744
        ],
        [
          476.0052910052909,
          216.9312169312169
        ],
        [
          463.3068783068783,
          175.66137566137564
        ]
      ],
      "group_id": null,
      "shape_type": "polygon",
      "flags": {}
    },
    {
      "label": "wood01",
      "points": [
        [
          64.89417989417987,
          339.15343915343914
        ],
        [
          1.4021164021163912,
          390.4761904761904
        ],
        [
          0.8730158730158593,
          499.99999999999994
        ],
        [
          100.87301587301585,
          494.7089947089947
        ],
        [
          191.87830687830683,
          306.3492063492063
        ],
        [
          190.82010582010582,
          294.7089947089947
        ],
        [
          146.90476190476187,
          295.23809523809524
        ],
        [
          120.44973544973544,
          307.9365079365079
        ],
        [
          114.10052910052909,
          307.4074074074074
        ],
        [
          90.29100529100529,
          325.39682539682536
        ],
        [
          92.93650793650792,
          330.6878306878307
        ],
        [
          164.8941798941799,
          328.57142857142856
        ],
        [
          155.37037037037038,
          341.26984126984127
        ],
        [
          91.87830687830686,
          338.0952380952381
        ],
        [
          89.76190476190476,
          346.031746031746
        ],
        [
          80.23809523809521,
          352.9100529100529
        ],
        [
          69.12698412698413,
          352.9100529100529
        ]
      ],
      "group_id": null,
      "shape_type": "polygon",
      "flags": {}
    },
    {
      "label": "wood02",
      "points": [
        [
          377.59259259259255,
          266.66666666666663
        ],
        [
          378.1216931216931,
          277.77777777777777
        ],
        [
          393.46560846560845,
          284.1269841269841
        ],
        [
          393.46560846560845,
          280.4232804232804
        ],
        [
          417.8042328042328,
          286.2433862433862
        ],
        [
          422.5661375661375,
          294.1798941798942
        ],
        [
          463.3068783068783,
          311.1111111111111
        ],
        [
          510.92592592592587,
          310.5820105820106
        ],
        [
          510.92592592592587,
          293.6507936507936
        ],
        [
          470.71428571428567,
          280.9523809523809
        ],
        [
          423.62433862433863,
          283.06878306878303
        ],
        [
          414.1005291005291,
          276.19047619047615
        ],
        [
          431.56084656084647,
          275.66137566137564
        ],
        [
          431.56084656084647,
          270.8994708994709
        ],
        [
          418.33333333333326,
          266.66666666666663
        ]
      ],
      "group_id": null,
      "shape_type": "polygon",
      "flags": {}
    },
    {
      "label": "metal01",
      "points": [
        [
          458.54497354497346,
          312.16931216931215
        ],
        [
          460.13227513227514,
          451.85185185185185
        ],
        [
          464.89417989417984,
          451.85185185185185
        ],
        [
          466.4814814814814,
          419.04761904761904
        ],
        [
          511,
          418
        ],
        [
          511,
          396
        ],
        [
          466.4814814814814,
          396.8253968253968
        ],
        [
          464.3650793650793,
          312.69841269841265
        ]
      ],
      "group_id": null,
      "shape_type": "polygon",
      "flags": {}
    },
    {
      "label": "glass01",
      "points": [
        [
          326.79894179894177,
          5.82010582010582
        ],
        [
          327.85714285714283,
          98.94179894179894
        ],
        [
          380.76719576719574,
          98.4126984126984
        ],
        [
          380.76719576719574,
          6.349206349206349
        ]
      ],
      "group_id": null,
      "shape_type": "polygon",
      "flags": {}
    },
    {
      "label": "glass02",
      "points": [
        [
          331.5608465608465,
          120.63492063492063
        ],
        [
          331.5608465608465,
          319.04761904761904
        ],
        [
          375.4761904761904,
          319.04761904761904
        ],
        [
          372.8306878306878,
          119.04761904761904
        ]
      ],
      "group_id": null,
      "shape_type": "polygon",
      "flags": {}
    },
    {
      "label": "glass03",
      "points": [
        [
          155.89947089947088,
          3.1746031746031744
        ],
        [
          156.95767195767195,
          98.94179894179894
        ],
        [
          193.46560846560845,
          98.94179894179894
        ],
        [
          192.9365079365079,
          4.761904761904762
        ]
      ],
      "group_id": null,
      "shape_type": "polygon",
      "flags": {}
    },
    {
      "label": "glass04",
      "points": [
        [
          202.4603174603174,
          5.82010582010582
        ],
        [
          201.4021164021164,
          98.4126984126984
        ],
        [
          240.02645502645498,
          98.4126984126984
        ],
        [
          240.55555555555554,
          6.349206349206349
        ]
      ],
      "group_id": null,
      "shape_type": "polygon",
      "flags": {}
    },
    {
      "label": "glass05",
      "points": [
        [
          250.07936507936506,
          6.349206349206349
        ],
        [
          248.4920634920635,
          98.94179894179894
        ],
        [
          288.7037037037037,
          98.4126984126984
        ],
        [
          288.17460317460313,
          7.4074074074074066
        ]
      ],
      "group_id": null,
      "shape_type": "polygon",
      "flags": {}
    },
    {
      "label": "glass06",
      "points": [
        [
          296.6402116402116,
          7.4074074074074066
        ],
        [
          296.6402116402116,
          98.4126984126984
        ],
        [
          318.8624338624338,
          98.4126984126984
        ],
        [
          317.80423280423275,
          6.878306878306878
        ]
      ],
      "group_id": null,
      "shape_type": "polygon",
      "flags": {}
    },
    {
      "label": "glass07",
      "points": [
        [
          158.54497354497352,
          111.1111111111111
        ],
        [
          159.60317460317458,
          214.28571428571428
        ],
        [
          193.99470899470896,
          213.75661375661375
        ],
        [
          193.46560846560845,
          110.58201058201057
        ]
      ],
      "group_id": null,
      "shape_type": "polygon",
      "flags": {}
    },
    {
      "label": "glass08",
      "points": [
        [
          204.57671957671954,
          113.22751322751321
        ],
        [
          204.57671957671954,
          210.58201058201058
        ],
        [
          238.43915343915342,
          210.58201058201058
        ],
        [
          239.49735449735448,
          113.22751322751321
        ]
      ],
      "group_id": null,
      "shape_type": "polygon",
      "flags": {}
    },
    {
      "label": "glass09",
      "points": [
        [
          250.07936507936506,
          111.64021164021163
        ],
        [
          249.021164021164,
          213.75661375661375
        ],
        [
          286.058201058201,
          213.2275132275132
        ],
        [
          287.11640211640207,
          111.64021164021163
        ]
      ],
      "group_id": null,
      "shape_type": "polygon",
      "flags": {}
    },
    {
      "label": "glass10",
      "points": [
        [
          296.6402116402116,
          111.64021164021163
        ],
        [
          295.5820105820106,
          212.69841269841268
        ],
        [
          317.80423280423275,
          212.69841269841268
        ],
        [
          318.8624338624338,
          110.58201058201057
        ]
      ],
      "group_id": null,
      "shape_type": "polygon",
      "flags": {}
    },
    {
      "label": "glass11",
      "points": [
        [
          158.54497354497352,
          224.86772486772486
        ],
        [
          158.015873015873,
          295.23809523809524
        ],
        [
          190.82010582010582,
          293.6507936507936
        ],
        [
          192.4074074074074,
          304.76190476190476
        ],
        [
          183.94179894179894,
          324.86772486772486
        ],
        [
          184.47089947089944,
          330.6878306878307
        ],
        [
          193.99470899470896,
          329.6296296296296
        ],
        [
          195.05291005291002,
          224.86772486772486
        ]
      ],
      "group_id": null,
      "shape_type": "polygon",
      "flags": {}
    },
    {
      "label": "glass12",
      "points": [
        [
          202.98941798941797,
          224.86772486772486
        ],
        [
          202.4603174603174,
          324.86772486772486
        ],
        [
          208.28042328042324,
          316.9312169312169
        ],
        [
          218.86243386243382,
          320.1058201058201
        ],
        [
          225.2116402116402,
          330.1587301587301
        ],
        [
          232.0899470899471,
          329.6296296296296
        ],
        [
          230.50264550264546,
          304.2328042328042
        ],
        [
          223.09523809523807,
          264.021164021164
        ],
        [
          229.97354497354496,
          251.32275132275132
        ],
        [
          241.08465608465605,
          251.32275132275132
        ],
        [
          240.02645502645498,
          224.86772486772486
        ]
      ],
      "group_id": null,
      "shape_type": "polygon",
      "flags": {}
    },
    {
      "label": "glass13",
      "points": [
        [
          249.021164021164,
          224.33862433862433
        ],
        [
          289.2328042328042,
          224.33862433862433
        ],
        [
          288.7037037037037,
          250.26455026455025
        ],
        [
          283.4126984126984,
          250.26455026455025
        ],
        [
          273.88888888888886,
          253.96825396825395
        ],
        [
          270.71428571428567,
          261.37566137566137
        ],
        [
          250.60846560846556,
          265.07936507936506
        ]
      ],
      "group_id": null,
      "shape_type": "polygon",
      "flags": {}
    },
    {
      "label": "glass14",
      "points": [
        [
          295.05291005291,
          225.92592592592592
        ],
        [
          296.1111111111111,
          253.43915343915342
        ],
        [
          300.34391534391534,
          258.2010582010582
        ],
        [
          300.34391534391534,
          271.4285714285714
        ],
        [
          298.2275132275132,
          277.77777777777777
        ],
        [
          298.2275132275132,
          325.9259259259259
        ],
        [
          306.69312169312167,
          326.4550264550264
        ],
        [
          311.4550264550264,
          324.3386243386243
        ],
        [
          307.75132275132273,
          312.16931216931215
        ],
        [
          314.6296296296296,
          283.06878306878303
        ],
        [
          316.7460317460317,
          299.47089947089944
        ],
        [
          318.8624338624338,
          294.7089947089947
        ],
        [
          317.27513227513225,
          224.86772486772486
        ]
      ],
      "group_id": null,
      "shape_type": "polygon",
      "flags": {}
    },
    {
      "label": "metal02",
      "points": [
        [
          217.27513227513225,
          369.31216931216926
        ],
        [
          215.68783068783068,
          379.36507936507934
        ],
        [
          208.8095238095238,
          386.77248677248673
        ],
        [
          161.7195767195767,
          390.4761904761904
        ],
        [
          149.021164021164,
          397.8835978835979
        ],
        [
          141.08465608465605,
          409.5238095238095
        ],
        [
          136.85185185185185,
          437.037037037037
        ],
        [
          134.73544973544972,
          476.19047619047615
        ],
        [
          143.20105820105817,
          486.77248677248673
        ],
        [
          141.08465608465605,
          509.5238095238095
        ],
        [
          149.021164021164,
          510.05291005291
        ],
        [
          149.55026455026456,
          508.99470899470896
        ],
        [
          154,
          511
        ],
        [
          170.71428571428572,
          510.5820105820105
        ],
        [
          202.4603174603174,
          494.7089947089947
        ],
        [
          202,
          511
        ],
        [
          209,
          511
        ],
        [
          208.28042328042324,
          464.021164021164
        ],
        [
          202.4603174603174,
          467.7248677248677
        ],
        [
          202.98941798941797,
          485.71428571428567
        ],
        [
          183.41269841269838,
          497.8835978835979
        ],
        [
          162.77777777777777,
          504.7619047619047
        ],
        [
          149.021164021164,
          501.58730158730157
        ],
        [
          150.07936507936506,
          486.77248677248673
        ],
        [
          195.05291005291002,
          472.48677248677245
        ],
        [
          196.64021164021165,
          490.4761904761904
        ],
        [
          199.81481481481478,
          486.77248677248673
        ],
        [
          198.75661375661372,
          469.31216931216926
        ],
        [
          208.28042328042324,
          465.60846560846556
        ],
        [
          210.92592592592592,
          394.7089947089947
        ],
        [
          205.1058201058201,
          395.76719576719574
        ],
        [
          201.4021164021164,
          446.031746031746
        ],
        [
          195.05291005291002,
          458.2010582010582
        ],
        [
          152.1957671957672,
          468.2539682539682
        ],
        [
          147.43386243386243,
          458.2010582010582
        ],
        [
          147.96296296296293,
          424.86772486772486
        ],
        [
          153.78306878306876,
          407.4074074074074
        ],
        [
          162.2486772486772,
          397.8835978835979
        ],
        [
          209.86772486772486,
          394.1798941798942
        ],
        [
          218.86243386243382,
          386.2433862433862
        ]
      ],
      "group_id": null,
      "shape_type": "polygon",
      "flags": {}
    }
  ],
  "imagePath": "29.jpg",
  "imageData": "",
  "imageHeight": 512,
  "imageWidth": 512
}
