{
  "version": "4.5.6",
  "flags": {},
  "shapes": [
    {
      "label": "glass01",
      "points": [
        [
          174.41798941798942,
          193.65079365079364
        ],
        [
          235.26455026455022,
          170.89947089947088
        ],
        [
          237.38095238095235,
          319.04761904761904
        ],
        [
          212.5132275132275,
          319.57671957671954
        ],
        [
          212.5132275132275,
          368.25396825396825
        ],
        [
          191.34920634920633,
          351.85185185185185
        ],
        [
          191.87830687830683,
          296.8253968253968
        ],
        [
          182.3544973544973,
          296.8253968253968
        ],
        [
          182.3544973544973,
          307.9365079365079
        ],
        [
          173.88888888888886,
          305.8201058201058
        ]
      ],
      "group_id": null,
      "shape_type": "polygon",
      "flags": {}
    },
    {
      "label": "glass02",
      "points": [
        [
          244.25925925925924,
          200.0
        ],
        [
          244.25925925925924,
          297.8835978835979
        ],
        [
          251.66666666666663,
          295.23809523809524
        ],
        [
          252.1957671957672,
          276.19047619047615
        ],
        [
          305.1058201058201,
          275.13227513227514
        ],
        [
          306.16402116402116,
          281.48148148148147
        ],
        [
          339.4973544973545,
          279.8941798941799
        ],
        [
          341.6137566137566,
          287.3015873015873
        ],
        [
          360.1322751322751,
          287.3015873015873
        ],
        [
          358.015873015873,
          273.015873015873
        ],
        [
          438.4391534391534,
          276.7195767195767
        ],
        [
          439.4973544973544,
          209.52380952380952
        ]
      ],
      "group_id": null,
      "shape_type": "polygon",
      "flags": {}
    },
    {
      "label": "glass03",
      "points": [
        [
          395.05291005291,
          418.5185185185185
        ],
        [
          395.5820105820105,
          478.8359788359788
        ],
        [
          479.1798941798942,
          460.3174603174603
        ],
        [
          479.1798941798942,
          405.82010582010577
        ]
      ],
      "group_id": null,
      "shape_type": "polygon",
      "flags": {}
    },
    {
      "label": "glass04",
      "points": [
        [
          277.59259259259255,
          360.3174603174603
        ],
        [
          277.06349206349205,
          398.4126984126984
        ],
        [
          336.3227513227513,
          389.9470899470899
        ],
        [
          337.38095238095235,
          353.9682539682539
        ]
      ],
      "group_id": null,
      "shape_type": "polygon",
      "flags": {}
    },
    {
      "label": "glass05",
      "points": [
        [
          221.5079365079365,
          328.042328042328
        ],
        [
          221.5079365079365,
          359.25925925925924
        ],
        [
          261.7195767195767,
          353.9682539682539
        ],
        [
          264.89417989417984,
          329.6296296296296
        ]
      ],
      "group_id": null,
      "shape_type": "polygon",
      "flags": {}
    },
    {
      "label": "plastic01",
      "points": [
        [
          340.55555555555554,
          340.7407407407407
        ],
        [
          339.4973544973545,
          401.58730158730157
        ],
        [
          385.5291005291005,
          417.4603174603174
        ],
        [
          391.3492063492063,
          355.026455026455
        ]
      ],
      "group_id": null,
      "shape_type": "polygon",
      "flags": {}
    },
    {
      "label": "glass06",
      "points": [
        [
          260.1322751322751,
          294.1798941798942
        ],
        [
          281.29629629629625,
          294.7089947089947
        ],
        [
          283.94179894179894,
          300.5291005291005
        ],
        [
          315.6878306878307,
          299.47089947089944
        ],
        [
          315.6878306878307,
          311.1111111111111
        ],
        [
          349.021164021164,
          311.64021164021165
        ],
        [
          366.48148148148147,
          317.989417989418
        ],
        [
          366.48148148148147,
          324.3386243386243
        ],
        [
          399.2857142857142,
          321.69312169312167
        ],
        [
          428.38624338624334,
          320.6349206349206
        ],
        [
          428.38624338624334,
          339.15343915343914
        ],
        [
          467.53968253968253,
          337.037037037037
        ],
        [
          468.068783068783,
          310.5820105820106
        ],
        [
          465.95238095238096,
          285.7142857142857
        ],
        [
          415.6878306878307,
          278.83597883597884
        ],
        [
          361.7195767195767,
          277.2486772486772
        ],
        [
          360.1322751322751,
          285.7142857142857
        ],
        [
          338.9682539682539,
          287.3015873015873
        ],
        [
          337.38095238095235,
          283.5978835978836
        ],
        [
          309.3386243386243,
          284.1269841269841
        ],
        [
          308.8095238095238,
          279.36507936507934
        ],
        [
          253.78306878306876,
          279.8941798941799
        ],
        [
          253.78306878306876,
          292.59259259259255
        ]
      ],
      "group_id": null,
      "shape_type": "polygon",
      "flags": {}
    },
    {
      "label": "wood01",
      "points": [
        [
          218.86243386243382,
          384.1269841269841
        ],
        [
          358.5449735449735,
          490.4761904761904
        ],
        [
          381.29629629629625,
          476.19047619047615
        ],
        [
          387.11640211640207,
          449.20634920634916
        ],
        [
          375.4761904761904,
          439.15343915343914
        ],
        [
          354.8412698412698,
          431.2169312169312
        ],
        [
          337.38095238095235,
          426.4550264550264
        ],
        [
          323.0952380952381,
          422.2222222222222
        ],
        [
          313.57142857142856,
          425.9259259259259
        ],
        [
          309.3386243386243,
          419.04761904761904
        ],
        [
          305.1058201058201,
          412.69841269841265
        ],
        [
          273.88888888888886,
          420.6349206349206
        ],
        [
          274.9470899470899,
          404.2328042328042
        ],
        [
          263.3068783068783,
          398.4126984126984
        ],
        [
          272.8306878306878,
          388.35978835978835
        ],
        [
          259.6031746031746,
          374.6031746031746
        ],
        [
          245.8465608465608,
          374.6031746031746
        ],
        [
          240.02645502645498,
          379.36507936507934
        ]
      ],
      "group_id": null,
      "shape_type": "polygon",
      "flags": {}
    },
    {
      "label": "wood02",
      "points": [
        [
          115.68783068783068,
          282.01058201058197
        ],
        [
          115.68783068783068,
          342.32804232804233
        ],
        [
          145.8465608465608,
          382.01058201058197
        ],
        [
          181.2962962962963,
          380.9523809523809
        ],
        [
          180.23809523809524,
          310.5820105820106
        ],
        [
          153.25396825396825,
          296.2962962962963
        ],
        [
          147.96296296296293,
          285.7142857142857
        ],
        [
          123.09523809523807,
          275.66137566137564
        ]
      ],
      "group_id": null,
      "shape_type": "polygon",
      "flags": {}
    }
  ],
  "imagePath": "193.jpg",
  "imageData": "",
  "imageHeight": 512,
  "imageWidth": 512
}
