{
  "version": "3.20.1",
  "flags": {},
  "shapes": [
    {
      "label": "fabric01",
      "line_color": null,
      "fill_color": null,
      "points": [
        [
          214.52173913043475,
          142.93478260869566
        ],
        [
          263.4347826086956,
          117.93478260869564
        ],
        [
          268.8695652173913,
          90.76086956521739
        ],
        [
          309.6304347826087,
          90.76086956521739
        ],
        [
          313.4347826086956,
          170.65217391304347
        ],
        [
          310.17391304347825,
          215.2173913043478
        ],
        [
          313.4347826086956,
          255.97826086956522
        ],
        [
          297.1304347826087,
          255.97826086956522
        ],
        [
          303.1086956521739,
          213.04347826086956
        ],
        [
          289.52173913043475,
          178.26086956521738
        ],
        [
          239.52173913043475,
          180.43478260869566
        ],
        [
          221.58695652173913,
          215.76086956521738
        ],
        [
          227.56521739130432,
          285.8695652173913
        ],
        [
          217.23913043478257,
          285.32608695652175
        ],
        [
          220.5,
          267.9347826086956
        ],
        [
          215.06521739130432,
          255.97826086956522
        ],
        [
          208.0,
          247.28260869565216
        ]
      ],
      "shape_type": "polygon",
      "flags": {}
    },
    {
      "label": "fabric02",
      "line_color": null,
      "fill_color": null,
      "points": [
        [
          385.17391304347825,
          83.69565217391305
        ],
        [
          436.8043478260869,
          78.80434782608695
        ],
        [
          486.2608695652174,
          75.0
        ],
        [
          486.8043478260869,
          119.02173913043478
        ],
        [
          484.0869565217391,
          125.54347826086956
        ],
        [
          485.71739130434776,
          138.04347826086956
        ],
        [
          485.71739130434776,
          191.8478260869565
        ],
        [
          472.67391304347825,
          201.08695652173913
        ],
        [
          462.3478260869565,
          215.2173913043478
        ],
        [
          459.0869565217391,
          187.5
        ],
        [
          402.5652173913044,
          186.41304347826087
        ],
        [
          383.0,
          214.67391304347825
        ],
        [
          384.63043478260863,
          265.2173913043478
        ],
        [
          367.2391304347826,
          260.32608695652175
        ],
        [
          358.5434782608695,
          245.65217391304347
        ],
        [
          379.7391304347826,
          123.3695652173913
        ]
      ],
      "shape_type": "polygon",
      "flags": {}
    },
    {
      "label": "fabric03",
      "line_color": null,
      "fill_color": null,
      "points": [
        [
          363.97826086956525,
          257.6086956521739
        ],
        [
          304.195652173913,
          267.39130434782606
        ],
        [
          302.02173913043475,
          271.7391304347826
        ],
        [
          297.1304347826087,
          287.5
        ],
        [
          300.9347826086956,
          302.7173913043478
        ],
        [
          313.4347826086956,
          279.3478260869565
        ],
        [
          338.4347826086956,
          270.1086956521739
        ],
        [
          361.2608695652174,
          275.0
        ],
        [
          375.9347826086956,
          278.80434782608694
        ],
        [
          397.67391304347825,
          279.3478260869565
        ],
        [
          396.0434782608695,
          323.3695652173913
        ],
        [
          426.47826086956525,
          328.2608695652174
        ],
        [
          437.3478260869565,
          320.65217391304344
        ],
        [
          446.0434782608695,
          323.3695652173913
        ],
        [
          450.9347826086956,
          333.695652173913
        ],
        [
          468.86956521739125,
          340.2173913043478
        ],
        [
          468.32608695652175,
          332.0652173913043
        ],
        [
          474.3043478260869,
          322.82608695652175
        ],
        [
          475.9347826086956,
          293.4782608695652
        ],
        [
          491.695652173913,
          286.4130434782609
        ],
        [
          467.2391304347826,
          292.9347826086956
        ],
        [
          447.67391304347825,
          289.67391304347825
        ],
        [
          424.3043478260869,
          277.17391304347825
        ],
        [
          424.3043478260869,
          272.82608695652175
        ],
        [
          386.8043478260869,
          266.8478260869565
        ],
        [
          369.9565217391304,
          260.8695652173913
        ]
      ],
      "shape_type": "polygon",
      "flags": {}
    },
    {
      "label": "fabric04",
      "line_color": null,
      "fill_color": null,
      "points": [
        [
          316.15217391304344,
          315.2173913043478
        ],
        [
          344.95652173913044,
          320.1086956521739
        ],
        [
          386.8043478260869,
          334.23913043478257
        ],
        [
          391.695652173913,
          340.2173913043478
        ],
        [
          398.21739130434776,
          354.89130434782606
        ],
        [
          389.52173913043475,
          371.195652173913
        ],
        [
          377.02173913043475,
          386.4130434782609
        ],
        [
          355.28260869565213,
          447.8260869565217
        ],
        [
          346.5869565217391,
          451.6304347826087
        ],
        [
          326.4782608695652,
          448.9130434782609
        ],
        [
          320.5,
          448.3695652173913
        ],
        [
          319.95652173913044,
          471.195652173913
        ],
        [
          298.7608695652174,
          478.2608695652174
        ],
        [
          301,
          511
        ],
        [
          291.695652173913,
          510.3260869565217
        ],
        [
          275.9347826086956,
          490.7608695652174
        ],
        [
          276.4782608695652,
          472.8260869565217
        ],
        [
          228.65217391304344,
          439.1304347826087
        ],
        [
          224.8478260869565,
          435.8695652173913
        ],
        [
          224.30434782608694,
          428.80434782608694
        ],
        [
          178.10869565217388,
          402.7173913043478
        ],
        [
          174.30434782608694,
          374.45652173913044
        ],
        [
          166.15217391304344,
          356.52173913043475
        ],
        [
          155.82608695652175,
          340.2173913043478
        ],
        [
          182.45652173913044,
          353.80434782608694
        ],
        [
          211.26086956521738,
          347.82608695652175
        ],
        [
          217.78260869565213,
          336.95652173913044
        ],
        [
          213.9782608695652,
          329.3478260869565
        ],
        [
          197.67391304347825,
          326.0869565217391
        ],
        [
          186.80434782608694,
          316.30434782608694
        ],
        [
          172.67391304347825,
          305.9782608695652
        ],
        [
          160.7173913043478,
          315.7608695652174
        ],
        [
          138.43478260869563,
          322.2826086956522
        ],
        [
          129.195652173913,
          316.8478260869565
        ],
        [
          122.13043478260869,
          302.7173913043478
        ],
        [
          108.0,
          295.1086956521739
        ],
        [
          97.13043478260869,
          290.7608695652174
        ],
        [
          84.08695652173913,
          293.4782608695652
        ],
        [
          63.434782608695656,
          300.0
        ],
        [
          56.913043478260846,
          289.67391304347825
        ],
        [
          52.02173913043478,
          286.4130434782609
        ],
        [
          101.47826086956519,
          277.7173913043478
        ],
        [
          129.195652173913,
          274.45652173913044
        ],
        [
          129.73913043478262,
          277.7173913043478
        ],
        [
          143.32608695652175,
          280.4347826086956
        ],
        [
          148.2173913043478,
          275.0
        ],
        [
          164.52173913043475,
          280.4347826086956
        ],
        [
          163.9782608695652,
          291.8478260869565
        ],
        [
          197.67391304347825,
          301.0869565217391
        ],
        [
          234.08695652173913,
          291.30434782608694
        ],
        [
          237.3478260869565,
          307.6086956521739
        ],
        [
          255.28260869565213,
          314.1304347826087
        ],
        [
          257.45652173913044,
          339.1304347826087
        ],
        [
          267.78260869565213,
          346.73913043478257
        ],
        [
          293.8695652173913,
          349.45652173913044
        ],
        [
          310.17391304347825,
          339.1304347826087
        ],
        [
          311.2608695652174,
          322.82608695652175
        ],
        [
          309.6304347826087,
          317.39130434782606
        ]
      ],
      "shape_type": "polygon",
      "flags": {}
    },
    {
      "label": "wood01",
      "line_color": null,
      "fill_color": null,
      "points": [
        [
          49.8478260869565,
          284.7826086956522
        ],
        [
          91.695652173913,
          277.7173913043478
        ],
        [
          86.26086956521738,
          257.0652173913043
        ],
        [
          75.93478260869563,
          246.7391304347826
        ],
        [
          57.45652173913044,
          244.02173913043478
        ],
        [
          43.32608695652172,
          247.82608695652172
        ],
        [
          31.913043478260875,
          260.32608695652175
        ],
        [
          31.913043478260875,
          273.3695652173913
        ],
        [
          35.717391304347814,
          278.2608695652174
        ],
        [
          25.934782608695656,
          279.89130434782606
        ],
        [
          24.847826086956502,
          290.2173913043478
        ],
        [
          33.0,
          314.1304347826087
        ],
        [
          49.30434782608694,
          366.8478260869565
        ],
        [
          44.95652173913044,
          378.2608695652174
        ],
        [
          48.217391304347814,
          385.8695652173913
        ],
        [
          28.65217391304347,
          439.1304347826087
        ],
        [
          36.80434782608694,
          445.65217391304344
        ],
        [
          48.217391304347814,
          415.7608695652174
        ],
        [
          73.76086956521738,
          429.89130434782606
        ],
        [
          69.41304347826085,
          470.1086956521739
        ],
        [
          74.30434782608694,
          476.6304347826087
        ],
        [
          81.36956521739128,
          476.6304347826087
        ],
        [
          84.08695652173913,
          448.9130434782609
        ],
        [
          88.97826086956522,
          465.2173913043478
        ],
        [
          97.67391304347825,
          471.73913043478257
        ],
        [
          100.93478260869563,
          476.6304347826087
        ],
        [
          95.5,
          488.04347826086956
        ],
        [
          102.02173913043475,
          491.8478260869565
        ],
        [
          109.08695652173913,
          485.86956521739125
        ],
        [
          142.23913043478262,
          507.6086956521739
        ],
        [
          159.08695652173913,
          489.67391304347825
        ],
        [
          160.17391304347825,
          509.78260869565213
        ],
        [
          171.58695652173913,
          508.695652173913
        ],
        [
          173.2173913043478,
          481.52173913043475
        ],
        [
          221.04347826086956,
          455.9782608695652
        ],
        [
          223.2173913043478,
          471.195652173913
        ],
        [
          212.89130434782606,
          482.0652173913043
        ],
        [
          217.23913043478257,
          500.54347826086956
        ],
        [
          240.06521739130432,
          487.5
        ],
        [
          230.82608695652175,
          444.5652173913043
        ],
        [
          223.76086956521738,
          435.8695652173913
        ],
        [
          224.30434782608694,
          429.3478260869565
        ],
        [
          178.10869565217388,
          402.7173913043478
        ],
        [
          173.2173913043478,
          369.5652173913043
        ],
        [
          166.15217391304344,
          354.89130434782606
        ],
        [
          145.5,
          330.9782608695652
        ],
        [
          128.10869565217388,
          319.02173913043475
        ],
        [
          108.0,
          313.5869565217391
        ],
        [
          100.39130434782606,
          314.67391304347825
        ],
        [
          91.695652173913,
          320.1086956521739
        ],
        [
          91.695652173913,
          336.95652173913044
        ],
        [
          105.82608695652175,
          369.5652173913043
        ],
        [
          87.89130434782606,
          358.695652173913
        ],
        [
          81.91304347826085,
          331.52173913043475
        ],
        [
          72.67391304347825,
          316.30434782608694
        ],
        [
          61.80434782608694,
          298.9130434782609
        ]
      ],
      "shape_type": "polygon",
      "flags": {}
    },
    {
      "label": "wood02",
      "line_color": null,
      "fill_color": null,
      "points": [
        [
          320.5,
          477.17391304347825
        ],
        [
          367.78260869565213,
          498.36956521739125
        ],
        [
          367.78260869565213,
          509.78260869565213
        ],
        [
          380.28260869565213,
          510.86956521739125
        ],
        [
          379.7391304347826,
          502.17391304347825
        ],
        [
          406.36956521739125,
          478.2608695652174
        ],
        [
          412.891304347826,
          484.23913043478257
        ],
        [
          415.0652173913044,
          504.3478260869565
        ],
        [
          424.8478260869565,
          510.86956521739125
        ],
        [
          429.7391304347826,
          508.15217391304344
        ],
        [
          416.1521739130435,
          446.73913043478257
        ],
        [
          417.78260869565213,
          417.9347826086956
        ],
        [
          433.5434782608695,
          371.73913043478257
        ],
        [
          441.1521739130435,
          366.8478260869565
        ],
        [
          438.97826086956525,
          380.9782608695652
        ],
        [
          434.0869565217391,
          386.95652173913044
        ],
        [
          439.52173913043475,
          400.0
        ],
        [
          447.67391304347825,
          395.65217391304344
        ],
        [
          448.7608695652174,
          386.4130434782609
        ],
        [
          448.7608695652174,
          378.2608695652174
        ],
        [
          449.3043478260869,
          365.2173913043478
        ],
        [
          444.4130434782609,
          358.15217391304344
        ],
        [
          446.0434782608695,
          346.195652173913
        ],
        [
          446.5869565217391,
          329.89130434782606
        ],
        [
          437.891304347826,
          322.2826086956522
        ],
        [
          418.86956521739125,
          332.6086956521739
        ],
        [
          404.7391304347826,
          348.9130434782609
        ],
        [
          392.2391304347826,
          365.2173913043478
        ],
        [
          385.17391304347825,
          376.6304347826087
        ],
        [
          368.32608695652175,
          405.9782608695652
        ],
        [
          364.52173913043475,
          430.4347826086956
        ],
        [
          357.4565217391304,
          444.02173913043475
        ],
        [
          348.21739130434776,
          451.0869565217391
        ],
        [
          333.54347826086956,
          451.0869565217391
        ],
        [
          321.5869565217391,
          451.0869565217391
        ],
        [
          321.04347826086956,
          462.5
        ]
      ],
      "shape_type": "polygon",
      "flags": {}
    },
    {
      "label": "wood03",
      "line_color": null,
      "fill_color": null,
      "points": [
        [
          302.5652173913043,
          301.0869565217391
        ],
        [
          307.45652173913044,
          288.5869565217391
        ],
        [
          322.1304347826087,
          277.17391304347825
        ],
        [
          326.4782608695652,
          276.0869565217391
        ],
        [
          336.80434782608694,
          270.65217391304344
        ],
        [
          348.7608695652174,
          272.82608695652175
        ],
        [
          374.8478260869565,
          277.7173913043478
        ],
        [
          390.6086956521739,
          277.7173913043478
        ],
        [
          399.8478260869565,
          278.2608695652174
        ],
        [
          397.13043478260863,
          297.2826086956522
        ],
        [
          396.5869565217391,
          321.73913043478257
        ],
        [
          395.5,
          341.30434782608694
        ],
        [
          376.47826086956525,
          331.52173913043475
        ],
        [
          355.82608695652175,
          320.65217391304344
        ],
        [
          336.2608695652174,
          318.4782608695652
        ],
        [
          322.67391304347825,
          315.7608695652174
        ],
        [
          311.80434782608694,
          315.7608695652174
        ]
      ],
      "shape_type": "polygon",
      "flags": {}
    },
    {
      "label": "wood04",
      "line_color": null,
      "fill_color": null,
      "points": [
        [
          233.54347826086956,
          284.7826086956522
        ],
        [
          235.17391304347825,
          278.2608695652174
        ],
        [
          243.32608695652175,
          264.1304347826087
        ],
        [
          255.28260869565213,
          254.89130434782606
        ],
        [
          275.9347826086956,
          259.7826086956522
        ],
        [
          284.6304347826087,
          270.1086956521739
        ],
        [
          288.4347826086956,
          286.95652173913044
        ],
        [
          278.1086956521739,
          297.82608695652175
        ],
        [
          244.41304347826087,
          295.1086956521739
        ],
        [
          228.10869565217388,
          286.95652173913044
        ]
      ],
      "shape_type": "polygon",
      "flags": {}
    },
    {
      "label": "wood05",
      "line_color": null,
      "fill_color": null,
      "points": [
        [
          478.1086956521739,
          294.5652173913043
        ],
        [
          465.0652173913044,
          402.17391304347825
        ],
        [
          475.9347826086956,
          404.3478260869565
        ],
        [
          480.82608695652175,
          375.54347826086956
        ],
        [
          494.4130434782609,
          367.39130434782606
        ],
        [
          493.86956521739125,
          380.9782608695652
        ],
        [
          500.9347826086956,
          379.89130434782606
        ],
        [
          506.9130434782609,
          344.02173913043475
        ],
        [
          510.17391304347825,
          277.7173913043478
        ],
        [
          503.1086956521739,
          279.3478260869565
        ],
        [
          502.5652173913044,
          285.8695652173913
        ]
      ],
      "shape_type": "polygon",
      "flags": {}
    },
    {
      "label": "glass01",
      "line_color": null,
      "fill_color": null,
      "points": [
        [
          235.17391304347825,
          190.2173913043478
        ],
        [
          235.17391304347825,
          219.02173913043478
        ],
        [
          283.54347826086956,
          219.56521739130434
        ],
        [
          286.80434782608694,
          184.2391304347826
        ]
      ],
      "shape_type": "polygon",
      "flags": {}
    },
    {
      "label": "glass02",
      "line_color": null,
      "fill_color": null,
      "points": [
        [
          403.6521739130435,
          196.7391304347826
        ],
        [
          399.3043478260869,
          258.695652173913
        ],
        [
          411.8043478260869,
          254.3478260869565
        ],
        [
          425.391304347826,
          259.7826086956522
        ],
        [
          425.391304347826,
          252.17391304347825
        ],
        [
          437.3478260869565,
          249.45652173913044
        ],
        [
          440.6086956521739,
          228.80434782608694
        ],
        [
          457.4565217391304,
          217.93478260869566
        ],
        [
          454.7391304347826,
          195.65217391304347
        ],
        [
          410.17391304347825,
          190.76086956521738
        ]
      ],
      "shape_type": "polygon",
      "flags": {}
    }
  ],
  "lineColor": [
    0,
    255,
    0,
    128
  ],
  "fillColor": [
    255,
    0,
    0,
    128
  ],
  "imagePath": "..\\pic\\3.jpg",
  "imageData": "",
  "imageHeight": 512,
  "imageWidth": 512
}
