{
  "version": "3.20.1",
  "flags": {},
  "shapes": [
    {
      "label": "fabric01",
      "line_color": null,
      "fill_color": null,
      "points": [
        [
          510.71739130434776,
          219.56521739130434
        ],
        [
          491.1521739130435,
          209.2391304347826
        ],
        [
          484.0869565217391,
          220.65217391304347
        ],
        [
          437.3478260869565,
          236.95652173913044
        ],
        [
          387.891304347826,
          244.56521739130434
        ],
        [
          383.5434782608695,
          252.7173913043478
        ],
        [
          390.0652173913044,
          281.52173913043475
        ],
        [
          386.8043478260869,
          286.95652173913044
        ],
        [
          391.695652173913,
          301.0869565217391
        ],
        [
          366.695652173913,
          302.7173913043478
        ],
        [
          346.0434782608695,
          305.9782608695652
        ],
        [
          337.89130434782606,
          301.0869565217391
        ],
        [
          324.8478260869565,
          306.52173913043475
        ],
        [
          312.3478260869565,
          300.0
        ],
        [
          299.30434782608694,
          302.17391304347825
        ],
        [
          287.89130434782606,
          306.52173913043475
        ],
        [
          278.65217391304344,
          313.5869565217391
        ],
        [
          278.1086956521739,
          320.1086956521739
        ],
        [
          223.76086956521738,
          332.6086956521739
        ],
        [
          202.02173913043475,
          364.1304347826087
        ],
        [
          201.4782608695652,
          373.9130434782609
        ],
        [
          206.91304347826087,
          408.15217391304344
        ],
        [
          228.65217391304344,
          414.1304347826087
        ],
        [
          235.7173913043478,
          421.195652173913
        ],
        [
          265.0652173913043,
          425.54347826086956
        ],
        [
          371.0434782608695,
          509.78260869565213
        ],
        [
          451.47826086956525,
          509.78260869565213
        ],
        [
          477.5652173913044,
          508.695652173913
        ],
        [
          509.63043478260863,
          486.95652173913044
        ]
      ],
      "shape_type": "polygon",
      "flags": {}
    },
    {
      "label": "fabric02",
      "line_color": null,
      "fill_color": null,
      "points": [
        [
          194.95652173913044,
          510.3260869565217
        ],
        [
          241.695652173913,
          488.04347826086956
        ],
        [
          265,
          511
        ]
      ],
      "shape_type": "polygon",
      "flags": {}
    },
    {
      "label": "wood01",
      "line_color": null,
      "fill_color": null,
      "points": [
        [
          204.73913043478257,
          408.15217391304344
        ],
        [
          204.73913043478257,
          422.82608695652175
        ],
        [
          211.80434782608694,
          425.54347826086956
        ],
        [
          214.52173913043475,
          420.65217391304344
        ],
        [
          227.56521739130432,
          433.695652173913
        ],
        [
          224.30434782608694,
          442.9347826086956
        ],
        [
          223.2173913043478,
          469.02173913043475
        ],
        [
          267.23913043478257,
          510.3260869565217
        ],
        [
          359.63043478260863,
          510.3260869565217
        ],
        [
          330.28260869565213,
          491.30434782608694
        ],
        [
          306.9130434782609,
          462.5
        ],
        [
          256.9130434782609,
          425.54347826086956
        ],
        [
          234.6304347826087,
          422.28260869565213
        ],
        [
          229.195652173913,
          415.2173913043478
        ]
      ],
      "shape_type": "polygon",
      "flags": {}
    },
    {
      "label": "plastic01",
      "line_color": null,
      "fill_color": null,
      "points": [
        [
          236.80434782608694,
          58.69565217391304
        ],
        [
          240.06521739130432,
          222.82608695652172
        ],
        [
          327.02173913043475,
          217.39130434782606
        ],
        [
          329.195652173913,
          70.65217391304347
        ],
        [
          241.695652173913,
          61.41304347826087
        ]
      ],
      "shape_type": "polygon",
      "flags": {}
    }
  ],
  "lineColor": [
    0,
    255,
    0,
    128
  ],
  "fillColor": [
    255,
    0,
    0,
    128
  ],
  "imagePath": "..\\pic\\499.jpg",
  "imageData": "",
  "imageHeight": 512,
  "imageWidth": 512
}
