{
  "version": "3.20.1",
  "flags": {},
  "shapes": [
    {
      "label": "glass01",
      "line_color": null,
      "fill_color": null,
      "points": [
        [
          57.45652173913044,
          278.2608695652174
        ],
        [
          59.63043478260869,
          312.5
        ],
        [
          79.7391304347826,
          310.32608695652175
        ],
        [
          77.02173913043478,
          277.17391304347825
        ]
      ],
      "shape_type": "polygon",
      "flags": {}
    },
    {
      "label": "wood01",
      "line_color": null,
      "fill_color": null,
      "points": [
        [
          33.54347826086956,
          298.3695652173913
        ],
        [
          2.565217391304344,
          305.9782608695652
        ],
        [
          1.4782608695652186,
          435.3260869565217
        ],
        [
          39.52173913043478,
          474.45652173913044
        ],
        [
          104.195652173913,
          439.67391304347825
        ],
        [
          98.21739130434781,
          309.7826086956522
        ],
        [
          79.19565217391303,
          296.7391304347826
        ],
        [
          80.28260869565216,
          310.8695652173913
        ],
        [
          60.17391304347825,
          311.95652173913044
        ],
        [
          58.54347826086956,
          301.6304347826087
        ],
        [
          52.02173913043478,
          304.89130434782606
        ],
        [
          42.239130434782595,
          304.89130434782606
        ],
        [
          36.80434782608694,
          303.2608695652174
        ]
      ],
      "shape_type": "polygon",
      "flags": {}
    },
    {
      "label": "fabric01",
      "line_color": null,
      "fill_color": null,
      "points": [
        [
          298.7608695652174,
          1.6304347826086956
        ],
        [
          293.3260869565217,
          225.54347826086956
        ],
        [
          299.30434782608694,
          227.7173913043478
        ],
        [
          299.30434782608694,
          234.78260869565216
        ],
        [
          314.52173913043475,
          237.5
        ],
        [
          315.0652173913043,
          263.04347826086956
        ],
        [
          424.8478260869565,
          288.04347826086956
        ],
        [
          428.6521739130435,
          233.15217391304347
        ],
        [
          458.5434782608695,
          222.28260869565216
        ],
        [
          511,
          229
        ],
        [
          511,
          0
        ]
      ],
      "shape_type": "polygon",
      "flags": {}
    },
    {
      "label": "wood02",
      "line_color": null,
      "fill_color": null,
      "points": [
        [
          286.80434782608694,
          234.78260869565216
        ],
        [
          281.9130434782609,
          235.86956521739128
        ],
        [
          296.04347826086956,
          257.6086956521739
        ],
        [
          311.80434782608694,
          261.95652173913044
        ],
        [
          311.80434782608694,
          238.04347826086956
        ],
        [
          302.5652173913043,
          234.78260869565216
        ],
        [
          300.39130434782606,
          241.8478260869565
        ],
        [
          295.5,
          243.47826086956522
        ],
        [
          292.78260869565213,
          243.47826086956522
        ]
      ],
      "shape_type": "polygon",
      "flags": {}
    },
    {
      "label": "fabric02",
      "line_color": null,
      "fill_color": null,
      "points": [
        [
          115.60869565217388,
          286.95652173913044
        ],
        [
          111.26086956521738,
          275.54347826086956
        ],
        [
          130.2826086956522,
          250.0
        ],
        [
          180.82608695652175,
          233.69565217391303
        ],
        [
          207.45652173913044,
          233.69565217391303
        ],
        [
          254.195652173913,
          225.54347826086956
        ],
        [
          268.8695652173913,
          228.80434782608694
        ],
        [
          286.2608695652174,
          241.30434782608694
        ],
        [
          298.2173913043478,
          262.5
        ],
        [
          443.86956521739125,
          292.9347826086956
        ],
        [
          453.1086956521739,
          301.0869565217391
        ],
        [
          454.195652173913,
          315.2173913043478
        ],
        [
          390.6086956521739,
          408.695652173913
        ],
        [
          383.5434782608695,
          424.45652173913044
        ],
        [
          356.9130434782609,
          451.0869565217391
        ],
        [
          333.0,
          453.80434782608694
        ],
        [
          99.8478260869565,
          337.5
        ],
        [
          99.30434782608694,
          308.695652173913
        ],
        [
          87.3478260869565,
          301.6304347826087
        ],
        [
          94.95652173913044,
          294.5652173913043
        ]
      ],
      "shape_type": "polygon",
      "flags": {}
    },
    {
      "label": "wood03",
      "line_color": null,
      "fill_color": null,
      "points": [
        [
          102.02173913043475,
          381.52173913043475
        ],
        [
          100.93478260869563,
          339.1304347826087
        ],
        [
          347.67391304347825,
          460.8695652173913
        ],
        [
          454.7391304347826,
          315.7608695652174
        ],
        [
          458.0,
          315.7608695652174
        ],
        [
          457.4565217391304,
          357.6086956521739
        ],
        [
          365.0652173913044,
          509.78260869565213
        ],
        [
          313.9782608695652,
          509.23913043478257
        ]
      ],
      "shape_type": "polygon",
      "flags": {}
    },
    {
      "label": "fabric03",
      "line_color": null,
      "fill_color": null,
      "points": [
        [
          504.7391304347826,
          346.73913043478257
        ],
        [
          461.8043478260869,
          329.89130434782606
        ],
        [
          460.17391304347825,
          313.04347826086956
        ],
        [
          455.28260869565213,
          313.04347826086956
        ],
        [
          454.7391304347826,
          300.0
        ],
        [
          442.78260869565213,
          292.39130434782606
        ],
        [
          424.3043478260869,
          287.5
        ],
        [
          427.5652173913044,
          235.32608695652172
        ],
        [
          457.4565217391304,
          222.28260869565216
        ],
        [
          511,
          229
        ],
        [
          511,
          346
        ]
      ],
      "shape_type": "polygon",
      "flags": {}
    }
  ],
  "lineColor": [
    0,
    255,
    0,
    128
  ],
  "fillColor": [
    255,
    0,
    0,
    128
  ],
  "imagePath": "..\\pic\\514.jpg",
  "imageData": "",
  "imageHeight": 512,
  "imageWidth": 512
}
