{
  "version": "3.20.1",
  "flags": {},
  "shapes": [
    {
      "label": "fabric01",
      "line_color": null,
      "fill_color": null,
      "points": [
        [
          121.16931216931215,
          343.9153439153439
        ],
        [
          133.3386243386243,
          383.5978835978836
        ],
        [
          132.8095238095238,
          444.97354497354496
        ],
        [
          142.86243386243382,
          456.08465608465605
        ],
        [
          168.78835978835974,
          455.55555555555554
        ],
        [
          199.47619047619042,
          508.46560846560845
        ],
        [
          239.68783068783068,
          507.4074074074074
        ],
        [
          349.74074074074076,
          463.49206349206344
        ],
        [
          417.4656084656084,
          434.3915343915344
        ],
        [
          419.5820105820105,
          440.7407407407407
        ],
        [
          433.3386243386243,
          440.2116402116402
        ],
        [
          440.7460317460317,
          426.98412698412693
        ],
        [
          438.62962962962956,
          400.5291005291005
        ],
        [
          468.25925925925924,
          391.005291005291
        ],
        [
          469.8465608465608,
          343.38624338624334
        ],
        [
          463.4973544973544,
          337.037037037037
        ],
        [
          464.026455026455,
          320.1058201058201
        ],
        [
          455.031746031746,
          304.2328042328042
        ],
        [
          446.5661375661375,
          297.8835978835979
        ],
        [
          398.41798941798936,
          278.3068783068783
        ],
        [
          380.9576719576719,
          278.3068783068783
        ],
        [
          341.8042328042328,
          294.1798941798942
        ],
        [
          341.27513227513225,
          301.05820105820106
        ],
        [
          341.8042328042328,
          304.2328042328042
        ],
        [
          344.4497354497354,
          310.5820105820106
        ],
        [
          353.9735449735449,
          312.16931216931215
        ],
        [
          346.5661375661375,
          317.989417989418
        ],
        [
          339.1587301587301,
          316.4021164021164
        ],
        [
          312.17460317460313,
          320.6349206349206
        ],
        [
          280.95767195767195,
          327.5132275132275
        ],
        [
          227.51851851851848,
          332.80423280423275
        ],
        [
          176.7248677248677,
          341.79894179894177
        ],
        [
          140.74603174603175,
          340.2116402116402
        ],
        [
          124.34391534391534,
          339.68253968253964
        ]
      ],
      "shape_type": "polygon",
      "flags": {}
    },
    {
      "label": "fabric02",
      "line_color": null,
      "fill_color": null,
      "points": [
        [
          141.27513227513225,
          280.9523809523809
        ],
        [
          310.058201058201,
          273.5449735449735
        ],
        [
          314.82010582010577,
          280.4232804232804
        ],
        [
          302.6507936507936,
          280.4232804232804
        ],
        [
          301.59259259259255,
          297.8835978835979
        ],
        [
          270.90476190476187,
          300.0
        ],
        [
          273.021164021164,
          303.7037037037037
        ],
        [
          293.1269841269841,
          314.2857142857143
        ],
        [
          316.4074074074074,
          312.69841269841265
        ],
        [
          316.4074074074074,
          319.04761904761904
        ],
        [
          198.41798941798942,
          335.97883597883595
        ],
        [
          176.7248677248677,
          341.79894179894177
        ],
        [
          139.68783068783068,
          337.56613756613757
        ],
        [
          139.15873015873012,
          289.9470899470899
        ]
      ],
      "shape_type": "polygon",
      "flags": {}
    },
    {
      "label": "fabric03",
      "line_color": null,
      "fill_color": null,
      "points": [
        [
          118.52380952380952,
          50.79365079365079
        ],
        [
          119.05291005291002,
          200.0
        ],
        [
          126.46031746031741,
          200.0
        ],
        [
          126.98941798941797,
          208.46560846560845
        ],
        [
          122.75661375661372,
          212.69841269841268
        ],
        [
          122.22751322751321,
          278.3068783068783
        ],
        [
          135.45502645502643,
          278.83597883597884
        ],
        [
          169.8465608465608,
          264.55026455026456
        ],
        [
          210.058201058201,
          255.026455026455
        ],
        [
          247.09523809523807,
          255.55555555555554
        ],
        [
          295.77248677248673,
          265.07936507936506
        ],
        [
          291.01058201058197,
          75.66137566137566
        ]
      ],
      "shape_type": "polygon",
      "flags": {}
    },
    {
      "label": "fabric04",
      "line_color": null,
      "fill_color": null,
      "points": [
        [
          54.50264550264549,
          248.14814814814812
        ],
        [
          66.14285714285711,
          239.68253968253967
        ],
        [
          101.06349206349205,
          247.6190476190476
        ],
        [
          96.8306878306878,
          280.9523809523809
        ],
        [
          96.30158730158729,
          330.6878306878307
        ],
        [
          98.41798941798942,
          367.7248677248677
        ],
        [
          73.55026455026456,
          365.60846560846556
        ],
        [
          70.37566137566137,
          353.4391534391534
        ],
        [
          58.20634920634919,
          288.88888888888886
        ]
      ],
      "shape_type": "polygon",
      "flags": {}
    },
    {
      "label": "wood01",
      "line_color": null,
      "fill_color": null,
      "points": [
        [
          329.6349206349206,
          125.39682539682539
        ],
        [
          511,
          57
        ],
        [
          511,
          227
        ],
        [
          495.2433862433862,
          226.98412698412696
        ],
        [
          493.1269841269841,
          226.45502645502643
        ],
        [
          406.8835978835979,
          223.8095238095238
        ],
        [
          406.8835978835979,
          224.86772486772486
        ],
        [
          380.42857142857144,
          225.92592592592592
        ],
        [
          332.80952380952374,
          229.62962962962962
        ],
        [
          332.80952380952374,
          217.98941798941797
        ],
        [
          335.4550264550264,
          214.8148148148148
        ],
        [
          333.3386243386243,
          132.80423280423278
        ]
      ],
      "shape_type": "polygon",
      "flags": {}
    },
    {
      "label": "wood02",
      "line_color": null,
      "fill_color": null,
      "points": [
        [
          465.61375661375655,
          312.69841269841265
        ],
        [
          480.9576719576719,
          315.87301587301585
        ],
        [
          481.48677248677245,
          324.86772486772486
        ],
        [
          483.074074074074,
          398.94179894179894
        ],
        [
          469.31746031746025,
          393.6507936507936
        ],
        [
          471.4338624338624,
          342.85714285714283
        ],
        [
          464.026455026455,
          337.56613756613757
        ],
        [
          465.084656084656,
          321.16402116402116
        ]
      ],
      "shape_type": "polygon",
      "flags": {}
    },
    {
      "label": "wood03",
      "line_color": null,
      "fill_color": null,
      "points": [
        [
          53.44444444444443,
          248.14814814814812
        ],
        [
          34.925925925925924,
          251.85185185185185
        ],
        [
          24.34391534391534,
          257.1428571428571
        ],
        [
          24.34391534391534,
          271.4285714285714
        ],
        [
          53.44444444444443,
          387.8306878306878
        ],
        [
          50.269841269841265,
          391.5343915343915
        ],
        [
          51.3280423280423,
          396.8253968253968
        ],
        [
          47.624338624338606,
          441.79894179894177
        ],
        [
          43.92063492063491,
          438.6243386243386
        ],
        [
          42.862433862433846,
          441.79894179894177
        ],
        [
          45.507936507936506,
          460.8465608465608
        ],
        [
          51.3280423280423,
          467.1957671957672
        ],
        [
          66.14285714285711,
          476.19047619047615
        ],
        [
          77.25396825396825,
          475.66137566137564
        ],
        [
          74.07936507936506,
          468.2539682539682
        ],
        [
          62.439153439153415,
          461.37566137566137
        ],
        [
          55.031746031746025,
          451.3227513227513
        ],
        [
          57.148148148148124,
          430.6878306878307
        ],
        [
          71.96296296296293,
          435.97883597883595
        ],
        [
          71.96296296296293,
          431.2169312169312
        ],
        [
          66.67195767195767,
          430.1587301587301
        ],
        [
          60.85185185185185,
          427.5132275132275
        ],
        [
          56.61904761904759,
          425.39682539682536
        ],
        [
          58.20634920634919,
          397.3544973544973
        ],
        [
          69.3174603174603,
          398.94179894179894
        ],
        [
          69.8465608465608,
          466.1375661375661
        ],
        [
          72.4920634920635,
          468.78306878306876
        ],
        [
          74.60846560846556,
          423.28042328042324
        ],
        [
          113.2328042328042,
          408.46560846560845
        ],
        [
          112.7037037037037,
          402.11640211640207
        ],
        [
          76.19576719576719,
          416.9312169312169
        ],
        [
          75.66666666666663,
          406.87830687830683
        ],
        [
          97.88888888888886,
          399.47089947089944
        ],
        [
          97.35978835978835,
          426.4550264550264
        ],
        [
          90.48148148148147,
          419.57671957671954
        ],
        [
          83.07407407407408,
          421.69312169312167
        ],
        [
          85.71957671957671,
          426.98412698412693
        ],
        [
          96.30158730158729,
          434.9206349206349
        ],
        [
          108.47089947089944,
          444.4444444444444
        ],
        [
          114.29100529100526,
          440.7407407407407
        ],
        [
          114.29100529100526,
          432.80423280423275
        ],
        [
          107.41269841269838,
          432.80423280423275
        ],
        [
          104.23809523809524,
          426.98412698412693
        ],
        [
          104.23809523809524,
          414.8148148148148
        ],
        [
          103.17989417989418,
          405.29100529100526
        ],
        [
          102.65079365079362,
          391.005291005291
        ],
        [
          111.11640211640207,
          385.71428571428567
        ],
        [
          110.58730158730157,
          334.3915343915344
        ],
        [
          116.9365079365079,
          341.79894179894177
        ],
        [
          124.87301587301585,
          340.2116402116402
        ],
        [
          128.04761904761904,
          325.39682539682536
        ],
        [
          125.4021164021164,
          320.6349206349206
        ],
        [
          113.76190476190476,
          324.86772486772486
        ],
        [
          105.82539682539681,
          325.9259259259259
        ],
        [
          98.94708994708992,
          324.3386243386243
        ],
        [
          97.88888888888886,
          301.58730158730157
        ],
        [
          97.35978835978835,
          301.58730158730157
        ],
        [
          98.41798941798942,
          368.25396825396825
        ],
        [
          72.4920634920635,
          366.66666666666663
        ],
        [
          71.43386243386243,
          351.3227513227513
        ],
        [
          59.793650793650784,
          288.88888888888886
        ]
      ],
      "shape_type": "polygon",
      "flags": {}
    },
    {
      "label": "wood04",
      "line_color": null,
      "fill_color": null,
      "points": [
        [
          81.48677248677245,
          451.3227513227513
        ],
        [
          79.37037037037038,
          455.55555555555554
        ],
        [
          83.60317460317458,
          508.46560846560845
        ],
        [
          166.1428571428571,
          510.5820105820105
        ],
        [
          160.85185185185185,
          501.058201058201
        ],
        [
          143.39153439153438,
          503.7037037037037
        ],
        [
          143.39153439153438,
          461.90476190476187
        ],
        [
          133.3386243386243,
          444.97354497354496
        ],
        [
          128.57671957671954,
          383.06878306878303
        ],
        [
          115.87830687830683,
          340.7407407407407
        ],
        [
          110.05820105820106,
          339.15343915343914
        ],
        [
          114.82010582010582,
          439.15343915343914
        ],
        [
          108.47089947089944,
          443.9153439153439
        ],
        [
          98.41798941798942,
          437.037037037037
        ],
        [
          96.30158730158729,
          442.85714285714283
        ],
        [
          87.30687830687827,
          447.0899470899471
        ]
      ],
      "shape_type": "polygon",
      "flags": {}
    }
  ],
  "lineColor": [
    0,
    255,
    0,
    128
  ],
  "fillColor": [
    255,
    0,
    0,
    128
  ],
  "imagePath": "..\\pic\\846.jpg",
  "imageData": "",
  "imageHeight": 512,
  "imageWidth": 512
}
