{
  "version": "4.5.6",
  "flags": {},
  "shapes": [
    {
      "label": "glass01",
      "points": [
        [
          44.25925925925924,
          157.14285714285714
        ],
        [
          113.04232804232802,
          159.25925925925924
        ],
        [
          114.62962962962962,
          304.76190476190476
        ],
        [
          107.75132275132273,
          294.7089947089947
        ],
        [
          62.77777777777777,
          296.8253968253968
        ],
        [
          69.12698412698413,
          283.06878306878303
        ],
        [
          51.66666666666666,
          283.06878306878303
        ]
      ],
      "group_id": null,
      "shape_type": "polygon",
      "flags": {}
    },
    {
      "label": "glass02",
      "points": [
        [
          144.25925925925924,
          157.67195767195767
        ],
        [
          206.16402116402116,
          156.08465608465607
        ],
        [
          207.75132275132273,
          260.8465608465608
        ],
        [
          191.34920634920633,
          276.19047619047615
        ],
        [
          186.58730158730157,
          293.6507936507936
        ],
        [
          177.59259259259255,
          302.64550264550263
        ],
        [
          151.13756613756613,
          308.99470899470896
        ],
        [
          144.25925925925924,
          311.64021164021165
        ]
      ],
      "group_id": null,
      "shape_type": "polygon",
      "flags": {}
    },
    {
      "label": "glass03",
      "points": [
        [
          238.43915343915342,
          155.55555555555554
        ],
        [
          238.43915343915342,
          287.8306878306878
        ],
        [
          267.53968253968253,
          296.2962962962963
        ],
        [
          297.69841269841265,
          297.3544973544973
        ],
        [
          298.2275132275132,
          152.38095238095238
        ]
      ],
      "group_id": null,
      "shape_type": "polygon",
      "flags": {}
    },
    {
      "label": "glass04",
      "points": [
        [
          331.5608465608465,
          149.2063492063492
        ],
        [
          329.97354497354496,
          295.76719576719574
        ],
        [
          374.9470899470899,
          301.58730158730157
        ],
        [
          374.9470899470899,
          310.05291005291
        ],
        [
          365.9523809523809,
          317.989417989418
        ],
        [
          389.7619047619047,
          319.04761904761904
        ],
        [
          389.7619047619047,
          142.85714285714286
        ]
      ],
      "group_id": null,
      "shape_type": "polygon",
      "flags": {}
    },
    {
      "label": "glass05",
      "points": [
        [
          429.44444444444446,
          140.2116402116402
        ],
        [
          431.56084656084647,
          324.3386243386243
        ],
        [
          463.83597883597884,
          329.6296296296296
        ],
        [
          468.59788359788354,
          321.16402116402116
        ],
        [
          489.7619047619047,
          322.22222222222223
        ],
        [
          490.29100529100526,
          132.80423280423278
        ]
      ],
      "group_id": null,
      "shape_type": "polygon",
      "flags": {}
    },
    {
      "label": "wood01",
      "points": [
        [
          30.502645502645493,
          141.7989417989418
        ],
        [
          262.2486772486772,
          138.6243386243386
        ],
        [
          413.57142857142856,
          122.75132275132275
        ],
        [
          510.92592592592587,
          107.4074074074074
        ],
        [
          511,
          139
        ],
        [
          511,
          330
        ],
        [
          502.46031746031747,
          324.3386243386243
        ],
        [
          491.34920634920627,
          333.3333333333333
        ],
        [
          491.34920634920627,
          131.21693121693121
        ],
        [
          428.9153439153439,
          137.56613756613757
        ],
        [
          424.1534391534391,
          323.28042328042324
        ],
        [
          438.968253968254,
          325.39682539682536
        ],
        [
          430.50264550264546,
          337.037037037037
        ],
        [
          409.86772486772486,
          334.9206349206349
        ],
        [
          410.92592592592587,
          311.1111111111111
        ],
        [
          393.46560846560845,
          316.9312169312169
        ],
        [
          393.46560846560845,
          140.2116402116402
        ],
        [
          330.50264550264546,
          147.61904761904762
        ],
        [
          328.9153439153439,
          297.8835978835979
        ],
        [
          299.8148148148148,
          295.76719576719574
        ],
        [
          301.9312169312169,
          149.2063492063492
        ],
        [
          238.96825396825392,
          154.49735449735448
        ],
        [
          235.79365079365078,
          249.73544973544972
        ],
        [
          226.79894179894177,
          277.77777777777777
        ],
        [
          218.33333333333331,
          276.7195767195767
        ],
        [
          215.68783068783068,
          266.66666666666663
        ],
        [
          210.39682539682536,
          264.021164021164
        ],
        [
          207.22222222222223,
          151.85185185185185
        ],
        [
          142.1428571428571,
          156.08465608465607
        ],
        [
          142.1428571428571,
          310.5820105820106
        ],
        [
          117.80423280423278,
          309.5238095238095
        ],
        [
          116.21693121693121,
          156.08465608465607
        ],
        [
          44.25925925925924,
          154.49735449735448
        ],
        [
          44.25925925925924,
          301.05820105820106
        ],
        [
          32.61904761904762,
          298.94179894179894
        ]
      ],
      "group_id": null,
      "shape_type": "polygon",
      "flags": {}
    },
    {
      "label": "wood02",
      "points": [
        [
          98.75661375661375,
          315.87301587301585
        ],
        [
          104.04761904761904,
          393.1216931216931
        ],
        [
          104.04761904761904,
          465.07936507936506
        ],
        [
          112.51322751322749,
          465.07936507936506
        ],
        [
          113.57142857142856,
          351.85185185185185
        ],
        [
          111.98412698412696,
          330.6878306878307
        ],
        [
          150.60846560846556,
          333.3333333333333
        ],
        [
          147.96296296296293,
          376.19047619047615
        ],
        [
          158.015873015873,
          392.06349206349205
        ],
        [
          155.89947089947088,
          393.6507936507936
        ],
        [
          114.10052910052909,
          386.77248677248673
        ],
        [
          114.62962962962962,
          392.06349206349205
        ],
        [
          140.55555555555554,
          400.5291005291005
        ],
        [
          142.1428571428571,
          436.5079365079365
        ],
        [
          147.96296296296293,
          468.78306878306876
        ],
        [
          152.7248677248677,
          469.31216931216926
        ],
        [
          167.01058201058197,
          419.57671957671954
        ],
        [
          194.52380952380952,
          412.69841269841265
        ],
        [
          192.9365079365079,
          384.1269841269841
        ],
        [
          167.01058201058197,
          392.59259259259255
        ],
        [
          156.4285714285714,
          378.3068783068783
        ],
        [
          156.95767195767195,
          334.9206349206349
        ],
        [
          163.30687830687827,
          330.6878306878307
        ],
        [
          162.2486772486772,
          322.22222222222223
        ],
        [
          154.84126984126982,
          315.87301587301585
        ],
        [
          105.1058201058201,
          312.16931216931215
        ]
      ],
      "group_id": null,
      "shape_type": "polygon",
      "flags": {}
    },
    {
      "label": "wood03",
      "points": [
        [
          195.05291005291002,
          328.042328042328
        ],
        [
          200.87301587301585,
          317.4603174603174
        ],
        [
          253.78306878306876,
          322.22222222222223
        ],
        [
          276.005291005291,
          335.97883597883595
        ],
        [
          272.8306878306878,
          344.97354497354496
        ],
        [
          264.36507936507934,
          344.97354497354496
        ],
        [
          264.89417989417984,
          394.1798941798942
        ],
        [
          271.2433862433862,
          404.76190476190476
        ],
        [
          299.2857142857143,
          392.59259259259255
        ],
        [
          298.2275132275132,
          413.2275132275132
        ],
        [
          302.989417989418,
          423.8095238095238
        ],
        [
          305.6349206349206,
          452.91005291005285
        ],
        [
          307.75132275132273,
          456.6137566137566
        ],
        [
          302.989417989418,
          467.1957671957672
        ],
        [
          291.87830687830683,
          460.3174603174603
        ],
        [
          292.4074074074074,
          411.1111111111111
        ],
        [
          277.59259259259255,
          421.16402116402116
        ],
        [
          269.65608465608466,
          426.4550264550264
        ],
        [
          268.06878306878303,
          466.1375661375661
        ],
        [
          258.015873015873,
          494.7089947089947
        ],
        [
          251.13756613756613,
          492.59259259259255
        ],
        [
          258.015873015873,
          459.25925925925924
        ],
        [
          260.1322751322751,
          416.40211640211635
        ],
        [
          245.3174603174603,
          415.34391534391534
        ],
        [
          242.67195767195767,
          455.55555555555554
        ],
        [
          233.14814814814815,
          455.55555555555554
        ],
        [
          231.03174603174602,
          412.69841269841265
        ],
        [
          223.62433862433858,
          412.16931216931215
        ],
        [
          209.3386243386243,
          486.2433862433862
        ],
        [
          201.4021164021164,
          486.2433862433862
        ],
        [
          201.4021164021164,
          403.17460317460313
        ],
        [
          219.92063492063488,
          403.17460317460313
        ],
        [
          262.77777777777777,
          409.5238095238095
        ],
        [
          252.1957671957672,
          390.4761904761904
        ],
        [
          228.38624338624334,
          386.77248677248673
        ],
        [
          209.3386243386243,
          394.1798941798942
        ],
        [
          215.15873015873012,
          403.17460317460313
        ],
        [
          201.4021164021164,
          404.2328042328042
        ]
      ],
      "group_id": null,
      "shape_type": "polygon",
      "flags": {}
    },
    {
      "label": "wood04",
      "points": [
        [
          307.2222222222222,
          403.17460317460313
        ],
        [
          322.037037037037,
          403.17460317460313
        ],
        [
          339.4973544973545,
          405.29100529100526
        ],
        [
          339.4973544973545,
          420.1058201058201
        ],
        [
          330.50264550264546,
          419.04761904761904
        ],
        [
          333.67724867724866,
          437.5661375661375
        ],
        [
          309.86772486772486,
          480.9523809523809
        ],
        [
          300.34391534391534,
          480.9523809523809
        ],
        [
          301.9312169312169,
          469.8412698412698
        ],
        [
          311.98412698412693,
          455.55555555555554
        ],
        [
          313.57142857142856,
          430.1587301587301
        ],
        [
          299.8148148148148,
          414.8148148148148
        ],
        [
          300.87301587301585,
          405.82010582010577
        ]
      ],
      "group_id": null,
      "shape_type": "polygon",
      "flags": {}
    },
    {
      "label": "wood05",
      "points": [
        [
          350.07936507936506,
          407.4074074074074
        ],
        [
          367.53968253968253,
          407.4074074074074
        ],
        [
          380.2380952380952,
          398.94179894179894
        ],
        [
          380.2380952380952,
          355.55555555555554
        ],
        [
          384.47089947089944,
          341.79894179894177
        ],
        [
          379.7089947089947,
          333.8624338624338
        ],
        [
          380.76719576719574,
          325.9259259259259
        ],
        [
          389.2328042328042,
          320.6349206349206
        ],
        [
          406.6931216931216,
          314.2857142857143
        ],
        [
          411.984126984127,
          374.0740740740741
        ],
        [
          404.04761904761904,
          394.7089947089947
        ],
        [
          406.16402116402116,
          434.9206349206349
        ],
        [
          415.6878306878307,
          473.015873015873
        ],
        [
          407.75132275132273,
          473.015873015873
        ],
        [
          394.5238095238095,
          441.79894179894177
        ],
        [
          391.87830687830683,
          411.6402116402116
        ],
        [
          389.7619047619047,
          413.2275132275132
        ],
        [
          388.17460317460313,
          450.2645502645502
        ],
        [
          392.4074074074074,
          469.31216931216926
        ],
        [
          400.8730158730158,
          489.9470899470899
        ],
        [
          389.7619047619047,
          494.7089947089947
        ],
        [
          377.59259259259255,
          468.78306878306876
        ],
        [
          370.71428571428567,
          418.5185185185185
        ],
        [
          351.66666666666663,
          424.3386243386243
        ]
      ],
      "group_id": null,
      "shape_type": "polygon",
      "flags": {}
    },
    {
      "label": "wood06",
      "points": [
        [
          287.64550264550263,
          311.64021164021165
        ],
        [
          344.78835978835974,
          316.9312169312169
        ],
        [
          351.66666666666663,
          307.4074074074074
        ],
        [
          343.7301587301587,
          301.05820105820106
        ],
        [
          299.8148148148148,
          298.94179894179894
        ],
        [
          288.17460317460313,
          300.5291005291005
        ]
      ],
      "group_id": null,
      "shape_type": "polygon",
      "flags": {}
    },
    {
      "label": "wood07",
      "points": [
        [
          96.64021164021162,
          319.57671957671954
        ],
        [
          86.05820105820104,
          322.22222222222223
        ],
        [
          78.12169312169311,
          328.57142857142856
        ],
        [
          78.12169312169311,
          338.6243386243386
        ],
        [
          82.35449735449734,
          430.6878306878307
        ],
        [
          88.17460317460316,
          430.1587301587301
        ],
        [
          89.76190476190476,
          358.73015873015873
        ],
        [
          100.87301587301585,
          360.3174603174603
        ]
      ],
      "group_id": null,
      "shape_type": "polygon",
      "flags": {}
    },
    {
      "label": "wood08",
      "points": [
        [
          70.18518518518516,
          301.58730158730157
        ],
        [
          73.35978835978835,
          317.989417989418
        ],
        [
          110.92592592592592,
          307.9365079365079
        ],
        [
          107.75132275132273,
          296.8253968253968
        ],
        [
          83.4126984126984,
          296.8253968253968
        ]
      ],
      "group_id": null,
      "shape_type": "polygon",
      "flags": {}
    },
    {
      "label": "wood09",
      "points": [
        [
          156.4285714285714,
          314.2857142857143
        ],
        [
          183.94179894179894,
          314.2857142857143
        ],
        [
          183.94179894179894,
          338.0952380952381
        ],
        [
          195.05291005291002,
          347.6190476190476
        ],
        [
          196.64021164021165,
          364.021164021164
        ],
        [
          157.48677248677245,
          357.67195767195767
        ],
        [
          158.54497354497352,
          335.97883597883595
        ],
        [
          162.77777777777777,
          331.2169312169312
        ],
        [
          160.66137566137564,
          322.22222222222223
        ]
      ],
      "group_id": null,
      "shape_type": "polygon",
      "flags": {}
    },
    {
      "label": "wood10",
      "points": [
        [
          113.04232804232802,
          330.6878306878307
        ],
        [
          114.10052910052909,
          356.6137566137566
        ],
        [
          147.96296296296293,
          362.96296296296293
        ],
        [
          150.60846560846556,
          333.3333333333333
        ]
      ],
      "group_id": null,
      "shape_type": "polygon",
      "flags": {}
    },
    {
      "label": "wood11",
      "points": [
        [
          258.015873015873,
          319.04761904761904
        ],
        [
          378.1216931216931,
          332.27513227513225
        ],
        [
          387.11640211640207,
          343.9153439153439
        ],
        [
          379.1798941798941,
          356.08465608465605
        ],
        [
          378.1216931216931,
          368.78306878306876
        ],
        [
          351.1375661375661,
          374.0740740740741
        ],
        [
          349.5502645502645,
          482.01058201058197
        ],
        [
          343.7301587301587,
          482.01058201058197
        ],
        [
          341.08465608465605,
          375.66137566137564
        ],
        [
          266.48148148148147,
          371.95767195767195
        ],
        [
          266.48148148148147,
          344.97354497354496
        ],
        [
          273.88888888888886,
          344.97354497354496
        ],
        [
          276.5343915343915,
          336.5079365079365
        ],
        [
          268.5978835978836,
          326.984126984127
        ]
      ],
      "group_id": null,
      "shape_type": "polygon",
      "flags": {}
    },
    {
      "label": "wood12",
      "points": [
        [
          4.576719576719569,
          391.005291005291
        ],
        [
          16.746031746031747,
          390.4761904761904
        ],
        [
          18.333333333333314,
          400.5291005291005
        ],
        [
          58.544973544973544,
          403.17460317460313
        ],
        [
          69.12698412698413,
          395.76719576719574
        ],
        [
          73.88888888888889,
          431.2169312169312
        ],
        [
          87.1164021164021,
          438.0952380952381
        ],
        [
          90.29100529100529,
          430.6878306878307
        ],
        [
          102.98941798941797,
          424.86772486772486
        ],
        [
          104.04761904761904,
          464.5502645502645
        ],
        [
          113.57142857142856,
          464.5502645502645
        ],
        [
          113.04232804232802,
          443.9153439153439
        ],
        [
          118.33333333333331,
          435.44973544973544
        ],
        [
          128.38624338624336,
          440.2116402116402
        ],
        [
          134.2063492063492,
          435.44973544973544
        ],
        [
          122.56613756613754,
          415.34391534391534
        ],
        [
          142.1428571428571,
          410.5820105820106
        ],
        [
          141.6137566137566,
          435.44973544973544
        ],
        [
          147.43386243386243,
          468.78306878306876
        ],
        [
          152.1957671957672,
          468.78306878306876
        ],
        [
          167.01058201058197,
          417.4603174603174
        ],
        [
          195.05291005291002,
          412.69841269841265
        ],
        [
          191.87830687830683,
          443.38624338624334
        ],
        [
          200.34391534391534,
          451.85185185185185
        ],
        [
          201.9312169312169,
          486.2433862433862
        ],
        [
          209.3386243386243,
          487.3015873015873
        ],
        [
          223.09523809523807,
          413.7566137566137
        ],
        [
          231.56084656084653,
          413.7566137566137
        ],
        [
          232.6190476190476,
          455.026455026455
        ],
        [
          243.20105820105817,
          455.026455026455
        ],
        [
          245.8465608465608,
          415.34391534391534
        ],
        [
          261.19047619047615,
          417.4603174603174
        ],
        [
          259.6031746031746,
          459.25925925925924
        ],
        [
          250.07936507936506,
          494.7089947089947
        ],
        [
          257.48677248677245,
          494.1798941798941
        ],
        [
          270.18518518518516,
          464.5502645502645
        ],
        [
          268.5978835978836,
          427.5132275132275
        ],
        [
          292.9365079365079,
          411.1111111111111
        ],
        [
          292.4074074074074,
          460.3174603174603
        ],
        [
          301.9312169312169,
          468.2539682539682
        ],
        [
          298.2275132275132,
          484.6560846560846
        ],
        [
          308.8095238095238,
          482.01058201058197
        ],
        [
          334.20634920634916,
          437.5661375661375
        ],
        [
          342.6719576719576,
          452.38095238095235
        ],
        [
          343.7301587301587,
          482.01058201058197
        ],
        [
          345.8465608465608,
          493.1216931216931
        ],
        [
          350.07936507936506,
          499.99999999999994
        ],
        [
          352.1957671957672,
          491.5343915343915
        ],
        [
          350.60846560846556,
          477.77777777777777
        ],
        [
          352.1957671957672,
          426.4550264550264
        ],
        [
          371.2433862433862,
          420.1058201058201
        ],
        [
          378.1216931216931,
          469.31216931216926
        ],
        [
          390.82010582010577,
          494.7089947089947
        ],
        [
          401.9312169312169,
          488.88888888888886
        ],
        [
          390.82010582010577,
          468.2539682539682
        ],
        [
          388.7037037037037,
          449.20634920634916
        ],
        [
          391.3492063492063,
          412.69841269841265
        ],
        [
          395.05291005291,
          443.9153439153439
        ],
        [
          408.80952380952374,
          475.66137566137564
        ],
        [
          415.1587301587301,
          473.5449735449735
        ],
        [
          406.6931216931216,
          434.3915343915344
        ],
        [
          406.6931216931216,
          412.16931216931215
        ],
        [
          412.51322751322743,
          414.2857142857143
        ],
        [
          444.25925925925924,
          457.6719576719576
        ],
        [
          454.3121693121693,
          450.7936507936508
        ],
        [
          470.1851851851851,
          462.96296296296293
        ],
        [
          509.3386243386243,
          461.90476190476187
        ],
        [
          510.3968253968253,
          508.99470899470896
        ],
        [
          0,
          508
        ],
        [
          0.8730158730158593,
          396.29629629629625
        ]
      ],
      "group_id": null,
      "shape_type": "polygon",
      "flags": {}
    }
  ],
  "imagePath": "f4392b4.jpg",
  "imageData": "",
  "imageHeight": 512,
  "imageWidth": 512
}
