{
  "version": "4.5.6",
  "flags": {},
  "shapes": [
    {
      "label": "fabric01",
      "points": [
        [
          198.75661375661372,
          197.88359788359787
        ],
        [
          206.69312169312167,
          453.4391534391534
        ],
        [
          270.18518518518516,
          454.4973544973545
        ],
        [
          266.48148148148147,
          198.94179894179894
        ]
      ],
      "group_id": null,
      "shape_type": "polygon",
      "flags": {}
    },
    {
      "label": "fabric02",
      "points": [
        [
          416.21693121693113,
          208.994708994709
        ],
        [
          401.9312169312169,
          453.9682539682539
        ],
        [
          454.84126984126976,
          452.91005291005285
        ],
        [
          467.01058201058197,
          211.64021164021162
        ]
      ],
      "group_id": null,
      "shape_type": "polygon",
      "flags": {}
    },
    {
      "label": "glass01",
      "points": [
        [
          274.9470899470899,
          241.79894179894177
        ],
        [
          276.5343915343915,
          329.6296296296296
        ],
        [
          386.58730158730157,
          335.44973544973544
        ],
        [
          387.64550264550263,
          247.08994708994706
        ]
      ],
      "group_id": null,
      "shape_type": "polygon",
      "flags": {}
    },
    {
      "label": "glass02",
      "points": [
        [
          274.4179894179894,
          349.20634920634916
        ],
        [
          274.9470899470899,
          422.2222222222222
        ],
        [
          341.6137566137566,
          430.1587301587301
        ],
        [
          333.1481481481481,
          410.5820105820106
        ],
        [
          336.85185185185185,
          406.87830687830683
        ],
        [
          329.97354497354496,
          391.5343915343915
        ],
        [
          342.1428571428571,
          376.7195767195767
        ],
        [
          349.5502645502645,
          391.5343915343915
        ],
        [
          379.7089947089947,
          396.29629629629625
        ],
        [
          390.82010582010577,
          407.9365079365079
        ],
        [
          389.2328042328042,
          355.026455026455
        ]
      ],
      "group_id": null,
      "shape_type": "polygon",
      "flags": {}
    },
    {
      "label": "wood01",
      "points": [
        [
          89.23280423280423,
          3.7037037037037033
        ],
        [
          84,
          511
        ],
        [
          86,
          511
        ],
        [
          152.7248677248677,
          509.5238095238095
        ],
        [
          152.1957671957672,
          93.65079365079364
        ],
        [
          125.2116402116402,
          1.0582010582010581
        ]
      ],
      "group_id": null,
      "shape_type": "polygon",
      "flags": {}
    },
    {
      "label": "wood02",
      "points": [
        [
          1.4021164021163912,
          2.1164021164021163
        ],
        [
          80.23809523809521,
          3.7037037037037033
        ],
        [
          82.88359788359787,
          510.5820105820105
        ],
        [
          0,
          510
        ]
      ],
      "group_id": null,
      "shape_type": "polygon",
      "flags": {}
    }
  ],
  "imagePath": "98.jpg",
  "imageData": "",
  "imageHeight": 512,
  "imageWidth": 512
}
