{
  "version": "3.20.1",
  "flags": {},
  "shapes": [
    {
      "label": "fabric01",
      "line_color": null,
      "fill_color": null,
      "points": [
        [
          80.65217391304347,
          70.65217391304347
        ],
        [
          98.58695652173913,
          76.08695652173913
        ],
        [
          136.6304347826087,
          121.73913043478261
        ],
        [
          149.1304347826087,
          322.2826086956522
        ],
        [
          88.80434782608694,
          333.695652173913
        ]
      ],
      "shape_type": "polygon",
      "flags": {}
    },
    {
      "label": "fabric02",
      "line_color": null,
      "fill_color": null,
      "points": [
        [
          177.93478260869563,
          164.1304347826087
        ],
        [
          209.45652173913044,
          190.76086956521738
        ],
        [
          219.23913043478257,
          404.3478260869565
        ],
        [
          213.80434782608694,
          404.89130434782606
        ],
        [
          211.08695652173913,
          320.65217391304344
        ],
        [
          198.04347826086956,
          314.67391304347825
        ],
        [
          185.0,
          320.65217391304344
        ]
      ],
      "shape_type": "polygon",
      "flags": {}
    },
    {
      "label": "fabric03",
      "line_color": null,
      "fill_color": null,
      "points": [
        [
          509.4565217391304,
          321.73913043478257
        ],
        [
          482.28260869565213,
          323.9130434782609
        ],
        [
          443.1521739130435,
          327.7173913043478
        ],
        [
          435.0,
          330.4347826086956
        ],
        [
          426.3043478260869,
          365.2173913043478
        ],
        [
          435.0,
          367.9347826086956
        ],
        [
          439.891304347826,
          364.1304347826087
        ],
        [
          446.9565217391304,
          373.9130434782609
        ],
        [
          465.4347826086956,
          379.3478260869565
        ],
        [
          471.4130434782609,
          383.695652173913
        ],
        [
          471.4130434782609,
          397.82608695652175
        ],
        [
          502.9347826086956,
          398.9130434782609
        ],
        [
          497.5,
          407.0652173913043
        ],
        [
          511,
          417
        ]
      ],
      "shape_type": "polygon",
      "flags": {}
    },
    {
      "label": "wood01",
      "line_color": null,
      "fill_color": null,
      "points": [
        [
          212.17391304347825,
          435.3260869565217
        ],
        [
          205.65217391304344,
          444.02173913043475
        ],
        [
          209.45652173913044,
          498.36956521739125
        ],
        [
          202.39130434782606,
          510.86956521739125
        ],
        [
          1.847826086956502,
          508.695652173913
        ],
        [
          50.76086956521738,
          455.4347826086956
        ],
        [
          111.63043478260869,
          466.30434782608694
        ]
      ],
      "shape_type": "polygon",
      "flags": {}
    },
    {
      "label": "wood02",
      "line_color": null,
      "fill_color": null,
      "points": [
        [
          443.1521739130435,
          305.4347826086956
        ],
        [
          474.13043478260863,
          308.15217391304344
        ],
        [
          475.21739130434776,
          302.17391304347825
        ],
        [
          510.0,
          304.89130434782606
        ],
        [
          510.0,
          318.4782608695652
        ],
        [
          443.695652173913,
          326.0869565217391
        ]
      ],
      "shape_type": "polygon",
      "flags": {}
    },
    {
      "label": "wood03",
      "line_color": null,
      "fill_color": null,
      "points": [
        [
          299.1304347826087,
          330.4347826086956
        ],
        [
          352.391304347826,
          328.80434782608694
        ],
        [
          352.391304347826,
          324.45652173913044
        ],
        [
          336.0869565217391,
          324.45652173913044
        ],
        [
          319.78260869565213,
          324.45652173913044
        ],
        [
          308.3695652173913,
          325.0
        ],
        [
          294.23913043478257,
          326.0869565217391
        ]
      ],
      "shape_type": "polygon",
      "flags": {}
    },
    {
      "label": "fabric04",
      "line_color": null,
      "fill_color": null,
      "points": [
        [
          286.0869565217391,
          350.0
        ],
        [
          290.4347826086956,
          426.0869565217391
        ],
        [
          310.54347826086956,
          435.3260869565217
        ],
        [
          338.80434782608694,
          434.23913043478257
        ],
        [
          355.1086956521739,
          427.17391304347825
        ],
        [
          377.391304347826,
          418.4782608695652
        ],
        [
          377.391304347826,
          345.1086956521739
        ],
        [
          364.891304347826,
          345.1086956521739
        ],
        [
          348.0434782608695,
          346.195652173913
        ],
        [
          324.67391304347825,
          346.195652173913
        ],
        [
          305.65217391304344,
          346.195652173913
        ]
      ],
      "shape_type": "polygon",
      "flags": {}
    },
    {
      "label": "fabric05",
      "line_color": null,
      "fill_color": null,
      "points": [
        [
          288.2608695652174,
          347.2826086956522
        ],
        [
          285.0,
          329.3478260869565
        ],
        [
          221.41304347826087,
          329.89130434782606
        ],
        [
          217.06521739130432,
          334.23913043478257
        ],
        [
          222.5,
          399.45652173913044
        ],
        [
          239.89130434782606,
          401.0869565217391
        ],
        [
          289.3478260869565,
          391.30434782608694
        ]
      ],
      "shape_type": "polygon",
      "flags": {}
    }
  ],
  "lineColor": [
    0,
    255,
    0,
    128
  ],
  "fillColor": [
    255,
    0,
    0,
    128
  ],
  "imagePath": "..\\pic\\557.jpg",
  "imageData": "",
  "imageHeight": 512,
  "imageWidth": 512
}
