{
  "version": "3.20.1",
  "flags": {},
  "shapes": [
    {
      "label": "fabric01",
      "line_color": null,
      "fill_color": null,
      "points": [
        [
          64.95238095238093,
          0.0
        ],
        [
          78.17989417989418,
          267.7248677248677
        ],
        [
          74.47619047619045,
          292.06349206349205
        ],
        [
          55.428571428571416,
          291.005291005291
        ],
        [
          36.91005291005291,
          295.23809523809524
        ],
        [
          31.08994708994709,
          308.46560846560845
        ],
        [
          39.02645502645501,
          332.27513227513225
        ],
        [
          35.322751322751316,
          342.85714285714283
        ],
        [
          65.48148148148147,
          361.90476190476187
        ],
        [
          76.06349206349205,
          368.25396825396825
        ],
        [
          15.216931216931215,
          402.11640211640207
        ],
        [
          10.455026455026442,
          407.9365079365079
        ],
        [
          1.989417989417987,
          413.2275132275132
        ],
        [
          0.9312169312169232,
          2.645502645502645
        ]
      ],
      "shape_type": "polygon",
      "flags": {}
    },
    {
      "label": "fabric02",
      "line_color": null,
      "fill_color": null,
      "points": [
        [
          0.4021164021163912,
          411.1111111111111
        ],
        [
          137.96825396825395,
          335.44973544973544
        ],
        [
          199.34391534391534,
          292.59259259259255
        ],
        [
          206.22222222222223,
          291.5343915343915
        ],
        [
          230.03174603174602,
          278.3068783068783
        ],
        [
          313.10052910052906,
          288.88888888888886
        ],
        [
          330.031746031746,
          297.3544973544973
        ],
        [
          322.0952380952381,
          312.16931216931215
        ],
        [
          333.7354497354497,
          311.1111111111111
        ],
        [
          339.026455026455,
          313.7566137566137
        ],
        [
          337.9682539682539,
          326.984126984127
        ],
        [
          332.1481481481481,
          343.38624338624334
        ],
        [
          335.3227513227513,
          353.4391534391534
        ],
        [
          338.4973544973545,
          422.75132275132273
        ],
        [
          331.6190476190476,
          426.4550264550264
        ],
        [
          317.8624338624338,
          455.55555555555554
        ],
        [
          276,
          511
        ],
        [
          71.30158730158729,
          510.5820105820105
        ],
        [
          61.77777777777777,
          497.8835978835979
        ],
        [
          60.190476190476176,
          491.005291005291
        ],
        [
          1.4603174603174551,
          460.3174603174603
        ]
      ],
      "shape_type": "polygon",
      "flags": {}
    },
    {
      "label": "metal01",
      "line_color": null,
      "fill_color": null,
      "points": [
        [
          1.4603174603174551,
          480.4232804232804
        ],
        [
          25.269841269841265,
          491.005291005291
        ],
        [
          26,
          511
        ],
        [
          40,
          511
        ],
        [
          37.96825396825395,
          497.3544973544973
        ],
        [
          53.84126984126982,
          507.9365079365079
        ],
        [
          54.37037037037035,
          510.5820105820105
        ],
        [
          69.7142857142857,
          509.5238095238095
        ],
        [
          58.60317460317458,
          491.5343915343915
        ],
        [
          41.14285714285714,
          477.77777777777777
        ],
        [
          0.9312169312169232,
          460.8465608465608
        ]
      ],
      "shape_type": "polygon",
      "flags": {}
    },
    {
      "label": "metal02",
      "line_color": null,
      "fill_color": null,
      "points": [
        [
          220.5079365079365,
          280.4232804232804
        ],
        [
          218.92063492063488,
          252.91005291005288
        ],
        [
          228.97354497354496,
          231.74603174603172
        ],
        [
          343.78835978835974,
          240.2116402116402
        ],
        [
          353.31216931216926,
          250.26455026455025
        ],
        [
          357.5449735449735,
          261.90476190476187
        ],
        [
          357.5449735449735,
          278.83597883597884
        ],
        [
          353.8412698412698,
          291.005291005291
        ],
        [
          354.3703703703703,
          265.07936507936506
        ],
        [
          342.7301587301587,
          247.6190476190476
        ],
        [
          333.20634920634916,
          247.08994708994706
        ],
        [
          333.7354497354497,
          278.83597883597884
        ],
        [
          331.0899470899471,
          280.9523809523809
        ],
        [
          329.50264550264546,
          294.1798941798942
        ],
        [
          326.85714285714283,
          294.1798941798942
        ],
        [
          326.85714285714283,
          247.6190476190476
        ],
        [
          247.4920634920635,
          239.68253968253967
        ],
        [
          245.37566137566137,
          276.7195767195767
        ],
        [
          241.67195767195767,
          275.13227513227514
        ],
        [
          241.67195767195767,
          238.09523809523807
        ],
        [
          235.85185185185185,
          236.5079365079365
        ],
        [
          228.97354497354496,
          237.56613756613754
        ],
        [
          225.79894179894177,
          245.5026455026455
        ],
        [
          225.79894179894177,
          249.73544973544972
        ],
        [
          223.68253968253964,
          264.55026455026456
        ]
      ],
      "shape_type": "polygon",
      "flags": {}
    },
    {
      "label": "metal03",
      "line_color": null,
      "fill_color": null,
      "points": [
        [
          198.28571428571428,
          83.5978835978836
        ],
        [
          198.28571428571428,
          221.69312169312167
        ],
        [
          201.98941798941797,
          222.2222222222222
        ]
      ],
      "shape_type": "polygon",
      "flags": {}
    },
    {
      "label": "metal04",
      "line_color": null,
      "fill_color": null,
      "points": [
        [
          368.1269841269841,
          62.43386243386243
        ],
        [
          366.53968253968253,
          235.44973544973544
        ],
        [
          372.88888888888886,
          229.62962962962962
        ]
      ],
      "shape_type": "polygon",
      "flags": {}
    },
    {
      "label": "plastic01",
      "line_color": null,
      "fill_color": null,
      "points": [
        [
          200.9312169312169,
          74.6031746031746
        ],
        [
          360.19047619047615,
          66.66666666666666
        ],
        [
          362.8359788359788,
          69.84126984126983
        ],
        [
          362.8359788359788,
          56.61375661375661
        ],
        [
          359.66137566137564,
          55.026455026455025
        ],
        [
          202.51851851851848,
          64.55026455026454
        ]
      ],
      "shape_type": "polygon",
      "flags": {}
    }
  ],
  "lineColor": [
    0,
    255,
    0,
    128
  ],
  "fillColor": [
    255,
    0,
    0,
    128
  ],
  "imagePath": "..\\pic\\895.jpg",
  "imageData": "",
  "imageHeight": 512,
  "imageWidth": 512
}
