{
  "version": "4.5.6",
  "flags": {},
  "shapes": [
    {
      "label": "fabric01",
      "points": [
        [
          2.989417989417987,
          318.5185185185185
        ],
        [
          292.4074074074074,
          294.7089947089947
        ],
        [
          296.6402116402116,
          356.08465608465605
        ],
        [
          325.2116402116402,
          370.3703703703703
        ],
        [
          328.9153439153439,
          417.4603174603174
        ],
        [
          307.75132275132273,
          410.05291005291
        ],
        [
          267.01058201058197,
          408.99470899470896
        ],
        [
          203.51851851851848,
          423.8095238095238
        ],
        [
          174.41798941798942,
          442.3280423280423
        ],
        [
          160.13227513227514,
          461.37566137566137
        ],
        [
          156.95767195767195,
          469.8412698412698
        ],
        [
          83.94179894179894,
          484.1269841269841
        ],
        [
          87.1164021164021,
          510.05291005291
        ],
        [
          0,
          509
        ]
      ],
      "group_id": null,
      "shape_type": "polygon",
      "flags": {}
    },
    {
      "label": "wood01",
      "points": [
        [
          347.43386243386243,
          299.47089947089944
        ],
        [
          344.78835978835974,
          372.48677248677245
        ],
        [
          430.50264550264546,
          422.2222222222222
        ],
        [
          435.2645502645503,
          331.2169312169312
        ],
        [
          454.84126984126976,
          325.9259259259259
        ],
        [
          455.8994708994709,
          317.989417989418
        ],
        [
          439.4973544973544,
          318.5185185185185
        ],
        [
          425.2116402116402,
          316.4021164021164
        ],
        [
          406.16402116402116,
          310.5820105820106
        ],
        [
          403.5185185185185,
          299.47089947089944
        ],
        [
          405.6349206349206,
          278.83597883597884
        ],
        [
          427.8571428571428,
          278.3068783068783
        ],
        [
          427.32804232804233,
          268.78306878306876
        ],
        [
          393.46560846560845,
          270.8994708994709
        ],
        [
          392.4074074074074,
          301.58730158730157
        ],
        [
          383.4126984126984,
          297.8835978835979
        ],
        [
          386.058201058201,
          292.59259259259255
        ]
      ],
      "group_id": null,
      "shape_type": "polygon",
      "flags": {}
    },
    {
      "label": "plastic01",
      "points": [
        [
          156.4285714285714,
          475.66137566137564
        ],
        [
          159.07407407407408,
          510.5820105820105
        ],
        [
          182.88359788359787,
          500.5291005291005
        ],
        [
          210.39682539682536,
          499.47089947089944
        ],
        [
          232.0899470899471,
          509.5238095238095
        ],
        [
          241,
          511
        ],
        [
          249.5502645502645,
          497.3544973544973
        ],
        [
          262.77777777777777,
          487.8306878306878
        ],
        [
          290.82010582010577,
          484.6560846560846
        ],
        [
          311.98412698412693,
          491.5343915343915
        ],
        [
          320.97883597883595,
          472.48677248677245
        ],
        [
          332.6190476190476,
          462.43386243386243
        ],
        [
          336.3227513227513,
          427.5132275132275
        ],
        [
          320.97883597883595,
          416.40211640211635
        ],
        [
          292.4074074074074,
          410.5820105820106
        ],
        [
          249.5502645502645,
          412.69841269841265
        ],
        [
          214.62962962962962,
          423.8095238095238
        ],
        [
          191.87830687830683,
          432.80423280423275
        ],
        [
          169.65608465608466,
          447.6190476190476
        ],
        [
          155.89947089947088,
          466.66666666666663
        ]
      ],
      "group_id": null,
      "shape_type": "polygon",
      "flags": {}
    },
    {
      "label": "plastic02",
      "points": [
        [
          463.83597883597884,
          299.47089947089944
        ],
        [
          452.1957671957672,
          345.50264550264546
        ],
        [
          434.7354497354497,
          347.6190476190476
        ],
        [
          434.7354497354497,
          373.015873015873
        ],
        [
          452.72486772486764,
          373.015873015873
        ],
        [
          454.3121693121693,
          393.6507936507936
        ],
        [
          468.59788359788354,
          381.48148148148147
        ],
        [
          482.8835978835979,
          301.05820105820106
        ]
      ],
      "group_id": null,
      "shape_type": "polygon",
      "flags": {}
    },
    {
      "label": "fabric02",
      "points": [
        [
          177.06349206349205,
          499.47089947089944
        ],
        [
          168.06878306878303,
          505.29100529100526
        ],
        [
          157.48677248677245,
          510.5820105820105
        ],
        [
          397.69841269841265,
          509.5238095238095
        ],
        [
          396.6402116402116,
          493.1216931216931
        ],
        [
          387.64550264550263,
          470.8994708994709
        ],
        [
          360.66137566137564,
          462.96296296296293
        ],
        [
          330.50264550264546,
          463.49206349206344
        ],
        [
          319.3915343915344,
          474.6031746031746
        ],
        [
          315.6878306878307,
          492.06349206349205
        ],
        [
          293.46560846560845,
          486.77248677248673
        ],
        [
          277.59259259259255,
          486.2433862433862
        ],
        [
          256.95767195767195,
          492.06349206349205
        ],
        [
          238.43915343915342,
          506.3492063492063
        ],
        [
          229.97354497354496,
          507.4074074074074
        ],
        [
          207.75132275132273,
          500.5291005291005
        ],
        [
          183.94179894179894,
          497.8835978835979
        ]
      ],
      "group_id": null,
      "shape_type": "polygon",
      "flags": {}
    }
  ],
  "imagePath": "163.jpg",
  "imageData": "",
  "imageHeight": 512,
  "imageWidth": 512
}
